 	Label	Area	Mean	StdDev	Mode	Min	Max	X	Y	XM	YM	Perim.	BX	BY	Width	Height	Major	Minor	Angle	Circ.	Feret	IntDen	Median	Skew	Kurt	%Area	XStart	YStart	Area_exc	Fractal	Skelarea	Slope	Histcum1	Histcum2	Histcum3	XMg5	YMg5	Nb1	Nb2	Nb3	Compentropy	Compmean	Compslope	CompM1	CompM2	CompM3	Symetrieh	Symetriev	Symetriehc	Symetrievc	Convperim	Convarea	Fcons	ThickR
1	estuario2_300_07agosto2013_600ml_tot_1	3218	166.191	58.965	243	76	247	60.848	40.581	61.009	40.149	426.801	11323	175	110	67	94.017	43.580	3.927	0.222	113.759	534804	177	-0.101	-1.647	0.249	11429	175	3210	1.185	303	0.210	101	176	223	0	0	1	2	0	0	0	0	0	0	0	3.316	3.309	3.892	3.877	350	4814	63.882	2.193
2	estuario2_300_07agosto2013_600ml_tot_1	6471	161.246	64.295	243	65	249	91.780	120.060	91.524	119.264	967.634	10511	179	177	242	293.895	28.034	56.721	0.087	294.688	1043423	155	0.041	-1.700	1.159	10678	179	6396	1.258	985	0.491	93	151	231	0	0	5	1	0	0	0	0	0	0	0	9.712	9.722	12.860	12.873	834	10270	283.218	1.825
3	estuario2_300_07agosto2013_600ml_tot_1	1771	175.531	44.282	139	82	243	55.926	22.523	56.038	22.290	295.907	14428	191	111	46	125.667	17.943	17.324	0.254	116.108	310865	162	0.122	-1.238	0	14528	191	1771	1.140	137	0.126	138	161	221	0	0	4	1	0	0	0	0	0	0	0	5.699	5.715	6.978	6.970	310	2098	12.356	1.427
4	estuario2_300_07agosto2013_600ml_tot_1	1289	208.926	22.930	242	136	243	23.897	34.381	23.847	34.499	216.392	10064	201	45	70	73.714	22.265	118.547	0.346	79.177	269305	210	-0.548	-0.077	0	10067	201	1289	1.116	106	0.113	194	209	226	0	0	3	4	0	0	0	0	0	0	0	3.503	3.554	3.521	3.584	226	1601	6.161	2.174
5	estuario2_300_07agosto2013_600ml_tot_1	1728	162.641	61.899	243	66	248	34.102	27.975	34.230	27.522	254.090	12392	254	65	52	55.940	39.331	29.023	0.336	69.354	281044	159	-0.062	-1.517	0.637	12421	254	1717	1.135	303	0.117	100	157	227	0	0	2	1	0	0	0	0	0	0	0	2.600	2.644	2.338	2.363	229	2106	47.846	3.429
6	estuario2_300_07agosto2013_600ml_tot_1	4658	153.698	71.317	243	39	246	42.064	47.148	43.445	50.437	491.897	8658	288	96	91	87.338	67.906	95.452	0.242	102.883	715924	175	-0.304	-1.497	0.172	8700	288	4650	1.179	514	0.233	73	174	218	0	0	1	2	0	0	0	0	0	0	0	2.450	2.464	2.213	2.179	370	6098	54.646	2.530
7	estuario2_300_07agosto2013_600ml_tot_1	1669	169.074	53.987	242	88	243	14.783	51.673	14.602	51.951	299.404	6477	326	25	101	110.068	19.307	88.618	0.234	101.494	282184	163	0.110	-1.644	0	6487	326	1669	1.161	191	0.129	114	162	227	0	0	4	1	0	0	0	0	0	0	0	4.412	4.462	5.547	5.550	248	2115	19.173	1.741
8	estuario2_300_07agosto2013_600ml_tot_1	1357	165.338	58.512	243	70	248	25.129	21.351	24.593	22.015	173.622	11691	329	47	42	44.714	38.641	9.735	0.566	50.249	224363	172	-0.149	-1.484	0.590	11715	329	1349	1.082	176	0.075	105	170	222	0	0	1	1	0	0	0	0	0	0	0	1.915	1.958	1.876	1.897	174	1502	11.596	1.927
9	estuario2_300_07agosto2013_600ml_tot_1	1441	127.906	75.233	58	45	243	22.678	21.367	22.611	21.077	186.108	10992	362	44	44	44.937	40.829	120.009	0.523	50.210	184312	90	0.437	-1.543	0	11024	362	1441	1.072	176	0.129	57	89	214	0	0	1	1	0	0	0	0	0	0	0	1.714	1.747	1.599	1.630	172	1582	16.793	2.031
10	estuario2_300_07agosto2013_600ml_tot_1	3430	184.453	48.439	242	101	247	67.456	77.558	68.144	75.620	642.666	2535	406	164	143	77.532	56.328	77.150	0.104	171.747	632674	191	-0.148	-1.654	0.437	2535	406	3415	1.187	457	0.271	134	190	233	0	0	2	1	0	0	0	0	0	0	0	9.422	9.532	7.086	7.269	610	11278	71.711	2.435
11	estuario2_300_07agosto2013_600ml_tot_1	8638	169.437	61.741	243	62	247	144.920	78.676	143.550	81.749	1462.937	6248	428	249	160	145.778	75.445	42.786	0.051	273.856	1463593	185	-0.235	-1.562	0.336	6466	428	8609	1.290	1175	0.572	104	183	230	0	0	2	3	0	0	0	0	0	0	0	6.609	6.683	5.905	6.001	814	22991	201.945	5.621
12	estuario2_300_07agosto2013_600ml_tot_1	2135	171.628	54.952	243	59	246	41.005	28.814	39.931	30.264	330.759	9704	457	72	67	67.594	40.216	46.151	0.245	87.459	366425	178	-0.337	-1.209	0.047	9734	457	2134	1.172	226	0.117	123	177	223	0	0	1	2	0	0	0	0	0	0	0	2.806	3.030	3.057	3.273	274	3172	20.544	2.625
13	estuario2_300_07agosto2013_600ml_tot_1	2781	167.242	60.054	243	61	254	36.681	27.600	34.344	26.740	261.706	5340	485	71	59	72.258	49.003	171.146	0.510	77.833	465099	169	-0.182	-1.418	4.639	5389	485	2652	1.189	312	0.144	108	162	221	0	0	1	1	0	0	0	0	0	0	0	1.910	1.987	2.045	2.193	256	3215	35.371	2.250
14	estuario2_300_07agosto2013_600ml_tot_1	1103	202.708	22.757	190	130	246	17.001	25.786	17.030	25.626	144.267	7668	495	35	48	45.981	30.543	69.140	0.666	49.769	223587	201	-0.089	-0.451	0.181	7689	495	1101	1.050	72	0.093	185	200	219	0	0	5	1	0	0	0	0	0	0	0	2.078	2.118	2.287	2.302	162	1221	2.253	2.222
15	estuario2_300_07agosto2013_600ml_tot_1	964	206.593	27.128	242	129	246	29.080	19.129	28.939	18.979	200.735	9408	513	54	48	58.229	21.079	140.720	0.301	66.528	199156	210	-0.488	-0.690	0.207	9436	513	962	1.110	128	0.080	186	209	230	0	0	1	1	0	0	0	0	0	0	0	3.559	3.507	3.436	3.403	200	1231	6.640	2.567
16	estuario2_300_07agosto2013_600ml_tot_1	3438	185.959	45.778	241	99	246	66.687	100.015	68.514	99.831	672.926	2882	520	108	195	67.590	64.764	147.943	0.095	197.145	639327	190	-0.144	-1.584	0.204	2955	520	3431	1.182	391	0.260	141	188	232	0	0	3	1	0	0	0	0	0	0	0	9.538	9.604	5.010	5.157	601	11675	65.033	3.375
17	estuario2_300_07agosto2013_600ml_tot_1	5022	178.628	40.949	243	83	246	120.468	27.401	119.853	27.113	687.938	10273	552	245	60	226.729	28.202	169.935	0.133	248.244	897070	166	0.245	-1.281	0.159	10383	552	5014	1.208	433	0.362	144	165	222	0	0	10	1	0	0	0	0	0	0	0	8.718	8.776	11.162	11.213	606	7208	146.113	2.462
18	estuario2_300_07agosto2013_600ml_tot_1	2433	129.842	66.201	80	55	247	37.038	29.152	37.103	28.516	261.848	11638	581	76	55	76.447	40.522	161.728	0.446	77.833	315905	93	0.665	-1.251	0.288	11647	581	2426	1.109	288	0.191	75	91	199	0	0	3	1	0	0	0	0	0	0	0	2.402	2.385	2.685	2.638	258	2874	27.099	1.519
19	estuario2_300_07agosto2013_600ml_tot_1	2505	176.812	51.275	243	75	245	52.669	34.256	50.784	34.942	365.044	10026	601	89	78	99.374	32.096	42.718	0.236	113.952	442914	180	-0.286	-1.252	0.160	10098	601	2501	1.164	301	0.155	137	179	226	0	0	1	1	0	0	0	0	0	0	0	3.581	3.839	4.234	4.505	329	3208	41.025	2.385
20	estuario2_300_07agosto2013_600ml_tot_1	1375	198.564	41.141	243	112	245	31.621	37.613	31.923	37.210	309.889	2290	635	74	57	57.217	30.598	145.210	0.180	88.204	273026	215	-0.672	-0.974	0.291	2291	635	1371	1.167	214	0.114	162	214	234	0	0	1	1	0	0	0	0	0	0	0	4.148	4.193	3.474	3.655	258	2381	18.677	5.167
21	estuario2_300_07agosto2013_600ml_tot_1	1854	157.755	57.299	243	72	245	25.333	27.016	24.502	26.001	223.321	12504	638	51	56	55.076	42.860	124.629	0.467	59.808	292477	157	0.049	-1.475	0.054	12519	638	1853	1.087	250	0.099	105	156	210	0	0	1	1	0	0	0	0	0	0	0	2.065	2.101	1.695	1.757	210	2042	13.138	1.630
22	estuario2_300_07agosto2013_600ml_tot_1	972	200.605	40.926	243	96	244	19.167	40.084	18.238	38.237	263.161	9020	639	42	72	65.491	18.897	116.571	0.176	75.769	194988	213	-1.023	-0.047	0.103	9029	639	971	1.158	135	0.085	183	212	233	0	0	1	1	0	0	0	0	0	0	0	4.498	4.527	5.295	5.308	224	1758	14.571	2.526
23	estuario2_300_07agosto2013_600ml_tot_1	13865	176.597	56.198	243	41	255	77.378	128.761	76.996	128.865	1286.611	11515	657	159	284	199.066	88.682	86.637	0.105	287.543	2448518	188	-0.556	-0.764	5.330	11569	657	13126	1.278	1579	0.630	128	182	221	0	0	8	7	0	0	0	0	0	0	0	5.013	5.028	6.870	6.860	882	27078	220.152	4.513
24	estuario2_300_07agosto2013_600ml_tot_1	662	232.402	9.709	243	194	244	5.654	77.479	5.666	77.325	345.362	11878	684	11	143	138.928	6.067	88.003	0.070	143.171	153850	235	-1.193	1.407	0.453	11887	684	659	1.287	170	0.112	225	234	239	0	0	1	4	0	0	0	0	0	0	0	21.837	21.869	22.408	22.344	303	1019	19.635	1.846
25	estuario2_300_07agosto2013_600ml_tot_1	673	190.544	39.161	243	121	243	18.568	19.042	18.500	18.810	126.125	2111	692	33	36	29.691	28.860	163.087	0.532	36.674	128236	195	-0.190	-1.397	0	2131	692	673	1.033	80	0.050	152	194	227	0	0	1	1	0	0	0	0	0	0	0	2.241	2.293	2.218	2.294	133	795	3.677	1.957
26	estuario2_300_07agosto2013_600ml_tot_1	4296	175.219	59.220	243	68	247	87.101	28.788	85.335	29.670	759.151	14436	703	187	51	155.088	35.269	171.678	0.094	190.625	752741	197	-0.444	-1.384	0.140	14441	703	4290	1.283	502	0.275	113	196	229	0	0	1	3	0	0	0	0	0	0	0	5.726	5.720	7.646	7.442	472	6424	92.855	2.655
27	estuario2_300_07agosto2013_600ml_tot_1	938	218.822	18.547	240	177	244	45.691	55.956	45.478	55.680	304.416	8251	727	88	100	128.481	9.296	133.207	0.127	132.548	205255	223	-0.383	-1.197	0.107	8251	727	937	1.150	123	0.102	201	222	235	0	0	2	1	0	0	0	0	0	0	0	13.027	13.123	16.732	16.832	372	1523	7.103	1.807
28	estuario2_300_07agosto2013_600ml_tot_1	10773	95.124	65.777	53	37	248	74.832	54.322	74.488	55.002	611.193	13781	728	150	102	148.140	92.592	170.146	0.362	153.075	1024775	62	1.375	0.233	0.343	13823	728	10736	1.129	1151	1.107	52	61	100	0	0	11	4	0	0	0	0	0	0	0	2.051	2.059	2.272	2.252	500	11803	31.027	1.503
29	estuario2_300_07agosto2013_600ml_tot_1	1597	140.341	65.527	243	60	244	25.476	26.209	25.856	25.826	202.593	6855	740	54	52	54.065	37.609	27.769	0.489	56.462	224124	109	0.453	-1.472	0.063	6885	740	1596	1.091	160	0.108	82	108	215	0	0	3	1	0	0	0	0	0	0	0	2.320	2.324	2.133	2.158	208	1823	10.624	1.478
30	estuario2_300_07agosto2013_600ml_tot_1	4670	149.212	57.156	86	75	246	48.841	56.988	47.471	59.309	483.997	6798	793	90	120	124.294	47.838	60.264	0.251	129.634	696819	136	0.367	-1.384	0.107	6869	793	4665	1.169	479	0.284	93	135	205	0	0	2	2	0	0	0	0	0	0	0	3.255	3.315	3.743	3.705	416	5894	80.051	1.384
31	estuario2_300_07agosto2013_600ml_tot_1	1533	174.977	55.233	243	53	246	28.871	47.584	28.386	45.676	256.392	14589	846	50	76	60.390	32.321	87.639	0.293	76.105	268239	181	-0.474	-1.028	0.261	14614	846	1529	1.134	184	0.096	131	180	226	0	0	1	2	0	0	0	0	0	0	0	3.411	3.666	3.604	3.915	247	2302	23.936	2.222
32	estuario2_300_07agosto2013_600ml_tot_1	1177	122.907	80.907	43	39	244	23.130	19.692	22.986	19.308	167.380	14489	849	44	38	41.663	35.970	172.706	0.528	46.174	144662	85	0.392	-1.596	0.085	14510	849	1176	1.063	139	0.106	46	83	216	0	0	1	1	0	0	0	0	0	0	0	1.871	1.883	1.896	1.917	160	1297	4.898	1.555
33	estuario2_300_07agosto2013_600ml_tot_1	4505	181.626	54.741	243	76	249	59.880	63.283	61.896	64.686	679.661	9504	855	108	120	101.773	56.360	125.998	0.123	137.295	818225	200	-0.509	-1.274	1.332	9607	855	4445	1.253	666	0.311	121	198	230	0	0	1	4	0	0	0	0	0	0	0	3.720	3.619	3.833	3.835	452	9222	164.169	2.714
34	estuario2_300_07agosto2013_600ml_tot_1	5024	159.861	59.733	242	65	245	39.355	79.436	37.479	73.446	534.666	14399	880	75	143	132.541	48.263	100.859	0.221	150.217	803140	167	-0.185	-1.390	0.199	14417	880	5014	1.188	464	0.261	96	166	213	0	0	1	3	0	0	0	0	0	0	0	3.392	3.363	3.919	3.939	431	7069	59.253	2.123
35	estuario2_300_07agosto2013_600ml_tot_1	2724	161.618	52.047	242	82	244	35.803	70.013	36.078	70.153	395.470	12804	910	73	134	150.758	23.006	116.809	0.219	144.101	440247	139	0.386	-1.455	0.037	12816	910	2723	1.174	268	0.192	117	137	217	0	0	5	1	0	0	0	0	0	0	0	5.937	5.953	7.312	7.329	409	3425	47.646	2.172
36	estuario2_300_07agosto2013_600ml_tot_1	4286	151.184	55.354	243	73	244	108.205	12.388	107.923	11.965	563.671	4884	986	213	26	236.649	23.060	0.007	0.170	213.190	647974	125	0.532	-1.350	0.210	4888	986	4277	1.178	481	0.286	104	124	212	0	0	8	1	0	0	0	0	0	0	0	7.571	7.588	9.630	9.643	474	5140	72.861	1.290
37	estuario2_300_07agosto2013_600ml_tot_1	2984	163.551	56.083	103	85	247	28.980	49.536	29.923	52.760	303.203	3499	1017	61	101	108.798	34.921	114.189	0.408	110.018	488035	159	0.112	-1.656	0.603	3510	1017	2966	1.152	274	0.216	104	157	221	0	0	1	1	0	0	0	0	0	0	0	3.200	3.234	3.588	3.658	320	3253	32.771	1.850
38	estuario2_300_07agosto2013_600ml_tot_1	1533	127.025	74.179	242	44	244	22.983	27.105	22.890	26.770	211.078	12484	1056	47	51	53.204	36.687	55.971	0.432	56.036	194729	91	0.452	-1.497	0.065	12512	1056	1532	1.089	208	0.109	59	90	210	0	0	1	1	0	0	0	0	0	0	0	2.114	2.122	2.133	2.157	192	1711	7.093	1.470
39	estuario2_300_07agosto2013_600ml_tot_1	3270	183.713	47.690	242	95	245	51.612	83.928	53.274	82.575	643.762	2507	1075	147	128	72.385	57.519	23.394	0.099	171.172	600742	188	-0.142	-1.600	0.122	2535	1075	3266	1.192	392	0.242	137	187	231	0	0	3	1	0	0	0	0	0	0	0	7.743	7.777	5.360	5.457	546	9997	58.068	2.461
40	estuario2_300_07agosto2013_600ml_tot_1	4976	167.011	54.601	242	63	247	69.448	143.997	67.622	148.156	853.384	4687	1087	135	301	359.830	17.607	67.540	0.086	325.923	831047	160	-0.113	-1.180	0.100	4812	1087	4971	1.226	546	0.285	126	159	222	0	0	6	1	0	0	0	0	0	0	0	15.451	15.541	20.347	20.420	868	6890	122.937	1.608
41	estuario2_300_07agosto2013_600ml_tot_1	7812	154.191	54.280	243	63	249	48.206	77.939	48.556	79.547	861.852	13624	1088	111	201	146.408	67.937	90.116	0.132	201.062	1204542	138	0.377	-1.315	0.294	13651	1088	7789	1.232	845	0.420	106	137	208	0	0	5	3	0	0	0	0	0	0	0	4.170	4.367	5.213	5.407	620	14060	242.457	2.519
42	estuario2_300_07agosto2013_600ml_tot_1	3141	176.003	56.007	243	86	244	103.090	63.820	102.242	61.972	665.051	9209	1111	164	122	74.792	53.472	131.689	0.089	170.880	552824	184	-0.136	-1.652	0.127	9368	1111	3137	1.187	417	0.253	119	182	233	0	0	1	1	0	0	0	0	0	0	0	9.038	9.060	4.776	4.948	567	10116	105.055	2.751
43	estuario2_300_07agosto2013_600ml_tot_1	3518	173.010	55.980	243	82	248	53.665	37.190	54.860	37.832	537.495	5151	1119	131	87	83.632	53.559	19.165	0.153	132.371	608648	184	-0.159	-1.633	0.398	5197	1119	3504	1.194	399	0.234	111	183	227	0	0	1	1	0	0	0	0	0	0	0	4.452	4.414	4.463	4.511	432	8049	81.493	2.490
44	estuario2_300_07agosto2013_600ml_tot_1	918	228.865	12.029	242	187	247	32.303	14.277	32.019	14.274	181.966	11417	1125	56	31	54.448	21.467	160.312	0.348	57.489	210098	232	-1.074	0.764	1.634	11441	1125	903	1.120	122	0.127	221	231	237	0	0	2	2	0	0	0	0	0	0	0	2.720	2.902	3.461	3.693	169	1109	9.425	3.235
45	estuario2_300_07agosto2013_600ml_tot_1	2188	155.716	48.653	110	91	246	28.631	26.833	29.612	26.665	246.534	8931	1126	61	54	59.235	47.031	154.211	0.452	61.717	340707.000	145	0.515	-1.107	0.137	8952	1126	2185	1.104	285	0.144	110	144	194	0	0	1	1	0	0	0	0	0	0	0	2.010	1.999	1.955	1.913	226	2414	23.675	2.299
46	estuario2_300_07agosto2013_600ml_tot_1	1775	167.900	64.018	242	57	243	31.484	22.330	31.732	22.633	293.848	10903	1164	84	49	58.721	38.487	166.964	0.258	86.977	298022	188	-0.355	-1.460	0	10930	1164	1775	1.129	225	0.119	100	187	228	0	0	1	1	0	0	0	0	0	0	0	3.557	3.627	2.174	2.195	262	2688	16.442	2.952
47	estuario2_300_07agosto2013_600ml_tot_1	11717	190.189	55.065	249	72	255	69.466	123.366	70.112	128.291	1178.830	10445	1169	151	224	198.747	75.063	95.576	0.106	240.635	2228448	208	-0.592	-1.077	17.504	10582	1169	9666	1.315	1243	0.567	127	188	227	0	0	3	5	0	0	0	0	0	0	0	4.028	3.986	5.106	5.013	746	25673	197.099	4.116
48	estuario2_300_07agosto2013_600ml_tot_1	2126	207.761	25.911	243	119	243	29.290	76.562	28.747	75.647	396.274	6662	1197	63	108	71.495	37.861	129.580	0.170	120.304	441700	213	-0.579	-0.509	0	6663	1197	2126	1.177	231	0.174	187	212	228	0	0	4	2	0	0	0	0	0	0	0	4.630	4.754	2.701	2.783	338	4211	19.501	3.073
49	estuario2_300_07agosto2013_600ml_tot_1	710	174.327	38.302	139	130	243	18.718	14.454	18.590	14.317	108.953	3284	1221	34	31	33.128	27.288	138.804	0.752	35.511	123772	155	0.636	-1.218	0	3302	1221	710	1.007	43	0.072	141	154	211	0	0	3	1	0	0	0	0	0	0	0	1.961	1.967	1.972	1.990	125	750	1.310	2.556
50	estuario2_300_07agosto2013_600ml_tot_1	3091	204.495	34.280	243	105	246	95.983	64.947	95.041	65.868	682.431	8574	1230	160	180	137.299	28.664	52.351	0.083	240.832	632093	218	-0.786	-0.505	0.194	8731	1230	3085	1.216	407	0.254	179	216	232	0	0	1	1	0	0	0	0	0	0	0	12.753	12.949	14.025	14.083	675	7395	72.908	5.846
51	estuario2_300_07agosto2013_600ml_tot_1	2521	173.323	50.603	242	99	248	52.134	43.909	51.223	42.924	413.345	1363	1250	79	101	85.289	37.635	111.224	0.185	113.217	436947	169	0.067	-1.658	0.119	1421	1250	2518	1.178	247	0.179	120	168	226	0	0	1	1	0	0	0	0	0	0	0	4.245	4.335	5.109	5.142	356	4755	20.649	1.921
52	estuario2_300_07agosto2013_600ml_tot_1	2448	165.483	53.062	242	70	243	38.859	71.065	38.293	72.012	414.843	13824	1261	71	142	163.320	19.085	67.755	0.179	155.756	405102.000	153	0.184	-1.500	0	13888	1261	2448	1.179	269	0.163	116	152	222	0	0	5	1	0	0	0	0	0	0	0	7.190	7.220	9.175	9.198	422	3006	34.040	1.937
53	estuario2_300_07agosto2013_600ml_tot_1	847	232.811	8.545	243	205	243	84.956	71.247	85.629	71.797	516.891	2977	1290	191	156	237.813	4.535	140.399	0.040	245.980	197191	235	-0.934	0.159	0	2978	1290	847	1.143	189	0.145	227	234	238	0	0	0	2	0	0	0	0	0	0	0	50.747	50.835	47.574	47.637	687	1327	25.342	1.709
54	estuario2_300_07agosto2013_600ml_tot_1	808	233.123	9.557	243	193	247	14.712	28.651	14.740	28.584	236.392	5958	1290	41	51	42.218	24.368	119.983	0.182	53.160	188363	235	-1.386	1.772	3.094	5964	1290	783	1.179	161	0.135	228	234	239	0	0	1	2	0	0	0	0	0	0	0	3.196	3.250	3.861	3.756	179	1270	25.829	1.953
55	estuario2_300_07agosto2013_600ml_tot_1	3105	225.943	10.993	237	203	246	34.900	32.951	34.892	32.943	301.446	9872	1290	70	65	66.544	59.411	20.504	0.429	71.512	701553	226	-0.063	-1.295	0.580	9912	1290	3087	1.126	475	0.406	215	225	235	0	0	1	1	0	0	0	0	0	0	0	1.971	2.000	2.056	2.091	266	3354	63.890	1.810
56	estuario2_300_07agosto2013_600ml_tot_1	3069	152.057	62.655	243	71	244	67.919	52.502	67.836	52.090	432.198	11528	1324	137	103	179.425	21.778	144.194	0.206	165	466664	128	0.297	-1.625	0.098	11537	1324	3066	1.180	238	0.225	92	127	223	0	0	7	1	0	0	0	0	0	0	0	6.710	6.731	8.414	8.432	476	3668	59.975	1.600
57	estuario2_300_07agosto2013_600ml_tot_1	1075	183.885	42.990	243	96	249	15.251	25.860	15.347	26.597	164.652	13880	1344	32	49	50.261	27.233	99.301	0.498	51.894	197676	184	-0.139	-1.344	0.372	13896	1344	1071	1.080	97	0.071	145	183	225	0	0	2	1	0	0	0	0	0	0	0	2.031	2.096	2.023	2.057	158	1289	5.609	1.510
58	estuario2_300_07agosto2013_600ml_tot_1	2455	176.245	54.449	229	68	243	29.119	28.316	29.152	28.192	201.279	11352	1345	58	57	56.647	55.180	172.650	0.761	59.481	432682.000	196	-0.353	-1.438	0	11385	1345	2455	1.055	84	0.189	123	195	226	0	0	1	1	0	0	0	0	0	0	0	1.843	1.859	1.904	1.950	226	2562	1.450	1.418
59	estuario2_300_07agosto2013_600ml_tot_1	3236	189.060	42.386	240	110	248	56.088	45.267	55.816	44.741	494.139	1525	1374	149	76	93.875	43.890	170.440	0.167	151.427	611799	198	-0.143	-1.620	0.680	1670	1374	3214	1.187	323	0.250	144	196	230	0	0	1	1	0	0	0	0	0	0	0	5.642	5.685	3.522	3.593	446	7409	54.203	2.259
60	estuario2_300_07agosto2013_600ml_tot_1	1014	232.118	11.822	242	183	247	26.482	67.807	26.391	67.413	423.328	9554	1380	39	109	71.061	18.168	92.943	0.071	113.053	235368	237	-1.509	1.999	1.578	9556	1380	998	1.200	245	0.176	226	235	240	0	0	2	1	0	0	0	0	0	0	0	8.717	8.747	8.250	8.356	292	3238	84.781	3.462
61	estuario2_300_07agosto2013_600ml_tot_1	2170	143.562	66.425	71	58	243	28.399	39.780	27.161	37.625	274.818	13720	1385	58	81	95.391	28.964	120.346	0.361	90.973	311530	134	0.195	-1.598	0	13736	1385	2170	1.121	179	0.140	75	133	208	0	0	2	1	0	0	0	0	0	0	0	3.110	3.163	3.628	3.690	274	2482	19.502	3.222
62	estuario2_300_07agosto2013_600ml_tot_1	4325	156.348	52.263	242	76	246	61.680	45.564	59.037	44.699	408.357	14218	1390	113	85	126.930	43.384	149.867	0.326	134.848	676207	147	0.312	-1.342	0.069	14219	1390	4322	1.144	317	0.231	107	146	204	0	0	2	2	0	0	0	0	0	0	0	3.074	3.184	3.531	3.614	392	5021	44.545	1.680
63	estuario2_300_07agosto2013_600ml_tot_1	4508	173.658	60.697	243	60	250	65.112	71.848	63.788	72.638	794.531	8124	1434	141	142	96.780	59.307	8.191	0.090	143.611	782851	193	-0.321	-1.545	0.488	8185	1434	4486	1.250	701	0.318	105	191	231	0	0	2	2	0	0	0	0	0	0	0	5.913	5.936	5.953	5.993	561	10877	159.724	3.391
64	estuario2_300_07agosto2013_600ml_tot_1	2971	156.343	62.388	241	47	246	38.768	51.001	38.703	48.315	350.558	13109	1446	68	87	63.052	59.994	55.436	0.304	88.119	464494	158	-0.067	-1.456	0.101	13165	1446	2968	1.158	271	0.141	93	157	218	0	0	1	1	0	0	0	0	0	0	0	2.482	2.611	2.832	2.966	306	4145	31.028	2.330
65	estuario2_300_07agosto2013_600ml_tot_1	3597	166.245	61.470	243	48	248	67.942	26.110	62.671	26.405	486.784	7839	1462	154	53	143.066	32.012	4.667	0.191	155.859	597985	176	-0.613	-0.854	0.334	7985	1462	3585	1.192	399	0.228	125	174	217	0	0	1	3	0	0	0	0	0	0	0	4.777	4.861	5.900	6.073	410	5855	86.486	2.620
66	estuario2_300_07agosto2013_600ml_tot_1	2582	175.976	56.778	243	63	246	34.445	55.493	34.154	54.014	384.600	11298	1463	60	106	83.849	39.208	87.919	0.219	106.118	454370	193	-0.543	-1.106	0.116	11327	1463	2579	1.168	284	0.149	126	192	224	0	0	1	2	0	0	0	0	0	0	0	3.797	3.959	3.583	3.718	328	3965	37.082	2.983
67	estuario2_300_07agosto2013_600ml_tot_1	1564	159.527	59.057	241	57	244	21.192	30.128	21.428	28.655	213.907	12910	1483	44	56	49.905	39.903	83.024	0.430	56.356	249500.000	157	-0.029	-1.402	0.128	12934	1483	1562	1.108	184	0.086	106	156	218	0	0	1	2	0	0	0	0	0	0	0	2.082	2.160	1.742	1.840	196	1844	9.718	2.177
68	estuario2_300_07agosto2013_600ml_tot_1	936	190.860	40.175	241	97	244	22.124	28.702	21.929	28.027	172.167	14335	1495	42	46	39.762	29.972	49.182	0.397	48.415	178645	199	-0.516	-0.825	0.107	14346	1495	935	1.082	100	0.062	159	198	226	0	0	2	1	0	0	0	0	0	0	0	2.525	2.576	3.189	3.307	172	1310	2.151	3.250
69	estuario2_300_07agosto2013_600ml_tot_1	2811	163.293	57.978	243	70	246	76.340	23.204	75.117	23.264	431.529	10161	1517	154	51	167.381	21.383	14.128	0.190	157.290	459018	153	0.074	-1.507	0.427	10280	1517	2799	1.181	356	0.180	110	151	225	0	0	2	1	0	0	0	0	0	0	0	6.489	6.475	8.174	8.140	406	3588	92.628	1.500
70	estuario2_300_07agosto2013_600ml_tot_1	2707	175.113	58.573	243	81	244	56.460	67.414	57.984	67.224	539.127	8237	1530	94	133	61.587	55.964	34.677	0.117	135.518	474030	197	-0.243	-1.681	0.111	8314	1530	2704	1.205	368	0.210	108	196	230	0	0	1	1	0	0	0	0	0	0	0	6.272	6.333	6.002	6.002	449	6813	65.193	2.316
71	estuario2_300_07agosto2013_600ml_tot_1	2012	170.717	57.175	243	54	245	38.538	29.595	38.357	30.988	326.032	12377	1560	70	66	62.115	41.242	115.859	0.238	72.035	343482	178	-0.333	-1.228	0.099	12404	1560	2010	1.175	222	0.118	121	176	226	0	0	1	2	0	0	0	0	0	0	0	2.857	3.011	2.640	2.794	267	2918	27.409	3.699
72	estuario2_300_07agosto2013_600ml_tot_1	11347	153.548	63.762	243	50	247	125.990	175.974	126.369	176.652	1585.555	10382	1567	251	336	286.785	50.377	125.529	0.057	402.800	1742310	142	0.156	-1.602	0.229	10409	1567	11321	1.276	1440	0.715	89	140	222	0	0	11	2	0	0	0	0	0	0	0	10.641	10.568	14.093	13.987	1170	26130	194.639	3.702
73	estuario2_300_07agosto2013_600ml_tot_1	2924	153.264	58.957	243	69	245	32.571	43.714	30.894	42.207	276.919	11671	1585	61	83	81.963	45.422	111.704	0.479	94.048	448143	146	0.129	-1.481	0.034	11671	1585	2923	1.101	201	0.151	94	145	212	0	0	1	1	0	0	0	0	0	0	0	2.358	2.422	2.154	2.227	284	3352	19.919	1.615
74	estuario2_300_07agosto2013_600ml_tot_1	1592	164.658	61.639	243	52	245	23.536	31.891	23.222	29.966	240.049	9696	1618	48	57	54.780	37.003	119.590	0.347	64.008	262135.000	173	-0.210	-1.482	0.251	9701	1618	1588	1.138	212	0.096	103	171	224	0	0	1	1	0	0	0	0	0	0	0	2.200	2.299	2.401	2.515	206	2011	18.484	3.544
75	estuario2_300_07agosto2013_600ml_tot_1	5606	174.180	49.960	243	78	247	60.028	75.687	60.093	74.128	839.585	9813	1635	126	150	136.735	52.202	80.445	0.100	167.631	976452.000	168	-0.059	-1.344	0.428	9875	1635	5582	1.244	687	0.337	132	167	226	0	0	5	5	0	0	0	0	0	0	0	4.577	4.539	2.834	2.721	548	12362	200.192	1.663
76	estuario2_300_07agosto2013_600ml_tot_1	3310	145.231	64.577	243	60	248	15.169	79.025	15.021	78.813	504.281	11373	1656	31	159	172.804	24.388	92.737	0.164	159.380	480714	117	0.392	-1.522	0.181	11383	1656	3304	1.192	532	0.234	86	115	217	0	0	3	1	0	0	0	0	0	0	0	5.542	5.560	6.819	6.835	376	3974	86.225	1.718
77	estuario2_300_07agosto2013_600ml_tot_1	1586	118.265	76.639	44	37	247	24.357	22.625	24.782	22.329	190.936	9592	1702	49	45	49.855	40.505	38.967	0.547	53.666	187568	89	0.513	-1.376	0.441	9615	1702	1579	1.080	226	0.140	45	87	199	0	0	1	1	0	0	0	0	0	0	0	1.832	1.861	1.813	1.842	184	1716	11.683	1.750
78	estuario2_300_07agosto2013_600ml_tot_1	809	203.784	29.743	243	126	243	31.142	33.850	30.655	34.399	214.877	3341	1738	56	78	87.191	11.814	53.193	0.220	93.744	164861	207	-0.455	-0.767	0	3391	1738	809	1.115	102	0.068	180	206	230	0	0	1	1	0	0	0	0	0	0	0	7.731	7.857	9.268	9.442	264	1016	9.232	2.424
79	estuario2_300_07agosto2013_600ml_tot_1	2181	194.311	40.197	242	91	252	34.315	38.798	35.272	39.881	277.990	11992	1739	80	72	84.415	32.896	135.246	0.355	91.924	423792	200	-0.546	-0.704	4.768	12003	1739	2077	1.198	187	0.132	162	197	226	0	0	1	4	0	0	0	0	0	0	0	3.442	3.508	4.252	4.261	300	2930	16.928	2.324
80	estuario2_300_07agosto2013_600ml_tot_1	688	223.735	17.247	237	156	243	32.039	48.840	31.819	48.983	267.262	5379	1755	55	94	72.365	12.105	56.706	0.121	104.652	153930	227	-1.287	1.350	0	5426	1755	688	1.133	118	0.086	216	226	236	0	0	2	1	0	0	0	0	0	0	0	11.390	11.422	15.045	15.121	293	1875	4.723	1.970
81	estuario2_300_07agosto2013_600ml_tot_1	1208	123.411	79.450	46	42	246	22.945	19.573	23.038	19.078	171.966	13843	1761	49	38	45.807	33.577	176.332	0.513	50.010	149081	82	0.428	-1.573	0.166	13856	1761	1206	1.074	172	0.117	49	81	216	0	0	1	1	0	0	0	0	0	0	0	2.028	2.149	2.074	2.213	170	1370	12.673	1.923
82	estuario2_300_07agosto2013_600ml_tot_1	1491	162.680	52.003	242	78	244	29.707	21.428	29.237	20.920	200.007	13969	1765	54	41	51.305	37.002	9.923	0.468	55.109	242556	166	0.055	-1.301	0.067	13987	1765	1490	1.086	149	0.080	112	164	208	0	0	1	1	0	0	0	0	0	0	0	2.016	2.094	1.777	1.843	186	1724	6.571	2.242
83	estuario2_300_07agosto2013_600ml_tot_1	2866	166.074	41.886	141	99	243	75.854	44.123	76.199	43.776	401.245	799	1767	155	92	187.921	19.418	27.087	0.224	176.006	475967.000	151	0.569	-1.016	0	946	1767	2866	1.163	161	0.191	134	150	203	0	0	3	1	0	0	0	0	0	0	0	7.956	7.912	10.062	10.001	490	3563	8.491	1.534
84	estuario2_300_07agosto2013_600ml_tot_1	2464	112.935	80.431	43	38	247	31.848	36.868	31.948	36.517	274.475	8813	1792	60	73	78.340	40.047	54.429	0.411	78.715	278273	63	0.632	-1.367	0.406	8860	1792	2454	1.122	320	0.265	44	61	204	0	0	3	1	0	0	0	0	0	0	0	2.434	2.479	2.724	2.782	262	2722	34.415	2.235
85	estuario2_300_07agosto2013_600ml_tot_1	3048	162.972	61.993	243	74	252	46.309	29.717	42.982	29.347	332.475	12303	1804	85	62	83.913	46.248	25.621	0.347	94.826	496740	165	-0.011	-1.663	2.493	12352	1804	2972	1.199	391	0.194	97	159	225	0	0	2	1	0	0	0	0	0	0	0	2.340	2.425	2.669	2.800	290	3586	49.202	2.640
86	estuario2_300_07agosto2013_600ml_tot_1	1085	211.516	23.666	243	151	244	44.440	22.432	44.005	22.729	282.877	14464	1815	88	55	67.131	20.579	26.836	0.170	91.482	229495.000	214	-0.303	-1.163	0.092	14529	1815	1084	1.155	145	0.103	189	213	233	0	0	1	2	0	0	0	0	0	0	0	6.347	6.421	7.934	8.031	282	2519	16.108	1.842
87	estuario2_300_07agosto2013_600ml_tot_1	775	162.997	63.772	242	64	243	10.713	26.946	10.713	26.449	154.409	9619	1827	21	54	55.590	17.751	87.521	0.408	54.231	126323	171	-0.140	-1.563	0	9627	1827	775	1.087	88	0.055	97	170	228	0	0	1	1	0	0	0	0	0	0	0	2.877	2.911	3.238	3.257	146	904	6.045	1.684
88	estuario2_300_07agosto2013_600ml_tot_1	1333	222.640	18.263	234	140	253	22.711	31.507	22.486	31.664	174.451	1932	1836	46	59	63.020	26.931	52.039	0.550	64.405	296779	227	-1.445	2.569	2.476	1965	1836	1300	1.157	153	0.150	212	226	235	0	0	3	3	0	0	0	0	0	0	0	2.718	2.769	3.433	3.553	206	1508	6.886	2.176
89	estuario2_300_07agosto2013_600ml_tot_1	987	175.492	44.213	243	113	243	23.341	23.009	23.345	23.001	157.037	3302	1852	47	50	61.740	20.354	44.901	0.503	63.891	173211	169	0.178	-1.480	0	3339	1852	987	1.075	60	0.072	131	168	218	0	0	1	1	0	0	0	0	0	0	0	3.191	3.233	3.394	3.374	190	1085	5.172	1.647
90	estuario2_300_07agosto2013_600ml_tot_1	3094	159.833	58.072	243	72	246	15.352	91.299	15.287	89.632	533.110	9277	1856	29	180	192.975	20.414	87.058	0.137	180.469	494524	143	0.241	-1.588	0.259	9293	1856	3086	1.206	504	0.221	105	141	224	0	0	5	1	0	0	0	0	0	0	0	7.484	7.475	9.746	9.714	414	4027	128.558	2.118
91	estuario2_300_07agosto2013_600ml_tot_1	3087	175.423	55.149	242	84	244	42.528	68.502	41.054	68.053	639.536	6491	1871	113	116	77.657	50.613	178.212	0.095	128.600	541531	191	-0.165	-1.658	0.032	6499	1871	3086	1.232	463	0.227	116	190	230	0	0	2	2	0	0	0	0	0	0	0	5.557	5.824	4.989	5.037	454	7200	92.228	4.350
92	estuario2_300_07agosto2013_600ml_tot_1	1293	222.078	13.173	228	168	243	20.962	21.564	20.921	21.558	147.095	12341	1874	42	44	42.233	38.982	96.121	0.751	44.385	287147	225	-1.126	1.430	0	12355	1874	1293	1.041	63	0.168	215	224	230	0	0	4	3	0	0	0	0	0	0	0	1.872	1.906	1.675	1.730	168	1376	1.382	1.417
93	estuario2_300_07agosto2013_600ml_tot_1	1286	147.280	59.598	94	75	245	24.767	24.986	24.475	24.916	188.836	6907	1883	46	47	47.132	34.740	46.245	0.453	51.400	189402	123	0.459	-1.427	0.156	6933	1883	1284	1.091	152	0.092	93	121	210	0	0	1	1	0	0	0	0	0	0	0	2.148	2.159	2.141	2.176	182	1471	8.254	2.712
94	estuario2_300_07agosto2013_600ml_tot_1	905	196.898	28.000	241	137	243	17.141	18.109	17.216	18.254	146.267	12859	1902	33	42	38.898	29.623	106.979	0.532	42.942	178193	196	0.062	-1.074	0	12875	1902	905	1.054	98	0.070	173	195	219	0	0	1	1	0	0	0	0	0	0	0	1.969	2.059	1.880	1.900	146	1046	2.056	2.909
95	estuario2_300_07agosto2013_600ml_tot_1	2663	160.910	59.994	242	50	243	38.955	48.608	37.095	47.266	354.073	9743	1933	70	85	75.537	44.887	134.166	0.267	100.005	428502.000	164	-0.149	-1.347	0	9743	1933	2663	1.159	247	0.135	105	163	220	0	0	1	1	0	0	0	0	0	0	0	2.836	3.084	2.972	3.224	306	4018	26.888	3.266
96	estuario2_300_07agosto2013_600ml_tot_1	2068	175.922	48.447	242	75	246	32.651	48.711	32.053	48.273	326.274	11902	1935	64	87	81.742	32.212	117.881	0.244	94.021	363806	176	-0.237	-1.074	0.097	11909	1935	2066	1.174	213	0.116	139	175	222	0	0	3	3	0	0	0	0	0	0	0	3.406	3.778	4.394	4.727	298	3067	12.229	2.778
97	estuario2_300_07agosto2013_600ml_tot_1	3090	199.826	33.091	243	121	245	52.985	70.201	52.825	69.833	480.926	325	1943	85	145	134.191	29.319	114.975	0.168	156.285	617462	205	-0.389	-1.098	0.097	331	1943	3087	1.203	327	0.227	170	204	230	0	0	4	2	0	0	0	0	0	0	0	6.107	5.983	7.519	7.324	456	5546	84.298	1.835
98	estuario2_300_07agosto2013_600ml_tot_1	2061	145.192	58.835	243	68	245	28.062	29.121	27.874	28.772	214.250	7349	1958	51	56	53.956	48.635	79.043	0.564	62.769	299240	125	0.468	-1.332	0.388	7383	1958	2053	1.092	169	0.126	91	124	203	0	0	1	1	0	0	0	0	0	0	0	1.746	1.737	1.840	1.821	210	2287	18.020	1.818
99	estuario2_300_07agosto2013_600ml_tot_1	1585	142.853	71.559	242	53	245	15.761	44.822	15.531	44.899	251.806	13007	1962	30	90	97.785	20.638	80.836	0.314	91.591	226422.000	129	0.181	-1.637	0.063	13024	1962	1584	1.129	179	0.116	69	127	222	0	0	1	1	0	0	0	0	0	0	0	3.882	3.905	4.862	4.870	236	1914	14.422	1.696
100	estuario2_300_07agosto2013_600ml_tot_1	1201	235.954	8.190	242	198	248	35.779	19.131	35.622	19.284	332.517	7611	1982	77	42	73.373	20.841	18.138	0.136	79.076	283381	239	-1.583	2.658	5.662	7671	1982	1133	1.261	334	0.238	231	237	240	0	0	4	3	0	0	0	0	0	0	0	4.093	4.147	2.583	2.677	234	1824	120.505	3.455
101	estuario2_300_07agosto2013_600ml_tot_1	12449	131.307	60.099	243	41	248	99.234	111.271	100.190	111.576	1112.889	12826	1983	238	215	152.098	104.213	25.296	0.126	262.191	1634647	105	0.750	-0.940	0.169	12891	1983	12428	1.198	1368	0.736	84	104	180	0	0	5	1	0	0	0	0	0	0	0	5.617	5.572	4.080	4.085	901	23967	110.014	5.762
102	estuario2_300_07agosto2013_600ml_tot_1	1264	161.408	52.427	243	81	243	18.961	36.873	19.134	36.708	200.108	3660	1991	39	67	69.173	23.266	112.965	0.397	73.824	204020	146	0.306	-1.431	0	3668	1991	1264	1.096	97	0.081	114	145	216	0	0	3	1	0	0	0	0	0	0	0	3.134	3.245	3.317	3.458	208	1475	7.915	1.388
103	estuario2_300_07agosto2013_600ml_tot_1	11456	165.851	54.468	243	68	250	121.027	176.805	122.042	181.105	1574.476	5288	1999	249	287	191.008	76.365	120.626	0.058	321.069	1899988	164	0.024	-1.515	0.367	5301	1999	11414	1.284	1258	0.617	112	162	220	0	0	8	4	0	0	0	0	0	0	0	8.162	8.577	10.301	10.707	1067	32170	185.334	5.924
104	estuario2_300_07agosto2013_600ml_tot_1	2020	168.675	57.672	243	62	245	23	44.314	23.095	42.747	305.789	6333	2020	47	76	67.431	38.142	99.495	0.271	77.421	340724	179	-0.315	-1.331	0.198	6351	2020	2016	1.168	271	0.114	109	178	222	0	0	1	1	0	0	0	0	0	0	0	2.496	2.603	2.791	2.895	242	2663	28.024	1.749
105	estuario2_300_07agosto2013_600ml_tot_1	1363	232.654	10.410	240	148	249	14.897	39.738	14.824	39.619	245.220	9548	2024	31	76	70.652	24.563	99.803	0.285	76.322	317107	234	-2.800	14.884	4.255	9560	2024	1305	1.207	265	0.217	227	233	238	0	0	3	2	0	0	0	0	0	0	0	3.191	3.274	4.213	4.366	210	1604	38.011	1.923
106	estuario2_300_07agosto2013_600ml_tot_1	3183	140.065	64.618	74	60	244	28.408	62.740	28.456	58.985	343.304	13245	2053	62	100	84.623	47.892	118.193	0.339	103.446	445828	124	0.322	-1.486	0.031	13262	2053	3182	1.130	231	0.204	75	123	208	0	0	1	1	0	0	0	0	0	0	0	2.830	2.932	2.217	2.327	319	4091	29.704	2.408
107	estuario2_300_07agosto2013_600ml_tot_1	3891	161.795	58.203	243	79	248	72.651	99.524	72.478	99.483	634.389	7590	2063	131	198	233.146	21.249	120.759	0.121	234.389	629545	149	0.178	-1.639	0.206	7592	2063	3883	1.216	411	0.279	104	147	225	0	0	3	1	0	0	0	0	0	0	0	10.175	10.048	13.411	13.214	653	5458	135.597	1.585
108	estuario2_300_07agosto2013_600ml_tot_1	21311	156.593	64.181	242	51	248	488.498	193.260	486.960	196.028	2875.049	8327	2083	720	359	385.680	70.354	2.548	0.032	720.178	3337146	149	0.005	-1.564	0.277	8963	2083	21252	1.252	2367	1.142	97	148	224	0	0	8	3	0	0	0	0	0	0	0	21.013	21.250	5.517	5.565	2154	136086	291.565	11.893
109	estuario2_300_07agosto2013_600ml_tot_1	29795	168.689	58.668	243	39	252	521.197	170.134	525.853	171.036	3617.404	9331	2083	860	288	584.675	64.884	162.708	0.029	879.255	5026095	183	-0.507	-1.003	0.302	9344	2083	29705	1.274	3134	1.384	118	182	218	0	0	7	11	0	0	0	0	0	0	0	19.125	19.381	24.305	24.644	2292	84872	197.828	4.515
110	estuario2_300_07agosto2013_600ml_tot_1	2021	169.048	57.668	242	54	246	30.044	37.817	29.542	39.250	287.505	14621	2088	60	81	65.083	39.538	60.415	0.307	84.770	341645	177	-0.294	-1.315	0.198	14648	2088	2017	1.147	209	0.112	115	176	223	0	0	1	1	0	0	0	0	0	0	0	3.120	3.302	2.955	3.191	277	2931	16.056	2.571
111	estuario2_300_07agosto2013_600ml_tot_1	2614	171.831	54.985	242	84	245	69.484	100.033	68.201	97.739	525.026	13306	2106	120	136	73.395	45.347	126.792	0.119	147.462	449167	163	0.035	-1.689	0.038	13366	2106	2613	1.158	267	0.192	117	162	231	0	0	2	1	0	0	0	0	0	0	0	8.371	8.417	4.343	4.452	508	8338	34.467	2.259
112	estuario2_300_07agosto2013_600ml_tot_1	2163	184.844	47.792	242	88	245	29.638	29.591	29.065	29.282	225.019	1614	2129	59	57	62.929	43.764	38.569	0.537	67.801	399817	197	-0.515	-1.086	0.046	1658	2129	2162	1.103	173	0.132	144	196	227	0	0	1	1	0	0	0	0	0	0	0	2.057	2.101	2.136	2.157	228	2420	17.759	1.946
113	estuario2_300_07agosto2013_600ml_tot_1	684	229.205	9.289	237	196	243	11.320	26.232	11.343	26.149	166.894	10920	2130	23	51	52.332	16.642	99.879	0.309	52.173	156776	230	-0.689	0.244	0	10928	2130	684	1.101	80	0.101	222	229	236	0	0	1	2	0	0	0	0	0	0	0	2.933	3.071	3.579	3.761	144	881	2.011	2.217
114	estuario2_300_07agosto2013_600ml_tot_1	3692	152.643	60.582	77	72	249	77.305	23.733	72.940	24.302	428.215	7507	2161	129	54	106.187	44.269	176.279	0.253	130.541	563558	150	0.136	-1.519	0.163	7589	2161	3686	1.178	359	0.239	88	149	213	0	0	1	2	0	0	0	0	0	0	0	3.475	3.536	3.572	3.599	361	5095	37.785	2.406
115	estuario2_300_07agosto2013_600ml_tot_1	1168	142.239	63.814	243	57	243	23.905	20.054	23.398	19.328	158.652	13436	2162	49	39	48.940	30.387	147.354	0.583	52.802	166135	120	0.360	-1.437	0	13452	2162	1168	1.066	79	0.066	84	119	211	0	0	1	1	0	0	0	0	0	0	0	2.197	2.185	2.357	2.349	172	1308	3.008	2.027
116	estuario2_300_07agosto2013_600ml_tot_1	3843	170.350	60.068	242	78	251	95.668	39.922	94.554	40.503	573.193	7959	2165	157	96	94.348	51.862	177.951	0.147	161.301	654654	183	-0.164	-1.688	0.364	8049	2165	3829	1.200	397	0.281	102	182	229	0	0	1	1	0	0	0	0	0	0	0	5.631	5.654	4.082	4.101	502	8709	66.586	2.956
117	estuario2_300_07agosto2013_600ml_tot_1	1480	170.247	54.706	240	67	244	22.878	21.343	23.336	21.626	188.208	12098	2175	45	50	49.680	37.931	51.647	0.525	55	251965	177	-0.234	-1.410	0.068	12115	2175	1479	1.083	93	0.084	118	176	222	0	0	1	1	0	0	0	0	0	0	0	1.973	1.994	1.898	1.960	186	1650	3.222	1.662
118	estuario2_300_07agosto2013_600ml_tot_1	1404	185.601	35.678	243	119	244	23.033	21.100	22.792	20.813	161.480	13651	2198	49	45	48.381	36.949	31.560	0.677	52.802	260584	183	0.043	-1.275	0.071	13678	2198	1403	1.056	107	0.089	153	182	217	0	0	4	1	0	0	0	0	0	0	0	2.074	2.095	2.018	2.050	184	1531	4.253	2.458
119	estuario2_300_07agosto2013_600ml_tot_1	7869	173.412	52.574	243	74	246	83.770	146.916	82.405	143.394	1174.036	11555	2210	173	280	204.848	48.910	105.505	0.072	290.947	1364578	183	-0.364	-1.175	0.089	11620	2210	7862	1.232	854	0.402	128	182	220	0	0	4	4	0	0	0	0	0	0	0	8.914	9.421	10.661	11.192	902	25919	184.640	3.939
120	estuario2_300_07agosto2013_600ml_tot_1	1053	184.689	30.762	158	147	249	20.434	21.645	20.342	21.807	152.995	13539	2212	42	44	51.418	26.075	43.484	0.565	55.444	194478	170	0.673	-1.080	0.190	13573	2212	1051	1.063	77	0.107	158	169	212	0	0	4	1	0	0	0	0	0	0	0	2.274	2.274	2.144	2.168	168	1169	2.019	3.354
121	estuario2_300_07agosto2013_600ml_tot_1	8513	177.696	52.453	242	77	255	68.636	117.283	71.566	113.286	1104.403	1996	2219	132	249	143.193	75.695	83.961	0.088	249.072	1512725	178	-0.046	-1.549	6.602	2003	2219	7951	1.285	833	0.511	126	163	225	0	0	3	2	0	0	0	0	0	0	0	5.934	5.963	8.258	8.102	758	23361	219.490	2.835
122	estuario2_300_07agosto2013_600ml_tot_1	6224	119.205	72.483	57	50	248	77.179	50.715	73.618	48.809	550.624	7438	2220	158	92	167.715	47.251	157.919	0.258	172.235	741929	75	0.768	-1.176	0.546	7442	2220	6190	1.163	746	0.557	62	74	198	0	0	3	1	0	0	0	0	0	0	0	3.702	3.710	4.331	4.359	495	7270	139.270	2.268
123	estuario2_300_07agosto2013_600ml_tot_1	1132	155.769	61.508	242	73	243	18.998	25.299	19.083	25.451	177.966	2122	2222	37	51	53.386	26.998	116.153	0.449	56.036	176331	149	0.106	-1.585	0	2141	2222	1132	1.088	107	0.074	93	148	220	0	0	1	1	0	0	0	0	0	0	0	2.247	2.293	2.506	2.581	172	1294	4.125	2
124	estuario2_300_07agosto2013_600ml_tot_1	3702	175.397	50.995	112	101	249	36.028	65.009	36.314	66.123	550.725	1912	2239	120	122	84.797	55.586	100.074	0.153	139.291	649319	176	-0.020	-1.650	0.648	1964	2239	3678	1.199	409	0.270	119	174	228	0	0	1	1	0	0	0	0	0	0	0	5.239	5.157	3.683	3.699	480	8204	43.500	2.507
125	estuario2_300_07agosto2013_600ml_tot_1	3047	135.915	70.574	48	45	248	37.959	33.832	39.021	34.855	313.061	12353	2257	76	69	84.178	46.088	138.497	0.391	91.967	414132	125	0.239	-1.465	0.558	12369	2257	3030	1.133	342	0.183	68	123	207	0	0	1	2	0	0	0	0	0	0	0	2.333	2.295	2.345	2.205	286	3478	46.106	1.738
126	estuario2_300_07agosto2013_600ml_tot_1	1419	166.458	41.882	137	94	245	23.492	21.068	23.427	20.962	173.137	9425	2292	47	44	50.506	35.773	39.890	0.595	57.315	236204	151	0.546	-0.943	0.282	9447	2292	1415	1.070	131	0.103	135	150	200	0	0	4	2	0	0	0	0	0	0	0	1.940	1.972	1.877	1.890	178	1550	4.836	1.991
127	estuario2_300_07agosto2013_600ml_tot_1	1028	123.450	75.311	50	46	245	19.061	20.112	19.123	19.987	149.480	12110	2307	40	39	37.982	34.461	135.866	0.578	40.792	126907	84	0.510	-1.456	0.097	12124	2307	1027	1.050	111	0.090	55	83	206	0	0	1	1	0	0	0	0	0	0	0	2.035	2.039	1.941	1.938	154	1113	6.194	1.609
128	estuario2_300_07agosto2013_600ml_tot_1	2074	137.108	59.541	79	73	245	26.715	27.664	27.684	27.525	225.220	13022	2312	62	56	56.714	46.562	23.658	0.514	66.068	284361	110	0.648	-1.177	0.096	13045	2312	2072	1.096	208	0.164	84	109	194	0	0	1	1	0	0	0	0	0	0	0	2.186	2.198	2.217	2.189	232	2348	12.329	3.188
129	estuario2_300_07agosto2013_600ml_tot_1	934	201.895	38.777	242	96	243	31.850	41.226	30.476	39.656	233.664	7105	2319	59	67	72.126	16.488	131.269	0.215	81.400	188570	211	-1.208	0.568	0	7113	2319	934	1.133	103	0.080	190	210	231	0	0	1	2	0	0	0	0	0	0	0	5.554	5.782	6.940	7.207	248	1675	7.379	2.919
130	estuario2_300_07agosto2013_600ml_tot_1	2454	153.642	52.048	242	81	247	38.502	49.788	38.561	49.624	310.375	14046	2331	77	100	125.256	24.945	56.203	0.320	114.865	377038	130	0.596	-1.209	0.204	14105	2331	2449	1.145	256	0.168	111	129	205	0	0	5	1	0	0	0	0	0	0	0	4.498	4.533	5.600	5.634	350	2890	28.714	1.294
131	estuario2_300_07agosto2013_600ml_tot_1	3336	168.251	53.903	96	82	245	48.354	44.240	47.841	47.137	367.144	14596	2344	82	97	99.351	42.753	57.706	0.311	106	561284	181	-0.133	-1.564	0.030	14660	2344	3335	1.147	246	0.198	108	180	217	0	0	1	1	0	0	0	0	0	0	0	3.230	3.314	3.422	3.503	353	4308	25.650	1.396
132	estuario2_300_07agosto2013_600ml_tot_1	1387	123.377	72.487	56	52	244	22.809	22.319	22.763	22.170	181.522	8643	2354	44	45	44.544	39.645	120.692	0.529	47.634	171124	84	0.605	-1.344	0.072	8665	2354	1386	1.071	204	0.136	59	82	202	0	0	1	1	0	0	0	0	0	0	0	1.854	1.929	1.789	1.877	174	1495	11.617	1.434
133	estuario2_300_07agosto2013_600ml_tot_1	1912	172.902	52.455	242	57	244	32.247	35.960	31.268	35.134	285.789	12290	2365	74	63	58.478	41.630	164.869	0.294	78.746	330589	179	-0.430	-0.885	0.052	12312	2365	1911	1.155	178	0.099	135	178	219	0	0	2	2	0	0	0	0	0	0	0	2.755	3.226	3.378	3.766	270	3003	15.781	2.800
134	estuario2_300_07agosto2013_600ml_tot_1	2069	170.805	54.296	243	62	245	21.429	37.297	20.777	36.849	235.806	11448	2371	45	72	66.287	39.741	79.270	0.468	73.546	353395	178	-0.285	-1.321	0.145	11461	2371	2066	1.107	151	0.106	122	177	220	0	0	1	1	0	0	0	0	0	0	0	2.286	2.244	2.132	2.155	230	2339	14.302	1.576
135	estuario2_300_07agosto2013_600ml_tot_1	2123	119.286	77.871	44	40	245	19.546	36.440	19.440	35.492	243.806	8806	2380	42	71	69.342	38.982	94.764	0.449	71.701	253244	79	0.509	-1.447	0.141	8822	2380	2120	1.104	232	0.191	47	78	206	0	0	1	1	0	0	0	0	0	0	0	2.126	2.125	2.275	2.285	222	2331	21.281	1.652
136	estuario2_300_07agosto2013_600ml_tot_1	12637	159.727	70.053	243	38	255	81.398	69.746	73.835	69.917	872.254	10497	2386	158	138	152.280	105.660	22.091	0.209	181.893	2018464.000	165	-0.208	-1.379	10.968	10625	2386	11251	1.275	1266	0.449	85	149	212	0	0	8	2	0	0	0	0	0	0	0	2.202	2.231	2.701	2.698	588	16317	160.453	3.139
137	estuario2_300_07agosto2013_600ml_tot_1	3484	128.636	65.160	243	50	246	39.199	64.021	38.498	62.482	407.813	11496	2407	74	127	143.762	30.856	114.255	0.263	136.854	448169	96	0.694	-1.147	0.086	11510	2407	3481	1.154	347	0.232	75	94	193	0	0	5	1	0	0	0	0	0	0	0	4.298	4.281	5.053	5.025	398	4103	57.117	1.742
138	estuario2_300_07agosto2013_600ml_tot_1	2959	148.603	58.798	84	73	245	38.233	37.449	40.341	35.466	352.659	12937	2420	86	66	78.127	48.223	18.820	0.299	95.880	439716.000	135	0.347	-1.436	0.068	13020	2420	2957	1.159	296	0.195	90	133	208	0	0	1	1	0	0	0	0	0	0	0	2.597	2.663	2.221	2.305	300	3872	19.546	2.014
139	estuario2_300_07agosto2013_600ml_tot_1	784	197.509	39.624	243	114	245	18.131	25.351	18.159	24.650	162.894	10957	2425	38	46	49.193	20.292	52.550	0.371	54.644	154847	210	-0.542	-1.136	0.128	10988	2425	783	1.085	77	0.064	160	209	232	0	0	1	1	0	0	0	0	0	0	0	2.899	2.990	3.206	3.281	164	1049	5.752	2.353
140	estuario2_300_07agosto2013_600ml_tot_1	2178	175.292	54.780	243	59	245	32.590	37.105	34.186	36.486	360.659	8907	2428	73	69	63.437	43.715	160.383	0.210	83.355	381785	186	-0.450	-1.163	0.046	8946	2428	2177	1.190	227	0.126	126	185	225	0	0	1	1	0	0	0	0	0	0	0	2.778	2.976	3.081	3.265	280	3472	19.657	4.091
141	estuario2_300_07agosto2013_600ml_tot_1	4524	128.716	64.986	243	49	247	37.502	73.838	38.140	71.766	459.411	10209	2428	71	147	150.305	38.323	70.201	0.269	151.585	582310	105	0.623	-1.134	0.133	10259	2428	4518	1.153	511	0.258	72	104	188	0	0	2	1	0	0	0	0	0	0	0	4.005	4.026	4.782	4.795	432	5118	75.241	1.808
142	estuario2_300_07agosto2013_600ml_tot_1	2215	139.663	74.715	55	50	248	15.207	63.635	15.252	65.006	377.487	13398	2445	29	134	130.537	21.605	90.607	0.195	134.536	309354	126	0.183	-1.663	0.361	13410	2445	2207	1.177	304	0.181	61	123	222	0	0	1	1	0	0	0	0	0	0	0	5.807	5.632	7.145	6.922	322	3106	34.850	1.686
143	estuario2_300_07agosto2013_600ml_tot_1	850	204.802	25.714	243	138	243	15.805	24.235	15.820	24.226	148.853	2655	2465	30	46	41.561	26.040	91.075	0.482	47.074	174082	208	-0.384	-0.752	0	2664	2465	850	1.073	56	0.067	185	207	226	0	0	2	1	0	0	0	0	0	0	0	2.182	2.246	2.489	2.539	148	1042	2.116	2.273
144	estuario2_300_07agosto2013_600ml_tot_1	9485	143.811	62.611	243	42	248	84.666	119.286	80.205	120.983	912.538	7599	2466	140	235	161.376	74.836	87.684	0.143	238.550	1364052	135	0.254	-1.400	0.348	7649	2466	9452	1.201	784	0.485	81	133	203	0	0	1	2	0	0	0	0	0	0	0	5.090	5.009	5.793	5.815	746	19244	133.786	2.139
145	estuario2_300_07agosto2013_600ml_tot_1	2004	209.250	27.837	241	142	250	20.643	63.344	20.540	63.024	394.073	6998	2468	44	122	99.249	25.709	98.159	0.162	122.147	419337	216	-0.561	-0.922	1.248	7028	2468	1979	1.204	278	0.172	185	214	233	0	0	2	1	0	0	0	0	0	0	0	5.616	5.411	6.206	6.058	328	3479	23.561	2.700
146	estuario2_300_07agosto2013_600ml_tot_1	777	231.924	8.525	241	194	246	83.811	5.876	83.322	5.847	353.463	11085	2468	147	13	136.256	7.261	177.474	0.078	147.122	180205	233	-0.692	0.592	0.257	11121	2468	775	1.246	167	0.130	224	232	239	0	0	1	2	0	0	0	0	0	0	0	19.645	19.694	20.762	20.775	316	1291	22.343	1.882
147	estuario2_300_07agosto2013_600ml_tot_1	1630	195.455	29.687	242	123	243	47.199	20.618	47.322	20.892	294.191	2440	2473	99	47	73.292	28.317	166.234	0.237	99.408	318592	191	0.026	-1.090	0	2475	2473	1630	1.163	135	0.118	170	190	222	0	0	3	3	0	0	0	0	0	0	0	4.865	4.615	5.902	5.682	288	2854	4.545	2.397
148	estuario2_300_07agosto2013_600ml_tot_1	5890	153.968	51.550	243	76	245	132.971	74.970	133.258	74.309	752.046	13529	2482	265	162	312.063	24.032	31.310	0.131	304.243	906871	130	0.582	-1.233	0.085	13778	2482	5885	1.200	490	0.393	112	129	206	0	0	7	1	0	0	0	0	0	0	0	11.522	11.479	15.258	15.146	850	8716	96.550	2.267
149	estuario2_300_07agosto2013_600ml_tot_1	1096	184.740	42.670	243	109	243	33.089	22.853	32.233	21.920	182.693	11149	2490	54	46	49.081	28.432	132.008	0.413	65	202475	192	-0.172	-1.413	0	11149	2490	1096	1.083	84	0.070	143	190	225	0	0	1	1	0	0	0	0	0	0	0	3.000	3.063	2.270	2.358	196	1408	5.389	3.561
150	estuario2_300_07agosto2013_600ml_tot_1	2205	155.173	58.586	84	79	243	20.631	62.085	19.601	59.760	299.463	7138	2501	41	100	75.496	37.187	87.661	0.309	100.603	342156	145	0.206	-1.572	0	7158	2501	2205	1.129	189	0.143	95	144	216	0	0	1	1	0	0	0	0	0	0	0	3.505	3.615	3.734	3.844	278	2899	10.483	1.968
151	estuario2_300_07agosto2013_600ml_tot_1	733	198.779	40.605	243	105	243	35.429	30.340	34.449	32.418	210.936	8413	2502	54	66	62.951	14.826	63.027	0.207	78.746	145705	210	-0.852	-0.503	0	8454	2502	733	1.103	86	0.061	178	209	232	0	0	1	2	0	0	0	0	0	0	0	6.385	6.425	7.665	7.821	235	1581	5.784	2.391
152	estuario2_300_07agosto2013_600ml_tot_1	6479	173.710	44.879	243	82	244	141.182	48.640	137.065	48.855	736.607	8632	2509	239	99	234.399	35.193	15.934	0.150	246.455	1125468	173	-0.066	-1.176	0.046	8850	2509	6476	1.197	477	0.318	137	171	214	0	0	3	1	0	0	0	0	0	0	0	6.982	7.211	9.070	9.191	672	10141	97.961	2.364
153	estuario2_300_07agosto2013_600ml_tot_1	2452	180.694	53.878	242	86	245	35.168	79.779	32.608	79.755	528.215	11172	2533	93	155	57.101	54.675	65.806	0.110	155.081	443062	203	-0.239	-1.671	0.041	11175	2533	2451	1.175	294	0.193	122	202	231	0	0	1	1	0	0	0	0	0	0	0	8.749	8.933	7.020	7.081	492	7520	31.852	2.188
154	estuario2_300_07agosto2013_600ml_tot_1	1206	196.129	28.443	205	117	243	21.094	26.402	20.692	26.243	156.409	8052	2548	38	51	46.416	33.082	101.281	0.619	51.088	236531.000	198	-0.447	-0.154	0	8077	2548	1206	1.058	73	0.088	178	197	216	0	0	1	2	0	0	0	0	0	0	0	2.217	2.243	2.127	2.176	174	1323	2.313	1.571
155	estuario2_300_07agosto2013_600ml_tot_1	1500	178.891	47.994	243	84	243	20.333	50.190	20.566	48.902	254.291	7852	2554	41	86	85.721	22.280	71.504	0.291	89.286	268337	187	-0.358	-1.153	0	7879	2554	1500	1.131	148	0.083	136	186	222	0	0	2	3	0	0	0	0	0	0	0	3.869	4.037	4.458	4.622	250	2093	9.744	2
156	estuario2_300_07agosto2013_600ml_tot_1	1901	166.292	54.838	243	58	246	37.950	23.929	36.474	23.685	241.563	12078	2565	70	47	61.423	39.406	169.542	0.409	78.262	316121	170	-0.206	-1.291	0.053	12110	2565	1900	1.115	144	0.095	118	169	217	0	0	1	1	0	0	0	0	0	0	0	2.462	2.471	2.390	2.478	230	2262	8.571	3.394
157	estuario2_300_07agosto2013_600ml_tot_1	2013	173.735	51.981	243	57	243	24.263	27.499	24.677	27.432	246.291	8997	2571	57	62	63.346	40.461	49.595	0.417	75.073	349729	178	-0.316	-1.125	0	9022	2571	2013	1.119	136	0.107	131	177	223	0	0	2	1	0	0	0	0	0	0	0	2.340	2.330	2.386	2.420	234	2372	11.136	4.353
158	estuario2_300_07agosto2013_600ml_tot_1	7975	174.522	55.510	243	56	254	80.721	56.937	79.559	56.220	858.555	11580	2571	160	135	136.340	74.476	151.306	0.136	195.533	1391811	175	-0.062	-1.540	8.226	11584	2571	7319	1.286	802	0.428	118	159	223	0	0	8	4	0	0	0	0	0	0	0	3.315	3.430	4.727	4.832	586	14436	210.460	5.911
159	estuario2_300_07agosto2013_600ml_tot_1	2001	126.315	69.021	57	52	244	22.012	37.358	21.984	37.716	256.291	12297	2571	42	80	84.104	30.293	109.878	0.383	87.664	252757	93	0.626	-1.262	0.050	12300	2571	2000	1.114	191	0.143	66	92	198	0	0	1	2	0	0	0	0	0	0	0	2.707	2.781	3.178	3.236	240	2194	14.029	2.642
160	estuario2_300_07agosto2013_600ml_tot_1	2707	163.288	49.177	106	88	243	51.326	28.571	48.884	29.038	280.492	13345	2590	91	57	92.735	37.167	24.216	0.432	99.765	442021	162	0.110	-1.424	0	13415	2590	2707	1.113	150	0.146	113	161	207	0	0	1	1	0	0	0	0	0	0	0	2.833	2.893	2.500	2.509	292	3062	12.023	1.817
161	estuario2_300_07agosto2013_600ml_tot_1	3228	155.705	59.789	84	76	248	73.664	29.879	70.499	30.088	436.257	12475	2596	117	67	89.610	45.865	6.801	0.213	117.427	502617	148	0.154	-1.582	0.124	12558	2596	3224	1.181	316	0.210	93	146	218	0	0	1	1	0	0	0	0	0	0	0	3.667	3.838	3.803	3.866	363	4973	49.198	3.109
162	estuario2_300_07agosto2013_600ml_tot_1	3928	157.075	59.079	79	73	249	33.704	49.512	31.318	51.998	378.902	11745	2598	65	124	106.045	47.162	75.735	0.344	127.613	616990	163	-0.012	-1.525	0.433	11788	2598	3911	1.153	331	0.220	93	162	213	0	0	1	2	0	0	0	0	0	0	0	3.372	3.429	3.570	3.602	374	4796	31.919	2.143
163	estuario2_300_07agosto2013_600ml_tot_1	8205	153.800	49.402	243	67	248	69.946	111.262	69.398	111.348	880.555	11985	2599	137	269	190.015	54.979	114.029	0.133	285.955	1261929	143	0.432	-0.896	0.073	12021	2599	8199	1.200	655	0.458	119	142	190	0	0	2	3	0	0	0	0	0	0	0	7.313	7.424	9.484	9.496	808	16705	155.550	3.055
164	estuario2_300_07agosto2013_600ml_tot_1	713	234.729	7.063	243	208	246	31.590	37.318	31.576	37.234	390.257	8159	2600	62	84	46.427	19.554	119.382	0.059	93.915	167362	236	-1.016	0.725	0.561	8178	2600	709	1.204	173	0.133	230	235	239	0	0	0	2	0	0	0	0	0	0	0	9.751	9.980	15.068	15.156	288	2516	24.029	2.132
165	estuario2_300_07agosto2013_600ml_tot_1	3682	150.739	56.690	80	72	245	27.023	50.640	25.179	54.366	360.517	12958	2604	54	124	112.212	41.778	75.960	0.356	127.883	555022	148	0.204	-1.414	0.081	12985	2604	3679	1.136	286	0.211	92	147	201	0	0	1	2	0	0	0	0	0	0	0	3.362	3.402	3.509	3.510	352	4315	21.526	1.946
166	estuario2_300_07agosto2013_600ml_tot_1	2441	175.265	54.594	221	56	243	41.855	28.559	43.456	29.506	233.220	9135	2618	74	61	68.198	45.573	162.250	0.564	74.673	427823	194	-0.779	-0.651	0	9169	2618	2441	1.088	132	0.128	138	193	218	0	0	2	2	0	0	0	0	0	0	0	2.495	2.491	2.722	2.715	266	2793	6.750	2.118
167	estuario2_300_07agosto2013_600ml_tot_1	2493	159.441	58.751	243	53	247	34.816	48.616	32.973	46.846	345.588	14013	2632	71	82	72.249	43.934	118.218	0.262	89.889	397487	156	-0.037	-1.395	0.201	14020	2632	2488	1.174	273	0.123	105	155	217	0	0	1	1	0	0	0	0	0	0	0	2.963	3.183	3.039	3.261	302	3589	24.725	3.022
168	estuario2_300_07agosto2013_600ml_tot_1	2254	159.154	63.163	243	71	245	34.492	62.960	34.416	63.115	413.813	6601	2643	92	135	125.440	22.879	57.895	0.165	159.223	358732	159	0.005	-1.635	0.044	6685	2643	2253	1.182	223	0.155	91	158	226	0	0	5	1	0	0	0	0	0	0	0	8.295	7.745	10.243	9.640	450	4393	47.840	2.488
169	estuario2_300_07agosto2013_600ml_tot_1	2190	103.278	77.098	43	39	243	28.251	28.969	28.310	28.757	216.492	11184	2647	61	53	55.611	50.141	152.944	0.587	63.325	226178	54	0.863	-1.005	0	11209	2647	2190	1.077	163	0.286	43	53	179	0	0	1	1	0	0	0	0	0	0	0	1.899	2.016	1.966	2.115	224	2323	12.950	2.305
170	estuario2_300_07agosto2013_600ml_tot_1	1525	124.797	67.557	57	47	243	27.431	21.295	27.913	20.697	171.823	10401	2666	56	40	53.313	36.420	10.085	0.649	57.070	190315	97	0.614	-1.193	0	10428	2666	1525	1.060	97	0.092	65	96	189	0	0	1	1	0	0	0	0	0	0	0	2.068	2.075	2.108	2.132	188	1643	5.279	2.530
171	estuario2_300_07agosto2013_600ml_tot_1	1861	159.123	40.620	121	102	243	28.667	21.863	27.954	22.096	189.723	14358	2668	58	47	55.158	42.959	4.700	0.650	58.856	296128	148	0.774	-0.617	0	14374	2668	1861	1.066	149	0.126	126	147	183	0	0	1	2	0	0	0	0	0	0	0	1.981	2.002	2.094	2.076	206	2027	5.759	1.626
172	estuario2_300_07agosto2013_600ml_tot_1	1694	216.559	19.871	243	170	245	25.656	27.537	25.736	27.646	222.049	12145	2673	48	58	52.417	41.148	122.411	0.432	61.033	366851	220	-0.385	-1.126	0.295	12169	2673	1689	1.100	192	0.169	198	219	234	0	0	1	1	0	0	0	0	0	0	0	2.102	2.236	2.025	2.150	208	1904	25.896	2.500
173	estuario2_300_07agosto2013_600ml_tot_1	2359	166.010	51.041	102	97	243	26.413	36.029	26.994	38.876	337.889	3072	2680	60	89	77.817	38.598	120.004	0.260	102.396	391618	163	0.141	-1.550	0	3082	2680	2359	1.163	161	0.158	114	162	217	0	0	1	1	0	0	0	0	0	0	0	3.109	3.214	3.351	3.444	294	3451	13.526	2.156
174	estuario2_300_07agosto2013_600ml_tot_1	2961	173.602	57.406	243	83	246	60.924	37.310	61.999	37.831	487.127	8210	2693	114	84	82.835	45.513	8.870	0.157	117.881	514037	186	-0.122	-1.707	0.405	8318	2693	2949	1.210	344	0.229	111	185	232	0	0	2	1	0	0	0	0	0	0	0	4.443	4.470	3.222	3.323	392	5023	60.097	3.955
175	estuario2_300_07agosto2013_600ml_tot_1	4010	155.475	59.464	243	72	248	29.981	50.373	27.760	54.588	418.014	14272	2705	58	126	108.317	47.137	80.626	0.288	129.757	623454	157	0.081	-1.532	0.798	14301	2705	3978	1.194	360	0.219	92	154	214	0	0	1	1	0	0	0	0	0	0	0	3.180	3.241	3.518	3.586	364	5004	34.174	2.074
176	estuario2_300_07agosto2013_600ml_tot_1	1911	168.752	55.746	241	57	245	46.161	26.472	44.021	26.531	279.120	9835	2713	75	53	63.361	38.402	12.348	0.308	77.621	322485	176	-0.296	-1.261	0.105	9882	2713	1909	1.146	191	0.103	118	175	220	0	0	1	1	0	0	0	0	0	0	0	2.741	2.941	2.871	3.032	252	2834	8.206	2.588
177	estuario2_300_07agosto2013_600ml_tot_1	2561	162.709	59.685	243	56	243	52.118	38.249	51.110	35.477	385.831	13412	2738	87	71	73.903	44.122	142.263	0.216	95.901	416699	163	-0.175	-1.374	0	13417	2738	2561	1.183	249	0.141	104	162	221	0	0	1	2	0	0	0	0	0	0	0	2.990	3.305	3.213	3.554	311	4165	33.858	3.405
178	estuario2_300_07agosto2013_600ml_tot_1	2679	149.150	61.876	81	74	248	48.506	24.856	45.814	23.146	269.948	14188	2747	87	48	80.110	42.579	177.221	0.462	93.048	399574	134	0.312	-1.556	1.045	14189	2747	2651	1.121	185	0.201	87	130	216	0	0	1	1	0	0	0	0	0	0	0	2.389	2.457	2.658	2.743	266	3292	17.082	1.792
179	estuario2_300_07agosto2013_600ml_tot_1	1475	123.193	77.637	47	43	246	26.708	23.158	26.021	22.591	187.380	9201	2749	49	46	44.730	41.986	148.972	0.528	53.712	181710	86	0.449	-1.517	0.136	9236	2749	1473	1.074	156	0.137	50	85	212	0	0	1	1	0	0	0	0	0	0	0	1.998	1.978	2.123	2.192	186	1626	10.434	2.186
180	estuario2_300_07agosto2013_600ml_tot_1	5902	160.274	58.683	243	57	250	79.726	45.055	77.327	47.407	732.833	11513	2752	127	119	96.433	77.926	126.482	0.138	127.475	945935.000	162	-0.035	-1.478	0.373	11598	2752	5880	1.257	626	0.321	97	161	217	0	0	2	3	0	0	0	0	0	0	0	3.371	3.196	3.366	3.396	488	9179	104.073	2.146
181	estuario2_300_07agosto2013_600ml_tot_1	1703	127.748	63.024	243	51	243	26.854	25.952	26.620	25.473	184.693	11653	2754	52	52	46.926	46.207	8.678	0.627	52.345	217555	99	0.739	-1.005	0	11681	2754	1703	1.068	124	0.104	77	98	185	0	0	1	1	0	0	0	0	0	0	0	2.143	2.161	2.133	2.155	204	1861	7.346	1.905
182	estuario2_300_07agosto2013_600ml_tot_1	1772	170.622	55.663	243	61	244	43.844	25.766	41.516	26.206	290.534	10995	2766	71	53	63.260	35.665	21.912	0.264	81.271	302342	181	-0.325	-1.305	0.113	11043	2766	1770	1.148	175	0.099	116	180	222	0	0	1	1	0	0	0	0	0	0	0	2.689	2.934	2.658	2.851	244	2853	11.049	1.812
183	estuario2_300_07agosto2013_600ml_tot_1	3330	158.627	52.346	243	79	245	55.856	50.836	52.649	49.284	387.286	13177	2778	99	86	101.879	41.617	144.183	0.279	124.197	528228	158	0.170	-1.419	0.120	13178	2778	3326	1.163	220	0.183	105	157	205	0	0	1	2	0	0	0	0	0	0	0	3.448	3.499	3.701	3.769	366	4232	26.410	2.600
184	estuario2_300_07agosto2013_600ml_tot_1	686	146.615	64.324	242	63	243	15.828	16.864	15.604	16.821	114.368	12926	2795	30	34	31.942	27.345	105.856	0.659	34.132	100578	136	0.219	-1.541	0	12943	2795	686	1.009	67	0.046	80	135	214	0	0	1	1	0	0	0	0	0	0	0	1.934	1.987	1.948	1.987	124	744	2.298	1.558
185	estuario2_300_07agosto2013_600ml_tot_1	1916	169.196	52.304	240	54	243	25.305	33.428	25.345	33.367	208.007	14180	2799	49	69	62.269	39.178	113.658	0.556	74.465	324179	172	-0.309	-1.080	0	14186	2799	1916	1.085	108	0.091	129	171	216	0	0	1	1	0	0	0	0	0	0	0	2.499	2.484	2.161	2.246	232	2189	4.449	1.941
186	estuario2_300_07agosto2013_600ml_tot_1	1607	181.341	46.439	242	77	245	23.815	26.927	23.929	28.315	252.735	2426	2800	60	55	53.444	38.285	126.459	0.316	73.246	291415	186	-0.428	-0.998	0.062	2448	2800	1606	1.134	164	0.093	144	185	223	0	0	1	2	0	0	0	0	0	0	0	2.478	2.643	2.804	3.040	226	2436	6.846	2.420
187	estuario2_300_07agosto2013_600ml_tot_1	1865	165.775	55.744	241	59	243	54.741	28.271	52.438	27.959	280.836	10746	2800	84	51	65.687	36.150	176.975	0.297	84.853	309170	175	-0.216	-1.336	0	10813	2800	1865	1.131	189	0.095	112	174	216	0	0	1	1	0	0	0	0	0	0	0	3.210	3.435	3.049	3.249	265	2772	5.799	2.700
188	estuario2_300_07agosto2013_600ml_tot_1	4007	153.183	59.071	82	74	248	59.973	50.965	57.686	47.117	415.127	8426	2803	106	94	114.194	44.677	134.298	0.292	133.735	613806	145	0.180	-1.489	0.524	8426	2803	3986	1.179	360	0.238	91	143	212	0	0	1	1	0	0	0	0	0	0	0	3.378	3.434	3.693	3.699	396	4889	51.595	2.887
189	estuario2_300_07agosto2013_600ml_tot_1	5170	156.979	53.667	243	76	246	51.271	55.214	49.361	57.481	496.968	9049	2803	93	108	95.719	68.770	66.933	0.263	129.800	811581	147	0.274	-1.439	0.135	9107	2803	5163	1.181	488	0.284	106	145	209	0	0	3	4	0	0	0	0	0	0	0	2.414	2.429	2.650	2.870	398	7042	66.719	2.868
190	estuario2_300_07agosto2013_600ml_tot_1	3673	176.460	47.764	243	84	244	51.427	67.290	52.205	67.118	657.495	2175	2806	155	115	84.171	55.560	37.440	0.107	156.042	648139	172	0.017	-1.487	0.027	2222	2806	3672	1.210	356	0.233	133	170	227	0	0	3	2	0	0	0	0	0	0	0	6.623	6.827	4.719	4.816	535	9368	64.682	6.011
191	estuario2_300_07agosto2013_600ml_tot_1	5356	166.767	52.190	242	63	247	32.068	133.718	32.813	134.973	717.075	7597	2822	81	232	193.162	35.304	97.434	0.131	233.137	893203	161	0.073	-1.437	0.093	7608	2822	5351	1.207	504	0.296	120	160	220	0	0	10	2	0	0	0	0	0	0	0	7.507	7.606	8.994	9.047	622	10564	117.788	4.491
192	estuario2_300_07agosto2013_600ml_tot_1	1507	214.185	24.496	240	122	246	36.976	23.794	37.388	23.862	293.362	10429	2830	73	55	74.754	25.668	146.389	0.220	85.212	322777	220	-1.135	1.062	0.597	10453	2830	1498	1.173	165	0.141	200	219	232	0	0	2	2	0	0	0	0	0	0	0	3.521	3.538	3.590	3.635	252	2393	9.411	3.038
193	estuario2_300_07agosto2013_600ml_tot_1	2697	153.283	57.169	242	70	243	30.320	38.068	31.134	39.504	268.434	8592	2862	61	72	71.630	47.940	115.364	0.470	78.816	413405	153	0.101	-1.483	0	8619	2862	2697	1.110	208	0.135	94	152	206	0	0	2	2	0	0	0	0	0	0	0	2.229	2.237	2.301	2.343	262	3113	10.045	2.541
194	estuario2_300_07agosto2013_600ml_tot_1	2364	163.302	52.379	242	89	247	45.741	31.328	44.349	29.841	282.333	11158	2862	87	59	90.603	33.221	151.941	0.373	95.258	386045	148	0.260	-1.564	0.635	11196	2862	2349	1.149	191	0.159	112	145	217	0	0	3	1	0	0	0	0	0	0	0	3.175	3.219	3.349	3.380	288	2802	10.825	1.919
195	estuario2_300_07agosto2013_600ml_tot_1	3345	169.669	60.618	243	82	245	79.316	97.574	76.525	94.647	636.749	7949	2882	142	133	76.885	55.394	135.811	0.104	152.013	567542	182	-0.120	-1.743	0.120	8030	2882	3341	1.204	433	0.262	102	181	230	0	0	1	1	0	0	0	0	0	0	0	7.530	7.517	7.950	8.092	546	10150	70.792	2.062
196	estuario2_300_07agosto2013_600ml_tot_1	1842	182.068	41.457	242	117	243	34.338	42.871	34.509	42.567	339.931	2080	2884	59	88	74.042	31.675	111.771	0.200	88.363	335370	169	0.193	-1.554	0	2130	2884	1842	1.156	182	0.139	143	167	226	0	0	3	1	0	0	0	0	0	0	0	4.025	4.121	3.619	3.682	290	3237	15.894	1.568
197	estuario2_300_07agosto2013_600ml_tot_1	6713	155.000	52.411	243	79	246	80.061	129.330	79.990	128.134	743.301	12274	2884	155	216	206.297	41.432	122.909	0.153	257.109	1040516	142	0.395	-1.321	0.119	12280	2884	6705	1.202	507	0.386	106	141	203	0	0	4	3	0	0	0	0	0	0	0	7.110	7.108	8.933	8.894	738	10510	123.260	3.002
198	estuario2_300_07agosto2013_600ml_tot_1	1621	120.320	68.748	55	49	243	27.557	25.573	27.018	25.304	190.693	9574	2887	52	49	48.483	42.570	29.433	0.560	52.345	195038	88	0.695	-1.125	0	9603	2887	1621	1.071	146	0.116	61	87	187	0	0	1	1	0	0	0	0	0	0	0	2.050	2.083	2.098	2.136	198	1745	4.901	1.412
199	estuario2_300_07agosto2013_600ml_tot_1	9253	151.409	62.747	243	45	252	78.124	118.620	79.794	119.196	1275.097	12894	2925	162	226	127.102	92.692	98.141	0.072	229.340	1400985	136	0.133	-1.346	0.940	12955	2925	9166	1.271	959	0.511	101	134	217	0	0	6	3	0	0	0	0	0	0	0	5.256	5.411	4.086	3.950	772	21988	196.724	2.019
200	estuario2_300_07agosto2013_600ml_tot_1	1545	162.821	54.429	240	61	245	22.414	29.559	21.824	28.426	189.037	13726	2940	46	58	49.546	39.704	124.439	0.543	58.215	251559.000	165	-0.062	-1.322	0.194	13740	2940	1542	1.092	152	0.078	112	164	214	0	0	1	1	0	0	0	0	0	0	0	2.324	2.370	2.023	2.112	203	1740	4.339	3.980
201	estuario2_300_07agosto2013_600ml_tot_1	4022	149.100	57.083	80	75	246	24.647	75.236	23.724	71.115	383.588	6959	2945	50	131	114.988	44.535	86.883	0.343	131.643	599681	139	0.296	-1.381	0.050	6986	2945	4020	1.141	344	0.246	91	138	205	0	0	1	3	0	0	0	0	0	0	0	3.292	3.341	3.405	3.424	357	4832	23.696	2.043
202	estuario2_300_07agosto2013_600ml_tot_1	2650	188.069	50.719	243	69	246	32.037	36.314	30.624	39.074	330.132	11123	2945	64	78	83.289	40.511	65.305	0.306	84.077	498383	209	-0.772	-0.750	0.642	11157	2945	2633	1.179	268	0.177	149	208	229	0	0	1	2	0	0	0	0	0	0	0	2.547	2.568	3.063	3.183	280	3444	39.608	2.863
203	estuario2_300_07agosto2013_600ml_tot_1	2891	152.337	48.380	243	79	244	60.675	21.049	60.424	20.734	345.404	14399	2946	120	43	130.417	28.224	169.973	0.305	120.266	440407	134	0.757	-0.862	0.104	14407	2946	2888	1.135	255	0.194	115	133	190	0	0	5	1	0	0	0	0	0	0	0	3.873	3.907	4.621	4.642	322	3269	37.388	1.574
204	estuario2_300_07agosto2013_600ml_tot_1	1854	171.964	54.275	242	72	243	32.494	22.457	31.890	22.018	276.333	12993	2953	70	45	65.635	35.965	163.314	0.305	73.682	318821	178	-0.268	-1.308	0	12996	2953	1854	1.141	181	0.107	124	177	222	0	0	1	1	0	0	0	0	0	0	0	2.452	2.443	2.421	2.475	225	2160	30.323	1.854
205	estuario2_300_07agosto2013_600ml_tot_1	1769	161.427	58.428	243	78	243	62.821	21.326	62.898	21.171	329.262	9945	2971	124	39	137.996	16.322	11.687	0.205	126.696	285564	154	0.105	-1.568	0	10063	2971	1769	1.156	165	0.115	102	153	225	0	0	4	1	0	0	0	0	0	0	0	6.636	6.649	8.484	8.469	322	2129	23.709	1.429
206	estuario2_300_07agosto2013_600ml_tot_1	1076	203.582	27.891	241	132	243	19.954	21.766	20.430	21.735	200.451	10471	2975	61	43	43.010	31.853	7.728	0.337	63.891	219054	208	-0.417	-0.886	0	10480	2975	1076	1.098	125	0.082	180	207	227	0	0	2	1	0	0	0	0	0	0	0	3.237	3.408	3.095	3.217	203	1610	2.647	2.398
207	estuario2_300_07agosto2013_600ml_tot_1	859	161.128	53.443	107	97	243	23.580	15.310	23.621	15.107	135.095	5382	2979	48	31	50.485	21.664	22.597	0.591	52	138409	144	0.330	-1.556	0	5420	2979	859	1.046	60	0.076	108	143	220	0	0	1	1	0	0	0	0	0	0	0	2.532	2.547	2.512	2.598	154	926	0.877	2.123
208	estuario2_300_07agosto2013_600ml_tot_1	3622	154.744	58.286	81	73	244	55.047	38.696	50.886	40.520	377.387	12726	2992	99	89	108.628	42.454	37.165	0.320	126.811	560482	159	0.056	-1.514	0.110	12805	2992	3618	1.156	264	0.210	91	158	209	0	0	1	2	0	0	0	0	0	0	0	3.277	3.303	3.446	3.416	372	4397	24.837	2.314
209	estuario2_300_07agosto2013_600ml_tot_1	1248	211.694	25.069	218	120	243	23.192	25.243	22.863	25.433	158.309	13041	2994	44	51	44.988	35.321	91.595	0.626	51.352	264194	218	-1.504	2.017	0	13064	2994	1248	1.066	85	0.129	204	217	226	0	0	2	3	0	0	0	0	0	0	0	2.370	2.382	2.760	2.791	186	1400	1.936	2.286
210	estuario2_300_07agosto2013_600ml_tot_1	1427	232.269	8.550	237	198	246	34.837	34.383	34.899	34.506	314.860	10604	2999	58	79	67.419	26.950	122.553	0.181	87.664	331448	234	-1.115	1.136	0.981	10605	2999	1413	1.202	214	0.232	227	233	238	0	0	4	6	0	0	0	0	0	0	0	4.366	4.146	5.556	5.422	270	2615	31.281	1.697
211	estuario2_300_07agosto2013_600ml_tot_1	3147	169.043	60.684	242	81	244	90.810	101.213	88.061	99.421	605.696	13021	2999	155	145	77.840	51.476	146.833	0.108	161.892	531978	184	-0.134	-1.730	0.032	13092	2999	3146	1.173	293	0.235	101	183	229	0	0	1	1	0	0	0	0	0	0	0	9.697	9.761	6.317	6.328	596	11420	31.579	2.679
212	estuario2_300_07agosto2013_600ml_tot_1	2040	146.030	68.100	243	61	245	62.227	32.102	62.367	31.761	328.475	14491	2999	119	53	114.804	22.625	18.925	0.238	124.920	297901	131	0.205	-1.619	0.147	14599	2999	2037	1.159	205	0.147	75	129	221	0	0	2	1	0	0	0	0	0	0	0	5.728	5.392	7.229	6.791	340	3165	31.216	1.983
213	estuario2_300_07agosto2013_600ml_tot_1	2200	181.120	51.605	243	96	243	48.842	49.825	50.748	50.766	517.411	6754	3022	96	124	54.560	51.340	161.093	0.103	134.852	398463	190	-0.146	-1.704	0	6844	3022	2200	1.201	281	0.180	125	189	232	0	0	2	1	0	0	0	0	0	0	0	7.458	7.661	4.138	4.235	436	6185	35.436	2.148
214	estuario2_300_07agosto2013_600ml_tot_1	13545	147.322	66.537	242	39	251	91.524	78.621	91.278	76.036	1289.374	14143	3023	182	199	150.318	114.731	85.322	0.102	207.781	1995470.000	142	-6.468E-4	-1.364	0.871	14183	3023	13427	1.280	1329	0.616	87	141	213	0	0	5	8	0	0	0	0	0	0	0	3.197	3.477	3.095	3.510	758	24487	136.677	2.794
215	estuario2_300_07agosto2013_600ml_tot_1	3736	175.890	50.330	243	97	243	82.670	107.158	79.890	105.701	686.808	1862	3041	147	170	72.962	65.196	149.743	0.100	182.923	657125	170	0.041	-1.722	0	1929	3041	3736	1.190	356	0.284	124	169	228	0	0	1	1	0	0	0	0	0	0	0	9.114	9.202	6.377	6.543	630	12331	36.352	2.140
216	estuario2_300_07agosto2013_600ml_tot_1	2608	185.286	40.850	243	70	244	41.863	40.155	43.761	41.574	383.487	7756	3056	95	104	81.612	40.688	139.733	0.223	128.004	483226	190	-0.282	-1.036	0.115	7775	3056	2605	1.171	213	0.152	150	189	221	0	0	4	1	0	0	0	0	0	0	0	4.771	4.917	5.504	5.598	394	4825	26.508	3.828
217	estuario2_300_07agosto2013_600ml_tot_1	6571	96.676	76.275	42	38	247	38.785	75.818	39.577	73.839	506.909	8186	3068	80	145	133.632	62.608	71.537	0.321	152.122	635258	49	1.025	-0.712	0.213	8245	3068	6557	1.144	708	0.900	42	48	153	0	0	1	1	0	0	0	0	0	0	0	2.816	2.867	3.289	3.326	446	7580	75.589	2.776
218	estuario2_300_07agosto2013_600ml_tot_1	903	214.146	22.158	242	156	243	40.173	19.302	39.902	19.497	229.907	9460	3071	81	45	74.250	15.485	30.010	0.215	89.471	193374	218	-0.573	-0.705	0	9514	3071	903	1.132	109	0.087	197	217	233	0	0	1	2	0	0	0	0	0	0	0	6.225	6.231	7.885	7.871	248	1436	5.309	1.909
219	estuario2_300_07agosto2013_600ml_tot_1	2279	159.172	52.307	243	85	245	28.440	66.906	28.433	66.805	360.759	12782	3073	54	132	150.655	19.261	73.026	0.220	138.578	362752	138	0.427	-1.445	0.044	12825	3073	2278	1.164	225	0.169	111	137	214	0	0	6	1	0	0	0	0	0	0	0	6.266	6.278	7.758	7.733	368	2760	37.468	1.839
220	estuario2_300_07agosto2013_600ml_tot_1	1795	173.040	56.534	241	61	244	46.952	28.318	45.490	29.821	291.605	11027	3081	77	55	62.337	36.663	30.544	0.265	79.850	310607	190	-0.490	-1.195	0.056	11060	3081	1794	1.149	190	0.099	117	189	222	0	0	1	2	0	0	0	0	0	0	0	3.049	3.332	3.218	3.494	259	3095	3.471	2.826
221	estuario2_300_07agosto2013_600ml_tot_1	2145	171.742	51.165	242	91	247	42.402	56.730	42.496	56.675	511.286	7149	3096	70	112	97.362	28.051	111.912	0.103	121.594	368386	163	0.116	-1.606	0.326	7196	3096	2138	1.243	315	0.148	121	162	227	0	0	3	1	0	0	0	0	0	0	0	5.315	5.477	4.883	4.997	360	4170	25.706	2.333
222	estuario2_300_07agosto2013_600ml_tot_1	1586	165.164	53.452	243	60	243	36.141	22.554	34.770	22.896	234.392	12842	3103	65	41	55.640	36.293	9.760	0.363	68.007	261950	164	-0.122	-1.204	0	12884	3103	1586	1.121	144	0.081	122	163	216	0	0	1	1	0	0	0	0	0	0	0	2.364	2.444	2.252	2.427	208	1928	16.309	1.677
223	estuario2_300_07agosto2013_600ml_tot_1	2086	177.174	49.988	243	78	244	46.932	36.935	48.773	36.698	312.132	14256	3110	80	61	70.947	37.436	176.890	0.269	85.235	369584	184	-0.368	-1.170	0.048	14322	3110	2085	1.151	184	0.114	135	182	223	0	0	1	1	0	0	0	0	0	0	0	2.971	3.071	3.215	3.313	278	3302	20.417	2.050
224	estuario2_300_07agosto2013_600ml_tot_1	1105	228.276	14.296	242	179	248	36.718	21.439	36.723	21.373	264.777	12497	3111	71	35	65.742	21.401	10.597	0.198	71.386	252245	233	-1.027	0.388	4.706	12548	3111	1053	1.205	208	0.147	218	231	238	0	0	3	3	0	0	0	0	0	0	0	3.554	3.610	2.668	2.761	208	1801	22.568	3.077
225	estuario2_300_07agosto2013_600ml_tot_1	4509	177.924	52.406	243	83	245	60.100	47.984	57.971	46.876	766.247	11286	3117	101	119	104.434	54.973	129.611	0.097	154.159	802258	188	-0.359	-1.299	0.177	11287	3117	4501	1.284	489	0.274	131	187	226	0	0	1	4	0	0	0	0	0	0	0	3.386	3.425	3.849	3.915	436	7838	113.923	2.464
226	estuario2_300_07agosto2013_600ml_tot_1	1294	224.917	17.030	241	170	252	33.885	13.710	33.464	13.662	207.037	7363	3130	68	27	70.993	23.207	174.165	0.379	69.921	291043	230	-1.220	1.008	4.096	7365	3130	1241	1.180	168	0.153	215	228	236	0	0	2	4	0	0	0	0	0	0	0	2.652	2.714	3.430	3.631	186	1525	7.260	2.301
227	estuario2_300_07agosto2013_600ml_tot_1	4248	183.058	47.359	243	90	246	41.419	72.285	42.164	74.210	762.472	10926	3137	119	148	93.117	58.085	87.566	0.092	163.893	777629	195	-0.309	-1.379	0.047	10927	3137	4246	1.255	349	0.264	136	194	227	0	0	3	4	0	0	0	0	0	0	0	5.462	5.284	4.796	4.917	530	11407	87.500	3.010
228	estuario2_300_07agosto2013_600ml_tot_1	2747	233.885	6.764	240	201	248	31.676	31.446	31.469	31.429	287.505	4091	3139	64	63	63.198	55.343	131.996	0.418	68.264	642483	235	-1.062	1.392	1.238	4112	3139	2713	1.162	383	0.494	229	234	238	0	0	1	4	0	0	0	0	0	0	0	1.943	1.977	2.126	2.175	250	2986	79.354	1.899
229	estuario2_300_07agosto2013_600ml_tot_1	2979	186.565	46.789	243	106	245	54.450	70.282	52.716	70.950	601.838	2526	3142	110	159	63.960	59.302	92.314	0.103	168.908	555778	204	-0.264	-1.613	0.067	2532	3142	2977	1.204	351	0.230	133	203	230	0	0	1	1	0	0	0	0	0	0	0	8.293	8.455	7.867	7.901	534	8795	44.742	4.065
230	estuario2_300_07agosto2013_600ml_tot_1	3481	153.801	55.740	87	78	244	40.233	40.884	42.504	43.848	393.085	13192	3142	96	89	104.779	42.300	134.818	0.283	123.434	535382	147	0.226	-1.411	0.057	13207	3142	3479	1.169	256	0.201	97	146	207	0	0	1	2	0	0	0	0	0	0	0	3.281	3.336	3.431	3.471	366	4272	26.761	1.607
231	estuario2_300_07agosto2013_600ml_tot_1	1816	223.510	19.477	241	147	246	78.316	80.498	79.192	81.621	518.365	14040	3158	149	164	202.111	11.440	130.328	0.085	218.826	405894	230	-1.487	1.861	0.661	14043	3158	1804	1.205	229	0.226	214	229	237	0	0	3	6	0	0	0	0	0	0	0	18.969	18.861	12.916	12.947	621	3545	34.572	1.811
232	estuario2_300_07agosto2013_600ml_tot_1	1693	160.325	52.696	243	71	245	50.331	17.954	50.323	17.763	269.664	11164	3165	101	36	112.539	19.154	168.638	0.293	103.812	271431	147	0.236	-1.208	0.177	11167	3165	1690	1.133	147	0.105	121	146	214	0	0	2	3	0	0	0	0	0	0	0	4.696	4.723	5.838	5.869	270	1994	14.748	2.045
233	estuario2_300_07agosto2013_600ml_tot_1	2537	158.671	56.442	243	63	245	48.700	34.350	46.443	34.473	309.061	11896	3167	80	64	71.885	44.936	10.823	0.334	88.323	402548	162	-0.038	-1.372	0.039	11968	3167	2536	1.141	207	0.125	103	161	209	0	0	1	1	0	0	0	0	0	0	0	2.578	2.726	2.406	2.603	284	3192	18.218	3.680
234	estuario2_300_07agosto2013_600ml_tot_1	3077	177.031	52.501	242	91	244	41.086	54.600	39.892	55.405	494.943	8997	3172	102	110	82.335	47.583	163.349	0.158	117.444	544725	192	-0.178	-1.636	0.065	9004	3172	3075	1.197	292	0.217	118	191	228	0	0	1	1	0	0	0	0	0	0	0	4.808	4.894	4.297	4.358	420	6384	29.571	1.940
235	estuario2_300_07agosto2013_600ml_tot_1	1715	144.276	53.947	243	71	245	21.794	30.810	21.900	30.412	181.622	11597	3176	45	58	55.788	39.141	98.912	0.653	59.439	247433.000	129	0.562	-1.037	0.058	11611	3176	1714	1.068	110	0.092	98	128	189	0	0	2	3	0	0	0	0	0	0	0	2.084	2.145	2.230	2.301	202	1865	3.995	1.519
236	estuario2_300_07agosto2013_600ml_tot_1	1927	173.785	53.541	243	63	248	33.168	31.558	31.749	30.505	295.161	6953	3180	67	64	60.152	40.789	138.007	0.278	74.947	334883	183	-0.368	-1.203	0.259	6953	3180	1922	1.167	220	0.107	124	182	223	0	0	1	2	0	0	0	0	0	0	0	2.728	2.948	2.934	3.128	258	2660	13.172	2.230
237	estuario2_300_07agosto2013_600ml_tot_1	2579	165.782	57.832	243	71	245	59.229	47.293	60.422	47.664	433.713	5404	3190	105	83	77.321	42.468	27.877	0.172	121.380	427551	163	-0.093	-1.471	0.078	5493	3190	2577	1.204	272	0.155	108	162	225	0	0	1	2	0	0	0	0	0	0	0	4.137	4.358	7.566	7.492	372	4774	45.736	1.707
238	estuario2_300_07agosto2013_600ml_tot_1	2128	154.307	54.860	92	85	248	56.078	23.173	54.008	22.750	267.321	11761	3226	91	47	74.286	36.474	153.994	0.374	97.082	328366	140	0.329	-1.464	0.094	11802	3226	2126	1.116	161	0.140	101	138	206	0	0	1	1	0	0	0	0	0	0	0	3.233	3.288	3.380	3.387	272	2762	11.295	2.532
239	estuario2_300_07agosto2013_600ml_tot_1	3574	167.389	54.453	243	55	248	44.291	41.069	42.688	40.504	377.931	9874	3229	79	82	88.841	51.221	124.539	0.314	99.358	598250	173	-0.255	-1.231	0.448	9898	3229	3558	1.189	307	0.169	118	172	217	0	0	2	1	0	0	0	0	0	0	0	2.313	2.354	2.679	2.739	318	4565	34.311	2.324
240	estuario2_300_07agosto2013_600ml_tot_1	2255	166.061	46.873	123	87	246	55.057	17.647	53.314	17.620	302.635	10000	3240	101	35	91.564	31.357	1.321	0.309	101.242	374468	150	0.410	-1.336	0.133	10066	3240	2252	1.130	226	0.161	125	149	215	0	0	2	1	0	0	0	0	0	0	0	3.446	3.531	3.530	3.602	267	2652	23.716	2.076
241	estuario2_300_07agosto2013_600ml_tot_1	1977	231.915	10.427	241	186	252	31.467	42.405	31.260	42.240	353.002	12758	3244	87	72	72.339	34.797	148.483	0.199	97.944	458496	234	-1.227	1.545	5.109	12769	3244	1876	1.274	369	0.295	225	233	238	0	0	4	5	0	0	0	0	0	0	0	4.124	4.110	3.622	3.737	314	3484	83.002	2.770
242	estuario2_300_07agosto2013_600ml_tot_1	2577	165.539	52.084	243	89	243	50.020	69.727	49.873	68.158	467.127	14392	3268	107	125	82.062	39.984	81.748	0.148	131.244	426595	152	0.237	-1.530	0	14392	3268	2577	1.150	234	0.165	116	151	222	0	0	2	1	0	0	0	0	0	0	0	7.123	7.166	3.857	3.942	460	6861	30.962	2.258
243	estuario2_300_07agosto2013_600ml_tot_1	3743	151.373	56.267	79	72	243	42.974	59.412	39.936	56.732	353.487	12967	3272	79	105	106.730	44.652	124.276	0.376	124.852	566589	149	0.172	-1.411	0	12967	3272	3743	1.129	229	0.192	94	148	203	0	0	1	3	0	0	0	0	0	0	0	3.113	3.127	3.400	3.407	364	4451	12.265	2.726
244	estuario2_300_07agosto2013_600ml_tot_1	1794	189.109	39.146	243	122	243	39.627	38.865	39.786	38.972	358.115	3476	3290	88	87	74.524	30.650	134.284	0.176	95.462	339261	181	0.070	-1.574	0	3478	3290	1794	1.166	170	0.144	152	180	230	0	0	3	1	0	0	0	0	0	0	0	5.722	5.934	3.686	3.761	346	3537	35.440	3.214
245	estuario2_300_07agosto2013_600ml_tot_1	10531	164.362	52.590	243	56	245	95.044	141.621	96.966	140.815	1177.332	9341	3301	170	226	151.164	88.702	100.971	0.095	226.797	1730894	162	-0.021	-1.326	0.057	9442	3301	10525	1.229	887	0.461	118	161	215	0	0	5	3	0	0	0	0	0	0	0	4.630	5.086	3.022	3.082	788	25195	146.037	5.181
246	estuario2_300_07agosto2013_600ml_tot_1	5541	161.648	58.153	243	75	246	55.573	68.146	55.305	69.957	854.555	10926	3305	170	154	94.467	74.682	125.140	0.095	178.620	895690	147	0.144	-1.616	0.180	10960	3305	5531	1.238	543	0.345	106	146	226	0	0	2	2	0	0	0	0	0	0	0	6.410	6.493	4.330	4.324	643	13914	108.920	2.031
247	estuario2_300_07agosto2013_600ml_tot_1	3227	171.196	57.980	243	82	245	74.116	100.648	77.690	99.792	661.210	11456	3310	151	167	74.854	54.890	11.059	0.093	173.220	552451	180	-0.079	-1.748	0.031	11560	3310	3226	1.183	352	0.241	109	179	229	0	0	2	1	0	0	0	0	0	0	0	10.691	10.930	7.341	7.549	631	12165	56.745	2.147
248	estuario2_300_07agosto2013_600ml_tot_1	816	142.592	67.867	243	58	243	16.912	22.300	16.977	21.954	123.782	9780	3313	32	42	40.936	25.380	66.130	0.669	45.310	116355	130	0.210	-1.558	0	9807	3313	816	1.028	46	0.054	73	128	215	0	0	1	1	0	0	0	0	0	0	0	2.180	2.259	2.102	2.189	144	895	1.199	2.545
249	estuario2_300_07agosto2013_600ml_tot_1	2441	201.638	35.637	243	108	246	33.073	70.568	32.753	70.237	433.571	14194	3322	67	146	121.035	25.678	107.874	0.163	147.363	492199	211	-0.748	-0.462	0.164	14213	3322	2437	1.181	276	0.191	175	210	232	0	0	3	3	0	0	0	0	0	0	0	7.073	7.217	2.209	2.190	422	4570	43.223	2.995
250	estuario2_300_07agosto2013_600ml_tot_1	1496	160.040	53.330	243	79	243	34.922	33.001	34.618	32.657	239.848	7196	3356	71	65	91.915	20.723	138.356	0.327	89.828	239420	145	0.311	-1.439	0	7198	3356	1496	1.133	108	0.097	109	144	216	0	0	3	1	0	0	0	0	0	0	0	4.214	4.279	5.107	5.185	268	2032	11.516	1.653
251	estuario2_300_07agosto2013_600ml_tot_1	4715	157.160	55.591	243	78	244	51.132	76.262	50.359	76.663	545.938	9136	3369	85	155	127.844	46.958	115.747	0.199	170.836	741008	147	0.250	-1.495	0.021	9142	3369	4714	1.178	424	0.270	103	146	216	0	0	7	2	0	0	0	0	0	0	0	4.559	4.256	5.687	5.362	476	7705	70.294	2.535
252	estuario2_300_07agosto2013_600ml_tot_1	2580	175.997	39.000	242	95	243	90.524	39.181	90.087	38.914	447.931	8661	3375	180	73	203.478	16.144	161.404	0.162	191.039	454073	161	0.448	-1.170	0	8663	3375	2580	1.177	210	0.195	144	160	213	0	0	5	1	0	0	0	0	0	0	0	10.353	10.345	12.975	12.932	502	3251	17.854	1.312
253	estuario2_300_07agosto2013_600ml_tot_1	3088	143.783	60.586	242	57	245	32.297	50.509	32.140	51.639	347.487	11932	3385	61	107	108.474	36.246	68.286	0.321	117.273	444003	122	0.399	-1.351	0.227	11978	3385	3081	1.162	270	0.157	91	121	206	0	0	2	2	0	0	0	0	0	0	0	3.310	3.258	3.789	3.768	332	3758	20.180	2.166
254	estuario2_300_07agosto2013_600ml_tot_1	1402	219.979	16.551	243	146	243	108.724	43.810	108.245	43.600	514.198	6165	3404	208	96	134.435	13.278	153.295	0.067	223.949	308410	221	-0.909	1.287	0	6206	3404	1402	1.178	207	0.157	210	220	232	0	0	2	10	0	0	0	0	0	0	0	25.834	25.820	35.021	35.067	603	4756	10.530	1.714
255	estuario2_300_07agosto2013_600ml_tot_1	1700	156.966	55.445	243	79	243	34.418	43.587	34.083	43.560	266.576	12498	3409	67	84	103.602	20.892	125.561	0.301	102.450	266843	138	0.339	-1.498	0	12505	3409	1700	1.143	101	0.112	105	137	216	0	0	3	1	0	0	0	0	0	0	0	4.595	4.606	5.749	5.785	298	2193	13.208	3.175
256	estuario2_300_07agosto2013_600ml_tot_1	1468	196.770	33.296	240	124	246	29.007	24.324	28.794	24.391	250.007	12093	3413	70	48	61.212	30.535	172.351	0.295	70.774	288858	201	-0.311	-1.168	0.204	12109	3413	1465	1.129	146	0.102	167	200	226	0	0	4	2	0	0	0	0	0	0	0	3.098	3.252	2.719	2.835	231	2079	6.548	1.841
257	estuario2_300_07agosto2013_600ml_tot_1	1378	121.449	73.830	57	52	246	22.878	25.186	22.612	25.026	179.380	7625	3429	45	45	44.092	39.792	59.896	0.538	48.549	167357	77	0.628	-1.349	0.145	7648	3429	1376	1.068	150	0.155	58	76	202	0	0	1	1	0	0	0	0	0	0	0	1.946	1.885	2.048	1.914	176	1499	16.238	1.814
258	estuario2_300_07agosto2013_600ml_tot_1	1004	135.185	70.385	243	56	246	19.076	16.676	18.645	16.628	153.238	10284	3436	39	35	41.520	30.789	36.628	0.537	45.486	135726	113	0.359	-1.534	0.100	10303	3436	1003	1.051	87	0.075	67	111	210	0	0	1	1	0	0	0	0	0	0	0	1.725	1.775	1.851	1.857	144	1101	8.262	2.727
259	estuario2_300_07agosto2013_600ml_tot_1	2315	151.621	60.108	77	59	245	34.270	42.080	34.432	40.269	285.061	10000	3439	64	74	63.877	46.144	108.828	0.358	74.431	351003	144	0.164	-1.457	0.086	10046	3439	2313	1.134	205	0.128	91	143	211	0	0	1	1	0	0	0	0	0	0	0	2.748	2.772	2.321	2.377	271	2902	18.207	1.720
260	estuario2_300_07agosto2013_600ml_tot_1	3394	181.243	49.677	243	90	246	65.864	103.987	62.675	102.505	689.980	7320	3440	137	178	72.672	59.464	144.289	0.090	182.011	615140	189	-0.141	-1.632	0.059	7356	3440	3392	1.195	366	0.248	131	188	230	0	0	2	1	0	0	0	0	0	0	0	10.009	9.990	6.348	6.423	626	11978	62.515	2.584
261	estuario2_300_07agosto2013_600ml_tot_1	1167	167.667	48.679	242	95	243	20.892	32.032	20.646	31.149	204.108	1065	3450	38	67	74.919	19.833	110.826	0.352	72.615	195667	156	0.218	-1.435	0	1071	3450	1167	1.109	89	0.072	124	155	218	0	0	1	1	0	0	0	0	0	0	0	3.434	3.438	4.077	4.047	206	1448	4.278	1.750
262	estuario2_300_07agosto2013_600ml_tot_1	2298	176.449	50.797	243	97	243	66.581	52.942	66.921	54.655	497.103	3866	3456	143	97	60.497	48.365	104.581	0.117	145	405479	172	0.031	-1.692	0	3920	3456	2298	1.159	241	0.174	125	171	230	0	0	1	1	0	0	0	0	0	0	0	8.829	9.008	3.814	3.927	475	6940	30.589	2.109
263	estuario2_300_07agosto2013_600ml_tot_1	4731	167.502	51.704	243	85	248	51.897	64.148	52.838	64.148	710.891	7494	3458	122	134	100.478	59.950	49.237	0.118	137.058	792454	153	0.205	-1.540	0.127	7536	3458	4725	1.239	515	0.297	119	152	225	0	0	3	1	0	0	0	0	0	0	0	4.425	4.517	4.781	5.073	508	10021	99.738	2.792
264	estuario2_300_07agosto2013_600ml_tot_1	1891	171.170	53.626	243	63	244	27.128	43.658	28.954	41.947	265.747	8650	3475	63	75	72.173	33.360	51.599	0.336	87.092	323683	180	-0.326	-1.243	0.053	8707	3475	1890	1.139	146	0.099	121	179	219	0	0	1	1	0	0	0	0	0	0	0	3.119	3.416	3.290	3.559	271	2658	10.512	2.949
265	estuario2_300_07agosto2013_600ml_tot_1	6313	153.274	54.274	101	71	246	54.476	82.101	52.812	80.326	628.950	8480	3483	122	144	116.335	69.093	129.461	0.201	155.618	967617.000	140	0.347	-1.357	0.063	8502	3483	6309	1.191	465	0.338	102	139	206	0	0	6	4	0	0	0	0	0	0	0	3.687	3.623	4.468	4.426	527	10052	75.913	3.308
266	estuario2_300_07agosto2013_600ml_tot_1	3343	174.255	40.513	136	99	243	15.231	112.178	15.222	112.602	539.688	13141	3493	32	222	244.918	17.379	94.346	0.144	222.506	582535	159	0.428	-1.312	0	13152	3493	3343	1.179	251	0.245	138	158	213	0	0	10	1	0	0	0	0	0	0	0	10.675	10.694	13.745	13.758	504	4400	31.040	1.684
267	estuario2_300_07agosto2013_600ml_tot_1	2552	153.613	54.036	90	80	243	29.569	38.788	27.853	40.703	271.505	12153	3511	56	83	85.368	38.063	63.116	0.435	92.590	392020	149	0.230	-1.418	0	12192	3511	2552	1.121	141	0.148	98	148	203	0	0	1	2	0	0	0	0	0	0	0	2.667	2.674	3.009	3.021	274	2832	11.758	1.659
268	estuario2_300_07agosto2013_600ml_tot_1	1549	168.231	54.553	243	68	244	28.670	26.809	27.326	28.568	208.392	13823	3525	57	62	60.908	32.381	55.442	0.448	70.803	260590.000	176	-0.280	-1.268	0.065	13852	3525	1548	1.100	98	0.081	119	175	218	0	0	1	1	0	0	0	0	0	0	0	2.912	3.104	2.731	2.921	234	1908	5.925	2.830
269	estuario2_300_07agosto2013_600ml_tot_1	2095	164.732	49.084	242	86	243	34.309	58.986	34.366	58.830	313.103	9094	3530	68	116	138.074	19.319	61.739	0.269	127.953	345113	148	0.351	-1.425	0	9152	3530	2095	1.151	170	0.142	120	147	215	0	0	6	1	0	0	0	0	0	0	0	6.041	6.064	7.534	7.551	364	2382	15.098	1.583
270	estuario2_300_07agosto2013_600ml_tot_1	4107	114.780	58.512	65	57	243	44.724	38.853	43.939	37.189	304.718	13243	3553	86	73	79.108	66.102	168.712	0.556	86.209	471401	90	1.090	-0.215	0	13281	3553	4107	1.089	275	0.318	68	89	138	0	0	2	1	0	0	0	0	0	0	0	2.073	2.071	2.088	2.082	314	4412	23.036	2.417
271	estuario2_300_07agosto2013_600ml_tot_1	2120	181.403	48.811	230	79	243	26.085	25.333	26.116	25.280	180.894	9606	3557	53	52	53.139	50.796	153.469	0.814	55	384574	185	-0.300	-1.320	0	9626	3557	2120	1.045	29	0.181	138	183	228	0	0	3	1	0	0	0	0	0	0	0	1.785	1.812	1.962	1.984	206	2184	4.625	2
272	estuario2_300_07agosto2013_600ml_tot_1	17102	165.638	60.169	243	47	255	100.215	116.819	99.855	114.977	1426.151	9284	3562	178	236	165.309	131.723	88.726	0.106	245.247	2832740	162	0.006	-1.488	8.660	9338	3562	15621	1.322	1722	0.817	105	149	216	0	0	7	3	0	0	0	0	0	0	0	3.234	3.270	3.733	3.736	824	30726	154.261	4.766
273	estuario2_300_07agosto2013_600ml_tot_1	1771	195.854	35.884	241	129	244	66.476	50.748	64.240	54.237	404.014	4076	3564	99	139	119.530	18.865	57.808	0.136	163.670	346858	204	-0.386	-1.194	0.056	4159	3564	1770	1.167	208	0.128	164	202	227	0	0	2	1	0	0	0	0	0	0	0	10.968	11.185	14.150	14.401	472	3723	9.185	3.400
274	estuario2_300_07agosto2013_600ml_tot_1	5105	172.601	55.634	243	79	246	95.340	112.370	92.096	112.430	1010.899	10256	3571	179	203	102.262	63.561	55.743	0.063	204.083	881130	175	-0.090	-1.637	0.176	10312	3571	5096	1.242	617	0.337	117	173	229	0	0	3	2	0	0	0	0	0	0	0	9.369	9.627	8.348	8.685	760	19580	127.453	2.703
275	estuario2_300_07agosto2013_600ml_tot_1	1535	164.990	57.294	241	68	244	26.086	27.125	27.393	29.409	231.321	11031	3579	59	62	62.577	31.232	131.829	0.360	72.801	253260	169	-0.105	-1.505	0.130	11048	3579	1533	1.128	137	0.085	105	168	222	0	0	1	1	0	0	0	0	0	0	0	2.980	3.194	2.674	2.901	238	2069	5.047	1.854
276	estuario2_300_07agosto2013_600ml_tot_1	1828	111.446	73.340	50	45	244	25.787	22.100	25.566	22.110	192.551	12671	3581	54	45	54.791	42.479	155.823	0.620	57.385	203724	68	0.780	-1.097	0.055	12681	3581	1827	1.067	112	0.186	51	67	185	0	0	1	1	0	0	0	0	0	0	0	1.800	1.826	1.727	1.749	194	1962	12.487	2.267
277	estuario2_300_07agosto2013_600ml_tot_1	1370	137.666	59.141	85	65	243	24.872	21.233	24.768	21.375	157.823	7603	3582	48	41	50.794	34.341	35.514	0.691	53.339	188602	110	0.648	-1.175	0	7630	3582	1370	1.052	81	0.101	86	109	195	0	0	1	1	0	0	0	0	0	0	0	1.912	1.949	1.927	1.942	174	1464	2.376	2.593
278	estuario2_300_07agosto2013_600ml_tot_1	1663	171.147	49.767	242	78	244	31.207	23.213	30.141	24.168	221.907	4468	3597	62	50	61.022	34.699	40.598	0.424	72.422	284618	175	-0.193	-1.254	0.060	4497	3597	1662	1.109	171	0.086	126	174	215	0	0	1	1	0	0	0	0	0	0	0	2.463	2.500	2.493	2.543	220	2051	4.580	2.136
279	estuario2_300_07agosto2013_600ml_tot_1	3190	158.015	58.104	87	79	247	41.443	54.459	39.013	52.912	375.428	10222	3604	73	95	91.351	44.462	114.918	0.284	102.157	504068.000	151	0.154	-1.564	0.125	10241	3604	3186	1.176	243	0.193	99	149	220	0	0	1	1	0	0	0	0	0	0	0	2.919	3.012	2.828	2.878	332	4262	21.750	2.121
280	estuario2_300_07agosto2013_600ml_tot_1	1552	164.656	49.490	164	64	243	26.835	22.601	26.888	22.655	171.966	12934	3610	50	45	50.559	39.085	148.986	0.660	51.971	255546.000	166	-0.200	-1.041	0	12956	3610	1552	1.065	62	0.078	127	165	206	0	0	1	1	0	0	0	0	0	0	0	1.919	1.896	1.981	2.004	186	1667	1.561	1.379
281	estuario2_300_07agosto2013_600ml_tot_1	2813	173.130	52.968	243	87	245	51.152	39.608	49.247	41.002	404.500	6860	3614	84	86	75.060	47.717	78.945	0.216	86.284	487016	180	-0.143	-1.534	0.036	6915	3614	2812	1.185	284	0.168	118	179	225	0	0	1	1	0	0	0	0	0	0	0	3.372	3.392	2.579	2.566	335	4333	33.241	2.175
282	estuario2_300_07agosto2013_600ml_tot_1	1739	169.121	54.506	242	61	246	39.998	26.004	38.213	26.507	263.321	10013	3624	67	45	57.916	38.231	20.208	0.315	67.897	294102	174	-0.279	-1.219	0.173	10052	3624	1736	1.150	197	0.094	120	173	220	0	0	1	1	0	0	0	0	0	0	0	2.324	2.463	2.485	2.625	220	2133	7.069	3.727
283	estuario2_300_07agosto2013_600ml_tot_1	9747	174.830	55.990	250	71	255	70.523	83.843	71.576	84.383	756.590	10697	3635	178	138	132.106	93.942	142.873	0.214	210.839	1704064	174	-0.077	-1.421	13.635	10702	3635	8418	1.261	671	0.389	116	158	210	0	0	5	3	0	0	0	0	0	0	0	3.348	3.434	2.793	2.942	627	15138	150.113	4.082
284	estuario2_300_07agosto2013_600ml_tot_1	2455	147.762	52.390	243	74	245	53.392	15.602	52.780	15.551	283.421	13757	3652	107	33	113.673	27.498	175.387	0.384	107.564	362756	128	0.711	-1.004	0.081	13788	3652	2453	1.113	159	0.163	105	127	193	0	0	3	1	0	0	0	0	0	0	0	3.538	3.474	4.201	4.096	276	2839	22.892	1.814
285	estuario2_300_07agosto2013_600ml_tot_1	4158	162.534	56.315	86	69	245	73.941	42.089	73.605	41.209	486.985	13861	3666	145	80	146.274	36.193	21.534	0.220	155.618	675815	168	-0.048	-1.521	0.192	13973	3666	4150	1.179	314	0.228	102	167	215	0	0	2	2	0	0	0	0	0	0	0	4.289	4.460	2.537	2.582	446	6607	44.843	2.646
286	estuario2_300_07agosto2013_600ml_tot_1	3526	165.907	50.937	242	68	245	57.142	74.497	55.354	72.168	457.855	4240	3671	84	144	109.379	41.045	104.571	0.211	157.582	584987	168	-0.006	-1.349	0.113	4243	3671	3522	1.174	287	0.181	115	166	212	0	0	1	1	0	0	0	0	0	0	0	5.069	5.033	5.885	5.916	452	6315	26.937	2.947
287	estuario2_300_07agosto2013_600ml_tot_1	4372	154.385	52.154	94	85	250	60.074	28.043	61.430	26.984	377.404	13669	3674	129	52	128.998	43.153	1.395	0.386	129.387	674970.000	145	0.315	-1.376	0.229	13720	3674	4362	1.129	290	0.261	103	144	199	0	0	2	2	0	0	0	0	0	0	0	2.917	3.018	3.371	3.461	358	5072	22.962	2.673
288	estuario2_300_07agosto2013_600ml_tot_1	1344	219.291	20.665	243	163	245	29.089	18.283	28.821	18.087	189.522	12269	3676	56	37	57.304	29.862	159.658	0.470	61.774	294727	225	-0.936	-0.093	0.223	12277	3676	1341	1.091	136	0.146	207	223	235	0	0	1	1	0	0	0	0	0	0	0	2.154	2.234	2.214	2.368	182	1518	24.201	2.139
289	estuario2_300_07agosto2013_600ml_tot_1	2909	181.420	43.624	242	110	245	57.350	41.950	57.605	42.898	566.299	2119	3677	101	131	73.693	50.260	146.565	0.114	137.266	527752	165	0.202	-1.593	0.138	2136	3677	2905	1.203	277	0.231	142	164	230	0	0	2	1	0	0	0	0	0	0	0	6.107	6.131	3.582	3.608	460	7400	43.054	4.045
290	estuario2_300_07agosto2013_600ml_tot_1	3503	156.230	54.802	85	80	244	57.849	38.678	55.509	42.050	365.387	12515	3683	100	84	105.014	42.472	42.655	0.330	124.016	547274	155	0.133	-1.425	0.029	12588	3683	3502	1.153	201	0.196	99	154	205	0	0	1	3	0	0	0	0	0	0	0	3.242	3.276	3.384	3.417	364	4212	23.429	2.183
291	estuario2_300_07agosto2013_600ml_tot_1	667	177.471	34.661	148	140	245	15.527	15.555	15.493	15.540	105.782	6270	3685	35	30	31.979	26.557	175.380	0.749	35.693	118373	159	0.733	-1.065	0.150	6286	3685	666	1.008	43	0.082	148	158	206	0	0	2	1	0	0	0	0	0	0	0	2.004	2.151	1.926	2.109	126	717	0.663	1.657
292	estuario2_300_07agosto2013_600ml_tot_1	4543	176.604	55.727	243	80	249	76.869	65.431	76.643	66.160	738.992	8970	3686	162	150	99.880	57.913	172.243	0.105	168.345	802312	195	-0.305	-1.559	1.123	9015	3686	4492	1.220	466	0.295	112	193	228	0	0	1	1	0	0	0	0	0	0	0	7.188	7.176	7.386	7.498	619	14293	67.701	2.309
293	estuario2_300_07agosto2013_600ml_tot_1	674	188.001	41.272	241	105	243	17.139	14.366	17.093	14.286	125.539	6785	3688	33	31	35.188	24.388	133.832	0.537	40.804	126713	197	-0.314	-1.265	0	6793	3688	674	1.033	69	0.045	148	196	224	0	0	1	1	0	0	0	0	0	0	0	1.905	1.964	1.905	2.006	124	771	0.985	1.791
294	estuario2_300_07agosto2013_600ml_tot_1	2390	153.061	58.159	88	81	243	33.622	41.960	35.001	39.722	277.019	12337	3714	72	69	72.773	41.815	32.267	0.391	91.241	365815.000	140	0.275	-1.531	0	12407	3714	2390	1.108	200	0.167	94	139	214	0	0	1	1	0	0	0	0	0	0	0	2.701	2.770	2.256	2.336	278	2988	8.778	2.932
295	estuario2_300_07agosto2013_600ml_tot_1	1669	115.096	74.355	47	44	243	30.392	21.290	29.946	21.837	191.865	9593	3720	53	47	50.314	42.236	166.870	0.570	54.129	192096	73	0.641	-1.278	0	9614	3720	1669	1.074	82	0.164	50	72	192	0	0	1	1	0	0	0	0	0	0	0	1.976	1.999	2.090	2.121	196	1822	9.409	2.132
296	estuario2_300_07agosto2013_600ml_tot_1	3530	155.188	53.964	90	85	244	65.986	35.454	62.553	32.947	384.458	6086	3738	115	67	108.277	41.510	155.155	0.300	125.300	547812	151	0.243	-1.432	0.028	6123	3738	3529	1.160	228	0.229	99	150	205	0	0	1	2	0	0	0	0	0	0	0	3.360	3.406	3.648	3.643	360	4466	27.889	1.986
297	estuario2_300_07agosto2013_600ml_tot_1	9032	169.883	42.802	139	77	244	43.605	242.030	43.530	244.074	1227.727	4153	3745	174	441	234.750	48.988	103.517	0.075	465.189	1534386	154	0.351	-1.068	0.033	4166	3745	9029	1.206	585	0.641	136	153	210	0	0	15	2	0	0	0	0	0	0	0	16.977	16.939	18.985	18.973	1226	35372	116.338	1.600
298	estuario2_300_07agosto2013_600ml_tot_1	3594	154.323	55.857	89	82	246	77.964	28.723	74.107	27.700	398.274	8522	3747	129	52	107.433	42.594	177.831	0.285	129.139	554638	148	0.227	-1.454	0.111	8597	3747	3590	1.158	292	0.226	96	147	207	0	0	1	1	0	0	0	0	0	0	0	3.583	3.627	2.781	2.811	358	4499	31.041	2.159
299	estuario2_300_07agosto2013_600ml_tot_1	695	202.568	36.783	243	106	244	8.709	46.276	8.533	44.349	196.066	8936	3749	21	77	63.971	13.833	92.098	0.227	77.524	140785	212	-1.047	0.195	0.144	8952	3749	694	1.110	77	0.060	187	211	232	0	0	1	2	0	0	0	0	0	0	0	5.888	5.853	7.054	7.120	192	1291	2.855	1.684
300	estuario2_300_07agosto2013_600ml_tot_1	6702	180.520	51.854	243	80	253	73.979	96.117	73.937	97.959	979.786	7137	3752	199	176	163.861	52.076	128.935	0.088	238.950	1209847	188	-0.354	-1.224	3.820	7158	3752	6446	1.268	696	0.379	137	181	227	0	0	4	4	0	0	0	0	0	0	0	7.028	6.964	2.127	2.245	745	20537	164.742	4.194
301	estuario2_300_07agosto2013_600ml_tot_1	1331	117.539	72.349	54	49	244	25.076	19.737	25.006	19.929	154.309	9885	3757	50	37	47.769	35.477	19.222	0.702	51.420	156445	76	0.698	-1.226	0.075	9913	3757	1330	1.046	105	0.129	56	75	195	0	0	1	1	0	0	0	0	0	0	0	1.894	1.947	1.860	1.909	170	1391	5.034	1.765
302	estuario2_300_07agosto2013_600ml_tot_1	7890	172.516	46.924	242	80	251	82.468	68.145	82.208	68.702	846.087	11597	3771	172	143	133.500	75.250	128.762	0.139	176.366	1361153	174	-0.046	-1.337	0.444	11686	3771	7855	1.217	594	0.385	128	173	214	0	0	6	4	0	0	0	0	0	0	0	3.918	4.082	2.712	2.748	625	14809	123.405	3.268
303	estuario2_300_07agosto2013_600ml_tot_1	1074	227.246	11.659	243	170	243	61.430	81.437	61.014	82.355	441.002	3659	3786	83	157	87.482	15.631	67.291	0.069	176.664	244062	229	-0.730	0.819	0	3736	3786	1074	1.165	199	0.145	217	228	236	0	0	2	1	0	0	0	0	0	0	0	20.432	20.095	25.933	25.783	476	4544	21.944	1.895
304	estuario2_300_07agosto2013_600ml_tot_1	2077	152.826	53.098	103	85	243	25.221	54.486	23.780	52.224	244.735	12897	3805	47	90	78.135	33.846	108.875	0.436	96.773	317419	136	0.373	-1.397	0	12897	3805	2077	1.101	91	0.123	103	135	205	0	0	1	1	0	0	0	0	0	0	0	3.227	3.331	3.414	3.484	270	2514	4.050	2.438
305	estuario2_300_07agosto2013_600ml_tot_1	1654	181.180	52.621	243	66	252	30.384	26.474	28.707	27.079	276.676	7122	3820	56	65	59.142	35.608	51.533	0.272	78.237	299672	191	-0.560	-0.995	1.511	7150	3820	1629	1.157	198	0.101	139	189	227	0	0	1	3	0	0	0	0	0	0	0	2.593	2.911	3.012	3.421	238	2722	9.629	3.115
306	estuario2_300_07agosto2013_600ml_tot_1	3414	150.030	56.314	82	76	245	60.678	56.023	57.046	54.713	377.931	13483	3823	104	89	98.031	44.342	143.850	0.300	130.250	512201.000	138	0.315	-1.412	0.088	13483	3823	3411	1.146	206	0.196	95	137	204	0	0	1	1	0	0	0	0	0	0	0	3.596	3.689	3.592	3.650	382	5126	14.594	2.508
307	estuario2_300_07agosto2013_600ml_tot_1	1481	165.762	52.713	243	60	243	33.563	19.045	32.307	18.847	189.966	7444	3827	58	41	50.234	37.538	173.972	0.516	59.908	245493	170	-0.202	-1.163	0	7469	3827	1481	1.079	129	0.073	121	169	213	0	0	1	1	0	0	0	0	0	0	0	2.193	2.253	2.092	2.224	194	1746	4.231	3.257
308	estuario2_300_07agosto2013_600ml_tot_1	3212	212.966	26.869	242	133	250	54.132	66.092	54.962	64.894	640.122	1751	3830	97	127	91.671	44.612	62.199	0.099	130.729	684046	222	-0.916	-0.066	1.712	1794	3830	3157	1.265	416	0.292	194	220	233	0	0	3	3	0	0	0	0	0	0	0	4.773	5.058	6.270	6.345	443	8364	66.550	4.543
309	estuario2_300_07agosto2013_600ml_tot_1	3447	154.491	56.112	87	78	250	71.701	23.916	67.415	23.792	381.546	10797	3837	122	48	105.811	41.478	8.596	0.298	126.242	532532	152	0.180	-1.454	0.203	10893	3837	3440	1.155	243	0.211	95	151	208	0	0	1	1	0	0	0	0	0	0	0	3.326	3.363	3.410	3.421	336	4292	17.062	1.717
310	estuario2_300_07agosto2013_600ml_tot_1	2405	153.793	74.313	60	56	247	23.759	58.919	23.031	52.164	313.789	4907	3840	49	96	83.002	36.893	95.296	0.307	97.494	369871	175	-0.161	-1.747	0.125	4925	3840	2402	1.159	206	0.206	66	174	226	0	0	1	2	0	0	0	0	0	0	0	2.996	3.149	3.520	3.688	286	3306	16.034	3.205
311	estuario2_300_07agosto2013_600ml_tot_1	2068	127.579	60.390	75	67	243	24.637	27.872	24.849	28.037	201.622	4363	3849	50	58	60.298	43.667	69.632	0.639	68.264	263834	97	0.824	-0.926	0	4397	3849	2068	1.069	82	0.167	78	96	181	0	0	1	1	0	0	0	0	0	0	0	1.822	1.819	1.827	1.842	212	2253	5.117	1.730
312	estuario2_300_07agosto2013_600ml_tot_1	2559	201.252	29.878	243	126	245	58.759	62.207	59.266	61.805	428.156	2676	3855	108	100	91.099	35.766	43.322	0.175	126.590	515005	206	-0.498	-0.780	0.078	2737	3855	2557	1.182	231	0.185	180	205	225	0	0	4	5	0	0	0	0	0	0	0	5.394	5.366	6.328	6.380	412	5644	23.938	2.947
313	estuario2_300_07agosto2013_600ml_tot_1	2208	155.237	55.468	241	82	248	36.281	49.313	35.427	46.615	292.434	9614	3855	57	91	84.228	33.378	102.292	0.324	94.641	342763	141	0.295	-1.474	0.045	9636	3855	2207	1.132	211	0.133	102	140	211	0	0	1	1	0	0	0	0	0	0	0	3.471	3.504	3.519	3.558	292	3086	14.829	2.278
314	estuario2_300_07agosto2013_600ml_tot_1	6440	123.997	68.238	50	42	244	47.037	77.746	48.958	85.085	628.063	12350	3862	111	203	186.177	44.042	110.809	0.205	220.952	798541	94	0.555	-1.240	0.031	12385	3862	6438	1.171	420	0.362	68	93	191	0	0	2	2	0	0	0	0	0	0	0	5.390	5.556	6.859	7.054	624	10489	64.318	2.816
315	estuario2_300_07agosto2013_600ml_tot_1	2112	175.598	47.291	242	94	248	42.056	25.308	40.415	25.126	291.848	10949	3894	81	47	81.844	32.856	156.651	0.312	89.894	370864	166	0.088	-1.533	0.284	10959	3894	2106	1.164	157	0.135	132	164	224	0	0	2	1	0	0	0	0	0	0	0	2.713	2.738	3.294	3.366	252	2540	9.133	2.133
316	estuario2_300_07agosto2013_600ml_tot_1	3286	178.225	47.140	243	92	243	91.207	48.170	90.356	48.398	606.742	7984	3898	121	108	85.598	48.878	110.782	0.112	155.708	585647	168	0.060	-1.539	0	8032	3898	3286	1.202	364	0.232	134	167	230	0	0	3	1	0	0	0	0	0	0	0	5.144	5.142	3.497	3.559	454	8140	50.564	3.385
317	estuario2_300_07agosto2013_600ml_tot_1	3098	167.708	54.692	239	83	245	56.320	54.246	54.134	54.345	456.500	9331	3901	89	100	81.700	48.280	104.959	0.187	103.788	519559	170	-0.020	-1.598	0.032	9372	3901	3097	1.187	250	0.189	109	169	223	0	0	1	1	0	0	0	0	0	0	0	3.753	3.726	3.540	3.606	373	5633	20.429	1.744
318	estuario2_300_07agosto2013_600ml_tot_1	10980	176.030	59.729	242	61	255	135.709	84.763	137.695	85.685	1111.793	11144	3901	212	201	153.236	91.233	137.060	0.112	244.387	1932805	188	-0.311	-1.335	11.111	11274	3901	9760	1.307	987	0.502	117	168	223	0	0	5	3	0	0	0	0	0	0	0	4.938	4.893	7.501	7.562	822	24819	157.100	3.244
319	estuario2_300_07agosto2013_600ml_tot_1	5851	161.193	52.138	243	81	246	77.650	57.589	75.840	58.021	574.566	11601	3902	124	123	137.581	54.148	128.120	0.223	165.097	943138	160	0.079	-1.380	0.154	11602	3902	5842	1.190	438	0.278	111	159	207	0	0	5	5	0	0	0	0	0	0	0	3.516	3.401	3.961	3.829	489	8181	64.572	2.709
320	estuario2_300_07agosto2013_600ml_tot_1	1902	210.123	30.491	241	116	249	35.360	18.372	35.328	17.936	265.907	12455	3945	71	42	69.384	34.903	3.442	0.338	75.769	399654	220	-0.917	-0.119	3.049	12494	3945	1844	1.200	221	0.165	189	217	234	0	0	1	1	0	0	0	0	0	0	0	2.313	2.238	2.803	2.730	222	2476	18.951	1.522
321	estuario2_300_07agosto2013_600ml_tot_1	3455	174.464	51.106	242	91	245	65.525	52.865	63.971	53.044	605.754	10872	3950	142	115	99.924	44.024	12.722	0.118	148.960	602774	178	-0.031	-1.660	0.029	10873	3950	3454	1.206	348	0.235	121	177	226	0	0	2	2	0	0	0	0	0	0	0	6.381	6.614	6.341	6.482	510	9177	36.235	3.100
322	estuario2_300_07agosto2013_600ml_tot_1	2348	187.844	23.625	188	138	243	29.453	31.753	29.137	31.788	201.865	5816	3956	58	60	63.466	47.105	49.415	0.724	68.819	441058	184	0.721	-0.137	0	5853	3956	2348	1.059	73	0.202	170	182	198	0	0	4	5	0	0	0	0	0	0	0	2.035	1.986	1.999	1.955	232	2454	3.545	2.265
323	estuario2_300_07agosto2013_600ml_tot_1	3501	155.732	53.745	87	82	243	36.277	56.590	37.596	53.104	351.446	12702	3986	79	101	104.146	42.801	55.396	0.356	120.801	545216	155	0.154	-1.410	0	12777	3986	3501	1.141	207	0.210	98	154	204	0	0	1	3	0	0	0	0	0	0	0	3.106	3.146	3.230	3.221	356	4256	15.063	3.111
324	estuario2_300_07agosto2013_600ml_tot_1	3420	163.629	44.539	138	70	243	43.550	93.872	43.615	93.842	475.186	12198	3988	75	189	198.595	21.926	109.220	0.190	199.223	559610	143	0.502	-1.009	0	12207	3988	3420	1.171	182	0.270	132	142	204	0	0	3	4	0	0	0	0	0	0	0	8.475	8.311	10.883	10.686	524	4936	25.131	1.397
325	estuario2_300_07agosto2013_600ml_tot_1	5648	139.325	61.366	243	62	244	68.695	119.825	69.348	120.546	710.129	11986	3989	168	236	228.962	31.408	125.528	0.141	282.719	786909	111	0.536	-1.314	0.018	11991	3989	5647	1.194	369	0.352	86	110	202	0	0	4	1	0	0	0	0	0	0	0	10.165	9.963	12.882	12.719	804	10402	86.035	1.557
326	estuario2_300_07agosto2013_600ml_tot_1	2357	191.760	44.885	242	99	244	55.352	64.657	57.056	65.280	580.825	12582	3995	109	145	55.693	53.885	22.667	0.088	156.170	451979	207	-0.301	-1.514	0.042	12687	3995	2356	1.202	317	0.207	147	205	234	0	0	2	1	0	0	0	0	0	0	0	9.154	9.222	3.752	3.823	504	7620	37.423	4.829
327	estuario2_300_07agosto2013_600ml_tot_1	3982	154.135	44.861	143	63	243	86.023	33.942	88.321	33.204	427.546	12786	4010	168	68	190.891	26.560	17.025	0.274	174.897	613764	145	0.518	-0.505	0	12942	4010	3982	1.141	192	0.236	124	144	177	0	0	3	2	0	0	0	0	0	0	0	5.784	5.815	7.182	7.220	468	4373	24.045	1.248
328	estuario2_300_07agosto2013_600ml_tot_1	679	235.943	7.227	243	208	248	23.543	16.213	23.506	16.220	264.777	2673	4017	47	32	38.709	22.334	176.750	0.122	48.052	160205	238	-1.647	2.584	1.473	2694	4017	669	1.213	176	0.140	233	237	240	0	0	1	3	0	0	0	0	0	0	0	2.885	2.852	3.560	3.687	154	1156	29.197	1.932
329	estuario2_300_07agosto2013_600ml_tot_1	1063	163.818	46.320	240	86	243	21.359	15.009	21.459	15.540	135.882	10278	4022	44	34	41.584	32.547	3.622	0.723	45.222	174139	153	0.338	-1.212	0	10292	4022	1063	1.035	57	0.061	124	152	206	0	0	1	1	0	0	0	0	0	0	0	1.815	1.908	1.902	2.030	152	1150	0.678	1.619
330	estuario2_300_07agosto2013_600ml_tot_1	2900	152.542	56.941	243	68	246	49.278	31.918	48.036	33.106	318.274	7276	4042	98	76	95.708	38.580	35.834	0.360	115.122	442372	143	0.240	-1.416	0.034	7352	4042	2899	1.134	215	0.143	98	142	209	0	0	2	2	0	0	0	0	0	0	0	3.491	3.609	3.585	3.790	344	3689	18.744	2.349
331	estuario2_300_07agosto2013_600ml_tot_1	3353	152.362	55.267	83	78	245	43.935	59.524	41.074	56.999	347.245	14546	4046	80	103	105.859	40.329	124.990	0.349	123.406	510869.000	147	0.226	-1.403	0.089	14546	4046	3350	1.143	159	0.193	96	146	202	0	0	1	2	0	0	0	0	0	0	0	3.422	3.485	3.473	3.508	362	3914	14.433	1.973
332	estuario2_300_07agosto2013_600ml_tot_1	5936	164.889	48.240	243	78	244	34.411	127.441	34.607	129.026	814.815	7504	4047	105	279	193.187	39.122	74.591	0.112	288.647	978784	147	0.333	-1.327	0.034	7598	4047	5934	1.208	473	0.357	124	146	214	0	0	4	1	0	0	0	0	0	0	0	10.497	9.898	13.232	12.600	764	13260	97.832	2.451
333	estuario2_300_07agosto2013_600ml_tot_1	3511	148.730	55.677	86	79	243	70.907	26.000	67.610	23.843	357.588	8484	4061	122	52	108.728	41.115	164.161	0.345	126.827	522190	143	0.331	-1.336	0	8485	4061	3511	1.134	225	0.234	91	142	197	0	0	1	1	0	0	0	0	0	0	0	3.396	3.448	3.479	3.490	343	4114	20.306	2.074
334	estuario2_300_07agosto2013_600ml_tot_1	2437	147.091	52.271	114	69	243	32.452	36.242	31.803	36.302	225.220	9547	4081	62	71	72.849	42.593	126.069	0.604	76.322	358460	130	0.529	-1.087	0	9573	4081	2437	1.082	106	0.126	105	129	193	0	0	3	2	0	0	0	0	0	0	0	2.380	2.498	2.612	2.732	262	2587	4.966	1.667
335	estuario2_300_07agosto2013_600ml_tot_1	2622	153.320	61.857	243	55	246	38.138	27.567	37.575	28.542	361.345	10384	4091	88	62	69.266	48.197	27.777	0.252	99.045	402005	149	0.094	-1.536	0.229	10470	4091	2616	1.156	295	0.151	88	148	215	0	0	1	1	0	0	0	0	0	0	0	2.946	2.989	1.889	1.932	295	3643	27.384	4.174
336	estuario2_300_07agosto2013_600ml_tot_1	3087	130.743	62.594	71	59	245	49.504	25.248	49.979	25.958	317.747	6586	4096	100	53	109.185	35.998	16.824	0.384	107.541	403604.000	101	0.668	-1.145	0.097	6664	4096	3084	1.122	169	0.207	76	100	190	0	0	3	2	0	0	0	0	0	0	0	2.811	2.811	3.186	3.181	302	3609	22.537	2.038
337	estuario2_300_07agosto2013_600ml_tot_1	10033	142.117	57.690	242	62	246	120.378	102.832	120.984	101.154	1200.729	13501	4108	262	222	230.836	55.340	139.790	0.087	338.658	1425859	128	0.534	-1.139	0.050	13510	4108	10028	1.249	604	0.558	90	127	194	0	0	2	6	0	0	0	0	0	0	0	7.990	8.042	10.256	10.308	964	19615	182.456	2.376
338	estuario2_300_07agosto2013_600ml_tot_1	2963	172.729	54.082	243	88	247	41.355	39.383	39.560	39.468	398.014	8710	4113	70	99	85.456	44.147	70.141	0.235	105.109	511797	177	-0.012	-1.676	0.877	8762	4113	2937	1.208	328	0.210	116	175	229	0	0	1	1	0	0	0	0	0	0	0	3.223	3.300	3.267	3.376	333	4121	44.630	2.148
339	estuario2_300_07agosto2013_600ml_tot_1	3470	150.126	53.655	88	81	244	65.665	32.880	62.957	30.871	328.860	14175	4118	115	61	107.663	41.037	160.823	0.403	123.693	520938.000	142	0.352	-1.316	0.029	14175	4118	3469	1.123	147	0.222	95	141	197	0	0	1	2	0	0	0	0	0	0	0	3.306	3.374	3.235	3.231	348	4006	14.076	1.845
340	estuario2_300_07agosto2013_600ml_tot_1	3343	169.339	56.145	242	61	245	43.431	58.271	43.941	58.726	496.825	12481	4131	80	99	75.076	56.695	60.714	0.170	103.160	566100	175	-0.248	-1.345	0.150	12530	4131	3338	1.240	374	0.183	115	174	223	0	0	2	3	0	0	0	0	0	0	0	2.934	2.943	3.383	3.414	354	5168	58.708	2.954
341	estuario2_300_07agosto2013_600ml_tot_1	3983	164.806	54.311	243	65	245	47.469	48.907	49.204	48.941	537.210	5526	4140	95	111	85.724	59.159	104.293	0.173	123.548	656423	164	0.036	-1.518	0.075	5535	4140	3980	1.208	374	0.226	108	163	219	0	0	5	1	0	0	0	0	0	0	0	3.254	3.369	4.101	4.115	408	7241	49.694	3.895
342	estuario2_300_07agosto2013_600ml_tot_1	2012	160.869	50.954	243	75	246	67.477	14.885	65.501	15.178	314.451	12616	4141	129	31	138.231	18.532	5.638	0.256	129.757	323668	143	0.380	-1.350	0.149	12733	4141	2009	1.138	165	0.125	117	142	214	0	0	3	3	0	0	0	0	0	0	0	6.102	6.133	7.417	7.423	316	2349	10.017	1.686
343	estuario2_300_07agosto2013_600ml_tot_1	1077	230.360	10.478	243	195	249	32.013	21.928	32.100	21.827	271.505	10168	4142	65	47	71.856	19.084	33.883	0.184	75.166	248098	232	-0.701	-0.150	2.878	10214	4142	1046	1.209	202	0.154	222	231	238	0	0	2	5	0	0	0	0	0	0	0	3.890	3.955	3.441	3.479	220	1455	27.062	2.267
344	estuario2_300_07agosto2013_600ml_tot_1	1925	164.434	55.306	91	79	244	31.483	29.502	32.436	30.847	278.576	3940	4147	70	71	75.374	32.518	135.445	0.312	85.633	316536	166	0.008	-1.496	0.156	3960	4147	1922	1.143	203	0.125	105	165	221	0	0	1	2	0	0	0	0	0	0	0	3.212	3.487	3.527	3.805	278	2824	13.174	2.086
345	estuario2_300_07agosto2013_600ml_tot_1	1782	111.710	72.324	51	46	243	21.801	25.378	21.489	25.944	188.208	10954	4162	45	54	54.908	41.322	70.593	0.632	59.169	199067	68	0.789	-1.071	0	10985	4162	1782	1.064	120	0.186	52	67	182	0	0	1	1	0	0	0	0	0	0	0	1.797	1.874	1.841	1.937	194	1897	8.259	2.588
346	estuario2_300_07agosto2013_600ml_tot_1	1612	116.143	72.904	52	47	243	24.244	24.567	24.257	24.425	169.723	11217	4162	49	48	46.745	43.907	50.084	0.703	49.769	187223	75	0.682	-1.234	0	11231	4162	1612	1.054	85	0.169	54	74	191	0	0	1	1	0	0	0	0	0	0	0	1.917	1.965	1.832	1.920	190	1728	8.313	1.452
347	estuario2_300_07agosto2013_600ml_tot_1	2058	159.300	53.068	99	86	247	26.181	48.184	27.059	45.754	247.220	10650	4207	64	81	78.689	33.300	54.007	0.423	98.600	327840	149	0.245	-1.476	0.534	10712	4207	2047	1.121	135	0.120	107	147	212	0	0	1	1	0	0	0	0	0	0	0	3.353	3.505	3.708	3.841	286	2520	4.899	1.959
348	estuario2_300_07agosto2013_600ml_tot_1	1402	134.516	62.960	243	62	246	19.995	29.570	20.016	29.175	166.451	4467	4214	42	55	54.496	32.756	113.877	0.636	56.754	188592.000	107	0.550	-1.274	0.071	4481	4214	1401	1.063	80	0.091	78	106	196	0	0	1	1	0	0	0	0	0	0	0	2.291	2.285	2.365	2.337	190	1486	5.486	1.659
349	estuario2_300_07agosto2013_600ml_tot_1	25735	180.429	58.506	242	44	255	159.402	522.229	166.122	509.902	2395.628	9263	4229	388	737	468.931	69.876	65.040	0.056	803.852	4643340	205	-0.738	-0.812	4.939	9649	4229	24464	1.244	1777	1.343	125	200	223	0	0	4	4	0	0	0	0	0	0	0	18.805	18.967	29.210	29.535	2246	68471	194.944	5.594
350	estuario2_300_07agosto2013_600ml_tot_1	1706	166.589	54.873	243	59	243	17.865	38.536	17.989	38.857	229.321	10778	4230	38	76	67.310	32.271	88.748	0.408	76.420	284201	170	-0.255	-1.215	0	10797	4230	1706	1.111	141	0.080	120	169	219	0	0	1	1	0	0	0	0	0	0	0	2.763	2.860	2.868	3.030	223	2039	6.444	1.907
351	estuario2_300_07agosto2013_600ml_tot_1	5478	151.006	62.171	243	66	245	88.258	133.049	87.260	134.484	783.668	9636	4238	193	273	315.517	22.106	55.289	0.112	327.941	827209	139	0.209	-1.561	0.055	9817	4238	5475	1.211	477	0.337	88	138	217	0	0	4	1	0	0	0	0	0	0	0	14.483	14.187	18.930	18.559	928	8943	92.704	1.723
352	estuario2_300_07agosto2013_600ml_tot_1	1473	162.924	56.595	243	60	244	24.594	35.298	25.271	34.013	238.007	12728	4246	48	62	54.961	34.124	76.447	0.327	62.290	239987	160	-0.053	-1.392	0.068	12748	4246	1472	1.130	129	0.078	111	159	219	0	0	1	2	0	0	0	0	0	0	0	2.592	2.753	2.440	2.653	216	2118	8.922	2.755
353	estuario2_300_07agosto2013_600ml_tot_1	6334	170.679	44.353	243	93	244	140.457	132.733	141.294	131.844	931.148	8202	4267	305	282	312.859	25.777	42.955	0.092	410.670	1081081	158	0.318	-1.332	0.016	8497	4267	6333	1.214	470	0.382	131	157	214	0	0	13	1	0	0	0	0	0	0	0	19.340	18.777	24.940	24.374	1169	13602	107.009	1.487
354	estuario2_300_07agosto2013_600ml_tot_1	2016	176.982	51.628	242	66	247	52.783	31.564	51.148	32.114	309.505	5755	4284	87	60	62.656	40.968	174.942	0.264	89.269	356795	183	-0.397	-1.118	0.248	5814	4284	2011	1.167	218	0.115	133	182	225	0	0	1	3	0	0	0	0	0	0	0	3.502	3.667	3.397	3.659	289	3195	15.143	2.503
355	estuario2_300_07agosto2013_600ml_tot_1	805	132.981	72.482	242	51	243	18.835	15.837	18.767	16.003	118.953	12615	4286	40	32	42.949	23.864	31.357	0.715	44.777	107050.000	107	0.344	-1.555	0	12637	4286	805	1.022	34	0.063	62	106	212	0	0	1	1	0	0	0	0	0	0	0	2.158	2.134	2.242	2.242	140	848	1.285	2.043
356	estuario2_300_07agosto2013_600ml_tot_1	10329	154.070	57.357	87	71	249	200.578	63.378	198.430	62.747	1003.869	11893	4294	307	159	243.003	54.120	23.759	0.129	330.770	1591394	149	0.190	-1.471	0.939	12138	4294	10232	1.222	687	0.548	95	147	209	0	0	4	4	0	0	0	0	0	0	0	7.573	7.972	2.549	2.593	928	20748	115.140	4.049
357	estuario2_300_07agosto2013_600ml_tot_1	1149	120.166	73.628	51	46	243	20.037	20.227	20.110	20.012	145.480	11735	4302	40	42	39.119	37.397	117.740	0.682	43.081	138071	82	0.572	-1.359	0	11758	4302	1149	1.044	94	0.109	54	81	197	0	0	1	1	0	0	0	0	0	0	0	1.932	1.937	1.859	1.898	160	1252	5.493	2.500
358	estuario2_300_07agosto2013_600ml_tot_1	20765	157.033	58.153	68	50	245	135.232	492.141	131.720	473.728	1984.074	11573	4319	254	756	421.121	62.782	106.787	0.066	794.708	3260790	164	-0.203	-1.318	0.014	11574	4319	20762	1.203	1124	0.858	100	163	208	0	0	1	1	0	0	0	0	0	0	0	21.299	21.571	26.027	26.293	2015	48858	112.900	5.210
359	estuario2_300_07agosto2013_600ml_tot_1	2321	192.801	41.901	237	102	244	35.865	71.447	34.293	71.567	547.914	13815	4321	91	153	56.187	52.596	55.685	0.097	153.551	447490	199	-0.242	-1.456	0.043	13822	4321	2320	1.187	277	0.202	152	198	234	0	0	2	1	0	0	0	0	0	0	0	8.958	9.017	3.620	3.763	484	7230	35.162	3.544
360	estuario2_300_07agosto2013_600ml_tot_1	1166	200.856	26.901	209	124	244	24.474	22.375	24.795	21.903	173.238	8010	4351	56	44	59.332	25.022	37.839	0.488	63.530	234198	203	-0.425	-0.284	0.086	8048	4351	1165	1.087	64	0.090	183	202	220	0	0	2	1	0	0	0	0	0	0	0	2.770	2.865	3.291	3.375	196	1431	1.663	2.360
361	estuario2_300_07agosto2013_600ml_tot_1	1896	153.578	43.267	131	89	245	26.233	23.704	26.412	23.998	190.752	11058	4354	51	47	51.934	46.483	24.734	0.655	61.294	291183	138	0.858	-0.590	0.053	11071	4354	1895	1.063	91	0.137	122	136	181	0	0	1	2	0	0	0	0	0	0	0	1.604	1.635	1.653	1.683	192	2042	3.511	2.429
362	estuario2_300_07agosto2013_600ml_tot_1	1581	118.182	72.619	59	48	244	24.978	22.518	24.847	22.864	176.894	10230	4355	46	47	46.547	43.246	104.265	0.635	52.010	186846	74	0.685	-1.246	0.190	10247	4355	1578	1.062	155	0.145	57	73	194	0	0	1	1	0	0	0	0	0	0	0	1.727	1.805	1.847	1.923	182	1695	5.463	1.471
363	estuario2_300_07agosto2013_600ml_tot_1	2660	147.830	54.405	96	81	243	21.797	52.055	21.320	49.315	249.179	13592	4356	42	94	91.591	36.978	87.444	0.538	94.641	393228	132	0.448	-1.315	0	13619	4356	2660	1.087	138	0.178	95	131	199	0	0	1	1	0	0	0	0	0	0	0	2.637	2.721	2.748	2.843	268	2899	4.709	1.898
364	estuario2_300_07agosto2013_600ml_tot_1	1760	182.582	46.137	243	79	246	25.541	29.338	25.861	28.069	273.463	3388	4363	72	53	55.151	40.632	11.268	0.296	74.041	321345	192	-0.414	-1.097	0.114	3395	4363	1758	1.151	147	0.103	142	191	223	0	0	1	2	0	0	0	0	0	0	0	2.763	2.865	2.846	3.024	245	2635	9.808	3.164
365	estuario2_300_07agosto2013_600ml_tot_1	1772	132.334	62.674	243	55	243	25.570	28.356	25.333	27.985	191.179	8541	4375	49	54	50.626	44.566	108.167	0.609	55.362	234496	105	0.585	-1.187	0	8565	4375	1772	1.071	153	0.101	79	104	192	0	0	1	1	0	0	0	0	0	0	0	1.997	1.982	1.983	2.006	202	1926	6.310	1.953
366	estuario2_300_07agosto2013_600ml_tot_1	3489	177.362	45.084	243	109	244	46.232	57.151	46.786	56.389	516.566	2739	4377	122	109	79.021	56.217	45.909	0.164	132.280	618817	176	0.077	-1.570	0.057	2761	4377	3487	1.187	307	0.227	132	175	222	0	0	1	1	0	0	0	0	0	0	0	5.038	5.231	4.616	4.699	458	7694	34.858	1.719
367	estuario2_300_07agosto2013_600ml_tot_1	2890	139.299	64.741	62	60	243	36.943	30.272	40.170	30.010	254.534	3807	4381	74	66	68.074	54.054	17.474	0.561	76.158	402573	146	0.145	-1.454	0	3856	4381	2890	1.094	123	0.252	66	145	195	0	0	1	2	0	0	0	0	0	0	0	2.247	2.165	2.374	2.342	276	3321	16.018	1.858
368	estuario2_300_07agosto2013_600ml_tot_1	2420	183.807	52.089	243	65	249	31.862	36.949	33.852	35.640	300.333	10146	4398	83	66	66.201	46.544	157.202	0.337	85.446	444813	205	-0.774	-0.737	0.950	10168	4398	2397	1.173	210	0.147	147	204	224	0	0	1	3	0	0	0	0	0	0	0	2.849	2.952	2.597	2.745	294	3447	16.915	2.171
369	estuario2_300_07agosto2013_600ml_tot_1	1660	170.481	54.169	243	68	243	29.595	41.714	28.182	39.518	228.534	12264	4399	57	71	66.584	31.743	117.143	0.399	75.273	282998	179	-0.358	-1.208	0	12274	4399	1660	1.113	110	0.087	122	178	219	0	0	1	2	0	0	0	0	0	0	0	3.106	3.378	2.965	3.176	251	2147	6.758	3.081
370	estuario2_300_07agosto2013_600ml_tot_1	3189	177.827	50.994	242	91	246	45.787	103.203	47.210	101.072	650.607	8026	4403	153	159	76.670	52.959	57.717	0.095	167.738	567089	176	-0.042	-1.652	0.157	8049	4403	3184	1.179	344	0.234	126	175	231	0	0	3	1	0	0	0	0	0	0	0	10.362	10.449	6.703	6.856	620	12168	60.617	2.241
371	estuario2_300_07agosto2013_600ml_tot_1	3342	142.596	69.312	51	48	244	48.211	38.513	54.747	40.841	408.073	14418	4410	113	77	94.373	45.089	155.463	0.252	113.358	476556.000	144	0.014	-1.535	0.030	14445	4410	3341	1.170	273	0.194	69	143	209	0	0	1	2	0	0	0	0	0	0	0	3.584	3.647	3.012	3.242	376	5484	21.547	1.971
372	estuario2_300_07agosto2013_600ml_tot_1	1541	194.887	22.859	186	151	243	23.593	24.765	23.789	24.379	190.451	11708	4423	50	52	51.578	38.040	57.335	0.534	52.612	300321	189	0.567	-0.571	0	11727	4423	1541	1.081	114	0.145	179	188	209	0	0	1	2	0	0	0	0	0	0	0	2.202	2.238	2.373	2.420	200	1758	5.493	1.850
373	estuario2_300_07agosto2013_600ml_tot_1	2590	165.555	54.890	241	90	244	36.073	72.483	35.999	71.057	395.813	8534	4462	84	113	81.325	40.549	129.038	0.208	119.871	428788	158	0.126	-1.669	0.039	8574	4462	2589	1.164	196	0.176	110	157	224	0	0	2	1	0	0	0	0	0	0	0	4.947	4.930	4.299	4.366	389	5233	23.513	2.387
374	estuario2_300_07agosto2013_600ml_tot_1	1678	173.712	53.454	243	61	243	27.560	25.732	29.456	25.303	257.078	11893	4465	75	51	58.877	36.287	177.649	0.319	75.425	291489	183	-0.423	-1.111	0	11925	4465	1678	1.142	147	0.091	130	182	222	0	0	1	1	0	0	0	0	0	0	0	3.020	3.228	3.223	3.436	248	2336	8.008	3.237
375	estuario2_300_07agosto2013_600ml_tot_1	656	235.989	6.134	237	190	243	12.988	76.989	13.047	76.607	345.362	11977	4472	29	143	143.680	5.813	81.305	0.069	145.715	154809	237	-3.147	17.762	0	12004	4472	656	1.127	147	0.139	233	236	239	0	0	1	3	0	0	0	0	0	0	0	22.731	22.806	29.711	29.917	340	1153	14.276	1.821
376	estuario2_300_07agosto2013_600ml_tot_1	3799	199.305	30.735	241	137	244	64.903	49.861	65.368	49.961	389.772	2398	4485	129	94	155.568	31.093	145.156	0.314	149.215	757159	203	-0.187	-1.342	0.026	2408	4485	3798	1.140	228	0.277	170	202	227	0	0	2	1	0	0	0	0	0	0	0	4.668	4.629	5.321	5.247	442	4622	42.669	1.495
377	estuario2_300_07agosto2013_600ml_tot_1	2618	173.740	43.087	140	102	243	40.346	79.917	41.023	81.241	406.701	1443	4488	91	159	184.587	18.058	117.437	0.199	178.941	454852	162	0.239	-1.337	0	1447	4488	2618	1.170	164	0.170	139	161	216	0	0	2	1	0	0	0	0	0	0	0	8.971	8.854	11.183	11.035	496	3489	9.057	1.494
378	estuario2_300_07agosto2013_600ml_tot_1	1835	180.252	36.925	132	123	243	35.063	19.067	35.858	19.127	210.836	6708	4491	74	40	71.268	32.783	5.979	0.519	74.813	330762	181	0.107	-1.334	0	6757	4491	1835	1.100	102	0.126	141	180	212	0	0	1	2	0	0	0	0	0	0	0	2.523	2.538	2.858	2.929	224	2169	4.515	2.045
379	estuario2_300_07agosto2013_600ml_tot_1	1583	175.688	51.490	242	73	245	34.523	27.561	33.067	27.638	256.978	5401	4498	63	54	58.530	34.436	155.619	0.301	68.622	278114	182	-0.299	-1.279	0.063	5407	4498	1582	1.153	151	0.093	127	180	224	0	0	1	2	0	0	0	0	0	0	0	2.618	2.797	2.757	2.902	230	2225	6.835	3.182
380	estuario2_300_07agosto2013_600ml_tot_1	3621	156.411	56.666	83	76	243	45.074	44.105	41.504	46.968	378.801	10480	4498	84	105	108.471	42.504	50.334	0.317	127.004	566364	158	0.082	-1.476	0	10542	4498	3621	1.143	244	0.221	96	157	209	0	0	1	3	0	0	0	0	0	0	0	3.342	3.395	3.507	3.513	374	4489	28.177	1.624
381	estuario2_300_07agosto2013_600ml_tot_1	3433	150.161	55.521	243	71	246	105.676	31.268	103.151	30.411	504.257	12470	4506	200	85	165.687	26.381	158.411	0.170	212.565	515504	133	0.426	-1.284	0.058	12530	4506	3431	1.177	231	0.189	101	132	204	0	0	3	1	0	0	0	0	0	0	0	9.493	9.090	12.122	11.750	566	6552	24.452	1.428
382	estuario2_300_07agosto2013_600ml_tot_1	654	186.775	35.981	239	99	243	15.028	19.347	14.641	19.179	108.711	13137	4525	28	36	33.121	25.141	98.215	0.695	37.643	122151	190	-0.191	-1.008	0	13149	4525	654	1.012	36	0.041	156	188	216	0	0	1	1	0	0	0	0	0	0	0	1.976	2.019	2.182	2.232	124	709	0.492	2.160
383	estuario2_300_07agosto2013_600ml_tot_1	2220	144.302	54.518	243	58	244	50.828	24.041	50.618	23.985	271.664	11044	4540	104	48	116.417	24.280	163.422	0.378	108.522	320350.000	123	0.646	-1.018	0.045	11046	4540	2219	1.119	145	0.136	101	122	192	0	0	3	2	0	0	0	0	0	0	0	4.096	4.121	4.953	4.932	300	2465	12.769	1.704
384	estuario2_300_07agosto2013_600ml_tot_1	17660	159.802	61.255	243	46	255	147.704	122.914	147.170	122.780	1781.756	10145	4542	294	230	240.153	93.629	33.237	0.070	320.089	2822095.000	149	0.040	-1.360	5.844	10398	4542	16628	1.285	1647	0.807	105	141	215	0	0	9	4	0	0	0	0	0	0	0	5.101	5.123	4.292	4.286	1044	41407	143.513	3.105
385	estuario2_300_07agosto2013_600ml_tot_1	3514	161.431	56.841	243	57	245	58.921	61.474	56.293	59.810	389.186	7331	4543	99	120	127.849	34.996	130.347	0.292	143.224	567269	167	-0.105	-1.418	0.085	7343	4543	3511	1.152	197	0.157	105	165	214	0	0	1	2	0	0	0	0	0	0	0	4.495	4.686	5.009	5.131	433	5003	23.951	2.182
386	estuario2_300_07agosto2013_600ml_tot_1	1787	165.415	58.302	242	65	248	24.669	43.645	24.947	41.954	263.948	10694	4543	51	73	63.463	35.852	100.853	0.322	73.756	295596	169	-0.146	-1.457	0.168	10717	4543	1784	1.139	224	0.101	106	168	223	0	0	1	1	0	0	0	0	0	0	0	2.766	2.963	2.883	3.072	244	2393	11.024	2.172
387	estuario2_300_07agosto2013_600ml_tot_1	2904	177.742	52.980	243	90	245	62.234	48.219	60.606	48.326	731.879	6981	4553	118	110	71.988	51.363	9.319	0.068	124.824	516164	193	-0.185	-1.657	0.069	6981	4553	2902	1.289	415	0.208	119	192	229	0	0	4	1	0	0	0	0	0	0	0	5.833	5.886	5.511	5.659	452	7629	37.796	3.469
388	estuario2_300_07agosto2013_600ml_tot_1	6047	176.723	54.236	243	87	247	98.409	55.805	98.685	56.282	978.514	6484	4555	235	152	143.347	53.711	28.204	0.079	236.907	1068644	189	-0.188	-1.631	0.695	6627	4555	6005	1.241	632	0.413	117	187	230	0	0	3	2	0	0	0	0	0	0	0	8.773	8.752	4.121	4.118	770	20627	105.984	2.520
389	estuario2_300_07agosto2013_600ml_tot_1	1179	203.868	23.926	175	157	243	19.670	21.981	19.498	22.507	168.652	3383	4557	41	45	43.923	34.177	73.972	0.521	50.220	240360	205	-0.040	-1.248	0	3395	4557	1179	1.082	71	0.097	181	204	224	0	0	2	1	0	0	0	0	0	0	0	1.981	1.939	2.154	2.141	168	1429	4.307	3.478
390	estuario2_300_07agosto2013_600ml_tot_1	1378	121.382	66.294	62	51	243	24.170	23.542	24.364	23.238	147.581	14056	4559	47	44	45.407	38.640	33.581	0.795	48.508	167265	90	0.699	-1.084	0	14081	4559	1378	1.040	43	0.094	64	89	181	0	0	1	1	0	0	0	0	0	0	0	1.976	2.029	1.988	2.034	178	1442	2.270	1.545
391	estuario2_300_07agosto2013_600ml_tot_1	2580	163.147	54.799	242	62	248	37.704	29.681	36.164	29.186	290.818	6895	4573	69	62	68.994	47.613	153.727	0.383	74.202	420919	164	-0.113	-1.280	0.155	6917	4573	2576	1.149	216	0.121	113	163	213	0	0	1	2	0	0	0	0	0	0	0	2.087	2.210	2.282	2.406	258	3278	12.729	2.220
392	estuario2_300_07agosto2013_600ml_tot_1	688	138.814	75.151	52	50	243	20.334	13.324	20.005	13.965	117.782	10907	4596	37	29	33.444	26.193	177.860	0.623	38.079	95504.000	123	0.182	-1.680	0	10926	4596	688	1.025	53	0.056	60	122	221	0	0	1	1	0	0	0	0	0	0	0	2.029	2.100	1.975	2.059	128	770	0.774	2.041
393	estuario2_300_07agosto2013_600ml_tot_1	7676	181.925	45.658	243	77	249	119.327	80.451	118.512	78.527	1006.514	3552	4599	205	174	158.460	61.677	127.309	0.095	234.307	1396460	189	-0.417	-0.984	0.300	3632	4599	7653	1.250	721	0.413	144	187	221	0	0	4	5	0	0	0	0	0	0	0	6.173	6.202	7.105	7.098	754	18265	153.007	3.305
394	estuario2_300_07agosto2013_600ml_tot_1	5857	178.388	52.736	243	91	245	152.154	118.956	148.343	118.185	1138.285	7447	4618	255	250	158.017	47.193	135.410	0.057	337.753	1044820	187	-0.178	-1.624	0.017	7554	4618	5856	1.217	539	0.412	125	186	230	0	0	3	2	0	0	0	0	0	0	0	14.577	15.151	5.398	5.495	1005	27210	115.696	9.250
395	estuario2_300_07agosto2013_600ml_tot_1	1859	157.567	55.419	243	78	243	20.923	54.302	20.684	53.555	284.635	9241	4619	41	109	122.414	19.336	103.997	0.288	112.792	292917	145	0.256	-1.487	0	9244	4619	1859	1.137	108	0.109	107	144	215	0	0	2	1	0	0	0	0	0	0	0	5.057	5.059	6.228	6.225	296	2151	11.165	1.770
396	estuario2_300_07agosto2013_600ml_tot_1	4051	173.314	55.206	242	86	245	109.677	54.276	106.881	51.119	908.715	6831	4625	155	123	118.568	43.501	144.328	0.062	185.691	702097	182	-0.162	-1.593	0.197	6901	4625	4043	1.287	518	0.268	115	180	228	0	0	1	2	0	0	0	0	0	0	0	6.039	6.283	4.066	4.102	552	10271	60.714	4.433
397	estuario2_300_07agosto2013_600ml_tot_1	817	224.508	14.805	243	179	243	18.040	55.065	17.965	54.804	275.463	7877	4628	44	89	48.636	21.388	104.936	0.135	89.090	183423	228	-0.780	-0.306	0	7877	4628	817	1.126	126	0.102	215	227	236	0	0	1	3	0	0	0	0	0	0	0	7.768	8.245	7.081	7.409	262	2011	8.128	3.938
398	estuario2_300_07agosto2013_600ml_tot_1	645	180.158	48.255	123	106	243	29.337	13.494	28.360	13.046	145.439	9972	4636	50	26	42.937	19.127	162.343	0.383	51.662	116202	183	-0.099	-1.613	0	10001	4636	645	1.058	73	0.050	126	182	228	0	0	1	1	0	0	0	0	0	0	0	3.137	3.327	2.840	3.013	147	815	1.887	3.235
399	estuario2_300_07agosto2013_600ml_tot_1	28645	185.891	56.730	243	70	255	236.175	220.893	232.646	221.705	3419.470	5859	4642	396	461	221.268	164.832	72.390	0.031	493.812	5324843	208	-0.522	-1.249	11.971	6202	4642	25216	1.338	2678	1.514	119	192	228	0	0	6	8	0	0	0	0	0	0	0	8.542	8.678	8.189	8.199	1710	104299	252.108	3.589
400	estuario2_300_07agosto2013_600ml_tot_1	4168	168.653	56.568	90	87	250	87.850	49.021	81.670	50.278	599.252	5290	4646	144	130	90.880	58.394	6.936	0.146	163.976	702946	173	-0.106	-1.540	0.600	5323	4646	4143	1.188	310	0.296	105	172	226	0	0	1	2	0	0	0	0	0	0	0	5.930	5.965	3.242	3.312	544	10027	62.216	2.588
401	estuario2_300_07agosto2013_600ml_tot_1	1139	165.910	52.871	242	83	244	20.235	22.504	19.375	23.019	152.752	7921	4652	41	42	45.757	31.694	48.179	0.613	47.634	188972	167	0.008	-1.458	0.176	7942	4652	1137	1.052	87	0.062	114	166	216	0	0	1	1	0	0	0	0	0	0	0	1.973	2.014	2.019	2.080	162	1231	2.934	1.404
402	estuario2_300_07agosto2013_600ml_tot_1	766	192.483	35.844	243	130	243	29.261	17.646	28.926	18.081	178.652	14114	4662	45	35	33.049	29.511	18.789	0.302	50.990	147442	188	0.092	-1.536	0	14147	4662	766	1.090	73	0.066	158	187	231	0	0	2	1	0	0	0	0	0	0	0	2.598	2.764	2.187	2.132	156	1141	6.148	4.103
403	estuario2_300_07agosto2013_600ml_tot_1	10236	198.148	50.525	251	88	255	96.042	104.626	94.582	103.058	1349.918	5722	4666	198	210	143.399	90.885	166.506	0.071	216.342	2028242	220	-0.653	-1.065	18.474	5761	4666	8345	1.315	901	0.577	138	202	230	0	0	4	3	0	0	0	0	0	0	0	5.156	5.406	4.769	5.213	812	24259	221.599	4.267
404	estuario2_300_07agosto2013_600ml_tot_1	2968	165.542	58.090	243	81	254	33.764	49.164	31.147	47.703	277.161	12306	4680	66	86	85.350	44.276	121.530	0.486	94.515	491328	163	0.047	-1.582	5.458	12318	4680	2806	1.182	202	0.166	103	154	219	0	0	1	1	0	0	0	0	0	0	0	2.600	2.673	2.625	2.719	300	3293	31.400	1.760
405	estuario2_300_07agosto2013_600ml_tot_1	2304	188.137	45.320	240	104	244	42.403	64.918	40.726	65.211	492.902	6232	4693	95	138	55.614	52.748	1.627	0.119	140.616	433467	199	-0.193	-1.621	0.043	6234	4693	2303	1.175	233	0.188	140	198	232	0	0	3	1	0	0	0	0	0	0	0	8.184	8.266	4.185	4.265	462	6475	21.193	2.148
406	estuario2_300_07agosto2013_600ml_tot_1	2030	174.736	48.147	241	95	244	47.713	46.480	47.667	46.468	370.576	14029	4697	83	94	76.102	33.963	98.910	0.186	99.624	354715	166	0.092	-1.557	0.099	14111	4697	2028	1.145	200	0.135	129	165	225	0	0	2	1	0	0	0	0	0	0	0	5.200	5.331	3.307	3.394	349	4196	10.004	1.781
407	estuario2_300_07agosto2013_600ml_tot_1	3033	153.161	67.778	65	60	247	16.174	89.197	16.946	92.652	483.387	12259	4701	45	164	157.645	24.496	92.503	0.163	164.402	464537	155	-0.030	-1.639	0.264	12270	4701	3025	1.195	264	0.194	80	154	222	0	0	1	1	0	0	0	0	0	0	0	6.388	6.605	8.479	8.467	414	5101	44.551	3.117
408	estuario2_300_07agosto2013_600ml_tot_1	2381	154.644	59.321	243	73	244	12.248	68.359	12.211	69.532	362.333	8044	4711	25	138	150.047	20.204	92.578	0.228	138.521	368207.000	141	0.240	-1.560	0.084	8053	4711	2379	1.161	253	0.152	95	140	217	0	0	2	1	0	0	0	0	0	0	0	5.774	5.779	7.330	7.366	322	2791	16.962	2.055
409	estuario2_300_07agosto2013_600ml_tot_1	2636	108.552	71.526	58	47	244	29.749	36.573	29.796	36.626	257.362	11344	4713	57	72	79.318	42.314	60.029	0.500	78.772	286144	64	0.898	-0.908	0.076	11380	4713	2634	1.094	196	0.278	54	63	174	0	0	1	1	0	0	0	0	0	0	0	2.166	2.174	2.367	2.381	254	2920	9.687	1.304
410	estuario2_300_07agosto2013_600ml_tot_1	1528	168.684	52.885	243	64	247	23.698	21.889	23.565	22.012	197.380	9861	4715	54	48	56.917	34.182	42.135	0.493	63.032	257749.000	170	-0.203	-1.260	0.065	9887	4715	1527	1.096	130	0.075	124	169	218	0	0	1	1	0	0	0	0	0	0	0	2.249	2.246	2.375	2.350	200	1776	4.097	2.020
411	estuario2_300_07agosto2013_600ml_tot_1	643	237.163	4.756	240	206	243	88.007	41.063	87.674	41.000	420.818	8982	4718	169	57	86.716	9.441	167.799	0.046	177.418	152496	238	-1.893	7.510	0	8982	4718	643	1.121	186	0.146	234	237	239	0	0	1	2	0	0	0	0	0	0	0	34.409	34.521	49.996	50.216	447	3285	19.214	1.889
412	estuario2_300_07agosto2013_600ml_tot_1	5352	187.101	48.598	243	89	246	73.907	102.594	75.698	100.241	935.828	10778	4727	162	159	104.347	65.305	42.756	0.077	196.010	1001366	205	-0.470	-1.324	0.149	10828	4727	5344	1.241	533	0.371	137	204	230	0	0	1	3	0	0	0	0	0	0	0	6.128	6.240	3.781	3.772	638	17324	136.707	4.412
413	estuario2_300_07agosto2013_600ml_tot_1	1493	126.572	66.565	63	56	243	22.077	26.264	22.324	26.351	164.652	7043	4734	42	53	50.029	37.997	84.433	0.692	53.600	188972	93	0.625	-1.252	0	7064	4734	1493	1.062	91	0.106	69	92	194	0	0	1	1	0	0	0	0	0	0	0	2.072	2.049	2.135	2.129	186	1624	3.424	2.143
414	estuario2_300_07agosto2013_600ml_tot_1	690	207.636	35.834	243	109	243	43.935	11.110	42.145	11.317	183.338	10018	4746	76	24	68.192	12.883	9.147	0.258	77.466	143269	220	-1.334	0.522	0	10083	4746	690	1.093	77	0.071	201	219	232	0	0	1	1	0	0	0	0	0	0	0	6.008	6.074	7.550	7.672	195	1061	2.241	2.418
415	estuario2_300_07agosto2013_600ml_tot_1	4132	135.113	58.357	92	65	246	74.349	55.473	75.217	54.851	443.997	13355	4754	153	116	188.832	27.861	38.783	0.263	181.945	558286	107	0.735	-1.031	0.048	13483	4754	4130	1.159	272	0.263	88	105	188	0	0	5	3	0	0	0	0	0	0	0	6.198	6.132	7.738	7.662	534	5419	27.320	1.625
416	estuario2_300_07agosto2013_600ml_tot_1	1084	171.535	52.977	242	79	243	17.416	42.132	17.407	41.668	220.007	9200	4758	44	81	78.634	17.552	111.271	0.281	86.035	185944	173	-0.113	-1.475	0	9212	4758	1084	1.118	98	0.066	120	172	224	0	0	2	1	0	0	0	0	0	0	0	5.315	5.041	6.535	6.225	246	1682	4.320	1.714
417	estuario2_300_07agosto2013_600ml_tot_1	3640	171.698	54.159	243	64	244	41.377	76.432	42.829	76.367	591.578	9591	4760	110	142	108.299	42.794	70.571	0.131	151.559	624980	173	-0.114	-1.495	0.055	9616	4760	3638	1.194	316	0.214	118	172	227	0	0	3	2	0	0	0	0	0	0	0	5.792	5.836	4.327	4.465	500	9854	51.380	3.410
418	estuario2_300_07agosto2013_600ml_tot_1	6541	176.534	46.959	242	75	243	68.097	144.774	67.079	139.994	993.585	7938	4762	121	249	162.773	51.165	101.734	0.083	255.644	1154711	179	-0.216	-1.184	0	7949	4762	6541	1.215	489	0.326	136	178	219	0	0	7	4	0	0	0	0	0	0	0	7.608	7.653	8.584	8.472	736	22012	92.029	4.765
419	estuario2_300_07agosto2013_600ml_tot_1	1735	168.553	53.751	243	62	248	26.446	27.480	27.196	25.814	200.208	8276	4762	51	53	55.757	39.620	69.243	0.544	64.815	292439	174	-0.228	-1.259	0.865	8305	4762	1720	1.108	145	0.084	117	172	218	0	0	1	1	0	0	0	0	0	0	0	1.971	2.069	1.888	2.052	204	1982	7.850	1.804
420	estuario2_300_07agosto2013_600ml_tot_1	2012	143.690	65.671	73	66	245	35.938	27.853	36.138	28.985	284.818	8726	4770	65	67	69.405	36.910	130.458	0.312	79.981	289104	123	0.303	-1.574	0.249	8751	4770	2007	1.149	204	0.156	77	122	214	0	0	1	1	0	0	0	0	0	0	0	2.767	2.714	2.781	2.676	260	2761	15.912	3.203
421	estuario2_300_07agosto2013_600ml_tot_1	1846	169.418	54.377	242	64	246	24.213	31.747	24.452	33.898	255.948	11391	4771	47	81	70.137	33.512	83.351	0.354	82.565	312746	175	-0.284	-1.255	0.163	11420	4771	1843	1.129	174	0.101	116	174	220	0	0	1	1	0	0	0	0	0	0	0	2.915	3.234	3.223	3.550	252	2607	9.065	2.210
422	estuario2_300_07agosto2013_600ml_tot_1	1885	213.379	13.577	216	177	243	23.360	39.297	23.419	39.228	224.451	9797	4772	49	83	87.487	27.433	69.403	0.470	88.955	402220	213	0.125	-0.142	0	9834	4772	1885	1.095	89	0.230	204	212	219	0	0	3	3	0	0	0	0	0	0	0	3.336	3.328	3.723	3.774	260	2079	2.745	1.452
423	estuario2_300_07agosto2013_600ml_tot_1	1206	230.996	10.540	242	170	247	17.494	37.564	17.466	37.618	371.931	12479	4774	33	75	69.451	22.110	96.069	0.110	78.160	278581	234	-1.491	3.507	0.746	12488	4774	1197	1.259	237	0.185	225	232	238	0	0	4	4	0	0	0	0	0	0	0	3.417	3.500	4.510	4.602	212	2089	30.684	2.333
424	estuario2_300_07agosto2013_600ml_tot_1	2778	172.860	52.241	243	89	246	40.910	59.246	39.102	58.872	488.500	12738	4796	99	107	73.781	47.940	16.367	0.146	108.503	480204.000	174	0.007	-1.665	0.108	12745	4796	2775	1.196	294	0.190	119	172	227	0	0	3	1	0	0	0	0	0	0	0	4.987	5.107	4.505	4.681	408	6054	39.425	1.649
425	estuario2_300_07agosto2013_600ml_tot_1	10354	162.640	53.851	243	67	247	111.559	90.923	113.537	88.192	1395.391	9833	4828	296	196	163.633	80.565	27.142	0.067	302.447	1683971	160	-0.076	-1.194	0.116	9984	4828	10342	1.255	925	0.480	120	159	210	0	0	6	2	0	0	0	0	0	0	0	7.866	8.067	9.300	9.526	980	32846	173.383	3.803
426	estuario2_300_07agosto2013_600ml_tot_1	2065	212.621	24.961	242	127	248	26.562	37.906	26.555	38.123	308.132	6387	4833	56	86	87.024	30.213	69.711	0.273	95.771	439062	219	-0.876	0.030	0.630	6437	4833	2052	1.179	218	0.185	196	218	232	0	0	6	4	0	0	0	0	0	0	0	3.164	3.383	2.996	2.982	280	3013	12.367	3.537
427	estuario2_300_07agosto2013_600ml_tot_1	1330	154.226	58.910	79	65	244	33.262	24.916	32.702	25.096	177.137	10173	4842	56	48	42.175	40.152	139.015	0.533	57.489	205120.000	148	0.130	-1.485	0.075	10213	4842	1329	1.071	106	0.073	94	147	214	0	0	1	1	0	0	0	0	0	0	0	2.683	2.698	2.203	2.204	203	1572	0.817	2.376
428	estuario2_300_07agosto2013_600ml_tot_1	3391	166.134	55.379	242	60	245	30.458	78.784	29.190	76.727	417.387	5450	4846	59	134	109.111	39.570	91.425	0.245	134.373	563362	171	-0.176	-1.351	0.029	5471	4846	3390	1.169	225	0.164	110	170	218	0	0	1	1	0	0	0	0	0	0	0	4.092	4.134	4.749	4.754	382	5050	20.781	2.887
429	estuario2_300_07agosto2013_600ml_tot_1	1934	217.306	17.190	202	169	247	27.231	49.529	27.393	49.417	341.605	12068	4855	63	74	56.345	43.703	137.440	0.208	84.054	420269	218	-0.335	-0.730	0.672	12075	4855	1921	1.206	203	0.194	203	217	231	0	0	3	5	0	0	0	0	0	0	0	2.956	2.730	3.766	3.539	270	3516	6.136	3.390
430	estuario2_300_07agosto2013_600ml_tot_1	1943	143.949	59.239	243	59	243	38.713	18.926	38.824	19.298	223.622	8540	4862	72	36	70.978	34.855	5.599	0.488	77.253	279693	128	0.303	-1.352	0	8566	4862	1943	1.089	112	0.095	92	127	200	0	0	1	1	0	0	0	0	0	0	0	2.153	2.185	2.201	2.230	212	2186	7.256	2.753
431	estuario2_300_07agosto2013_600ml_tot_1	8966	145.073	63.971	243	60	246	61.196	175.303	58.577	175.409	1090.320	10261	4863	133	288	169.614	67.305	93.040	0.095	288.293	1300721	131	0.263	-1.516	0.167	10273	4863	8951	1.235	781	0.501	82	129	211	0	0	4	3	0	0	0	0	0	0	0	7.279	7.253	8.766	8.958	838	21830	163.152	3.382
432	estuario2_300_07agosto2013_600ml_tot_1	1505	175.774	51.252	243	66	245	23.827	26.204	23.898	27.991	248.049	10525	4869	44	68	58.649	32.673	112.648	0.307	75.180	264540	179	-0.398	-1.044	0.066	10547	4869	1504	1.127	124	0.087	137	178	222	0	0	1	1	0	0	0	0	0	0	0	2.647	2.889	2.796	3.114	220	2219	10.399	2.394
433	estuario2_300_07agosto2013_600ml_tot_1	2839	166.376	52.981	242	87	245	31.051	45.730	29.649	47.813	365.002	8800	4885	55	112	92.072	39.260	81.862	0.268	112.018	472342	168	0.061	-1.557	0.035	8827	4885	2838	1.166	250	0.177	111	167	220	0	0	1	2	0	0	0	0	0	0	0	3.637	3.687	3.328	3.386	330	3709	28.767	2.151
434	estuario2_300_07agosto2013_600ml_tot_1	3552	173.118	57.367	243	83	248	67.730	69.887	65.225	70.123	616.867	10369	4893	137	150	81.828	55.269	9.833	0.117	160.112	614916	185	-0.156	-1.683	0.282	10422	4893	3542	1.200	350	0.252	110	184	230	0	0	1	1	0	0	0	0	0	0	0	7.657	7.640	4.934	4.984	570	9768	53.287	2.677
435	estuario2_300_07agosto2013_600ml_tot_1	1595	131.053	64.379	73	58	243	24.845	23.065	24.611	22.719	176.066	5860	4900	52	45	52.141	38.949	161.777	0.647	55.036	209029	101	0.580	-1.270	0	5867	4900	1595	1.067	101	0.107	75	100	196	0	0	2	1	0	0	0	0	0	0	0	1.973	1.891	2.131	2.034	190	1751	5.999	1.600
436	estuario2_300_07agosto2013_600ml_tot_1	2125	112.269	65.907	57	49	244	27.433	26.174	27.832	26.208	198.108	8234	4915	55	55	53.830	50.262	89.787	0.680	59.942	238571	77	0.916	-0.761	0.047	8258	4915	2124	1.064	106	0.171	60	76	161	0	0	1	1	0	0	0	0	0	0	0	1.856	1.893	1.844	1.891	216	2266	7.003	1.382
437	estuario2_300_07agosto2013_600ml_tot_1	2297	181.589	48.515	240	88	243	85.249	56.215	84.671	57.891	521.227	12006	4927	141	123	61.181	47.803	78.337	0.106	153.629	417109	181	-0.087	-1.583	0	12110	4927	2297	1.161	232	0.178	134	180	232	0	0	3	1	0	0	0	0	0	0	0	10.382	10.440	4.229	4.365	523	7989	35.178	2.184
438	estuario2_300_07agosto2013_600ml_tot_1	2600	185.950	44.438	243	106	244	58.196	37.888	59.818	38.085	433.144	3049	4928	106	86	79.442	41.671	166.472	0.174	108.908	483471	192	-0.132	-1.567	0.154	3151	4928	2596	1.188	233	0.191	142	190	230	0	0	1	1	0	0	0	0	0	0	0	4.638	4.857	5.761	5.840	380	5174	46.702	2.426
439	estuario2_300_07agosto2013_600ml_tot_1	1611	167.791	59.143	78	63	247	27.293	40.356	26.694	40.423	332.291	7067	4932	50	80	59.480	34.486	74.948	0.183	82	270311	180	-0.270	-1.434	0.124	7084	4932	1609	1.193	216	0.100	107	179	225	0	0	1	1	0	0	0	0	0	0	0	3.667	3.600	2.596	2.560	256	2530	6.179	4.701
440	estuario2_300_07agosto2013_600ml_tot_1	2165	167.448	47.652	243	87	246	14.813	61.613	14.752	61.605	322.475	8492	4937	33	123	129.358	21.310	81.597	0.262	124.169	362524	151	0.290	-1.389	0.046	8512	4937	2164	1.148	187	0.135	127	150	216	0	0	3	1	0	0	0	0	0	0	0	5.133	5.083	6.451	6.374	308	2736	19.548	1.652
441	estuario2_300_07agosto2013_600ml_tot_1	5706	164.738	58.178	241	61	252	97.559	36.437	97.967	36.851	632.867	10027	4942	189	79	139.214	52.187	8.847	0.179	189.066	939997.000	173	-0.153	-1.448	1.928	10127	4942	5596	1.216	572	0.318	100	170	218	0	0	2	4	0	0	0	0	0	0	0	4.959	4.834	3.280	3.318	532	9409	70.586	3.109
442	estuario2_300_07agosto2013_600ml_tot_1	1208	229.061	12.570	243	187	250	37.923	23.237	37.931	23.253	277.605	14464	4947	72	45	73.780	20.847	23.723	0.197	76.896	276706	232	-1.078	0.662	3.063	14521	4947	1171	1.210	215	0.165	222	231	237	0	0	2	4	0	0	0	0	0	0	0	3.763	3.875	4.739	5.022	230	1891	33.698	2.708
443	estuario2_300_07agosto2013_600ml_tot_1	2497	153.580	54.256	96	81	243	29.236	52.102	29.256	51.705	326.860	4743	4953	58	103	117.309	27.102	66.514	0.294	111.485	383490	134	0.441	-1.390	0	4786	4953	2497	1.144	234	0.170	103	133	210	0	0	4	1	0	0	0	0	0	0	0	3.840	3.861	4.663	4.652	318	3114	18.202	1.685
444	estuario2_300_07agosto2013_600ml_tot_1	1271	232.441	8.412	243	212	245	95.115	41.026	94.406	40.584	514.156	3940	4955	150	113	86.848	18.634	142.099	0.060	184.835	295433	234	-0.408	-1.161	0.944	3962	4955	1259	1.188	265	0.212	224	233	239	0	0	0	1	0	0	0	0	0	0	0	19.158	18.858	24.013	23.909	521	5825	90.844	2.095
445	estuario2_300_07agosto2013_600ml_tot_1	6509	169.355	47.478	243	87	243	104.160	99.366	104.840	99.565	1016.580	6705	4960	192	207	134.343	61.689	125.853	0.079	247.679	1102332	157	0.157	-1.344	0	6709	4960	6509	1.242	539	0.371	132	156	218	0	0	3	2	0	0	0	0	0	0	0	7.850	8.130	8.964	9.328	794	18934	119.805	3.420
446	estuario2_300_07agosto2013_600ml_tot_1	3154	151.071	48.349	114	71	243	26.677	67.447	26.431	66.621	341.647	12494	4965	54	131	143.658	27.954	104.868	0.340	133.364	476478.000	131	0.672	-0.938	0	12508	4965	3154	1.128	161	0.206	114	130	192	0	0	5	1	0	0	0	0	0	0	0	4.465	4.492	5.419	5.447	366	3480	10.882	1.602
447	estuario2_300_07agosto2013_600ml_tot_1	2541	172.040	52.527	243	89	249	28.720	57.429	29.596	58.259	454.659	5918	5000	103	101	79.082	40.911	111.212	0.154	123.434	437154.000	171	0.026	-1.652	0.039	5933	5000	2540	1.166	230	0.171	118	170	227	0	0	1	1	0	0	0	0	0	0	0	5.456	5.452	4.022	4.177	404	5789	26.295	2.717
448	estuario2_300_07agosto2013_600ml_tot_1	1719	171.024	51.442	243	90	244	25.078	40.043	24.693	38.405	257.563	12032	5010	71	72	74.171	29.509	118.185	0.326	85.147	293991	167	0.066	-1.574	0.116	12045	5010	1717	1.121	135	0.111	119	166	225	0	0	2	1	0	0	0	0	0	0	0	3.992	4.053	3.260	3.328	281	2580	13.442	1.349
449	estuario2_300_07agosto2013_600ml_tot_1	770	234.558	7.624	242	203	244	24.819	26.095	24.819	26.020	270.576	2032	5023	48	53	57.506	17.048	123.477	0.132	67.941	180610	237	-1.150	1.068	0.260	2036	5023	768	1.189	142	0.144	229	236	240	0	0	2	3	0	0	0	0	0	0	0	4.142	4.175	5.783	5.812	198	1266	32.605	2.133
450	estuario2_300_07agosto2013_600ml_tot_1	666	129.616	70.937	57	54	243	15.893	14.658	15.844	14.558	100.811	14148	5027	30	30	30.152	28.123	129.791	0.824	32.202	86324	102	0.427	-1.481	0	14160	5027	666	0.990	16	0.058	61	100	207	0	0	1	1	0	0	0	0	0	0	0	1.725	1.776	1.644	1.738	116	695	0.746	3.724
451	estuario2_300_07agosto2013_600ml_tot_1	2401	158.757	55.242	243	80	244	32.303	46.287	31.745	43.986	293.404	13023	5029	60	86	89.962	33.982	121.660	0.350	98.793	381176	145	0.223	-1.565	0.042	13027	5029	2400	1.134	167	0.142	106	144	216	0	0	1	1	0	0	0	0	0	0	0	3.035	3.115	3.508	3.604	288	2833	11.232	2.092
452	estuario2_300_07agosto2013_600ml_tot_1	3678	173.197	54.906	243	86	247	56.651	70.889	53.763	70.608	615.394	6081	5038	109	136	82.765	56.581	154.994	0.122	151.648	637019	182	-0.104	-1.665	0.136	6093	5038	3673	1.192	326	0.264	112	181	229	0	0	1	1	0	0	0	0	0	0	0	5.439	5.437	5.192	5.245	486	10118	66.854	2.349
453	estuario2_300_07agosto2013_600ml_tot_1	1496	233.251	5.672	230	203	245	32.605	41.515	32.562	41.541	261.019	12699	5050	59	76	82.187	23.176	53.218	0.276	89.889	348944	233	-0.538	1.317	0.468	12756	5050	1489	1.167	167	0.279	228	232	237	0	0	1	10	0	0	0	0	0	0	0	4.134	4.141	3.927	4.003	264	1922	15.346	2.917
454	estuario2_300_07agosto2013_600ml_tot_1	1406	168.675	54.165	227	91	255	20.514	20.819	21.402	20.381	175.137	11240	5060	44	44	46.552	38.456	50.154	0.576	50.220	237157.000	162	0.123	-1.611	4.267	11264	5060	1346	1.135	112	0.100	114	153	224	0	0	2	1	0	0	0	0	0	0	0	1.740	1.718	1.751	1.759	172	1515	3.204	3.250
455	estuario2_300_07agosto2013_600ml_tot_1	3730	161.016	56.552	90	79	253	58.406	30.380	56.348	32.106	307.161	9817	5061	102	57	94.416	50.301	10.718	0.497	103.576	600589	160	0.056	-1.550	2.440	9888	5061	3639	1.147	217	0.199	101	156	213	0	0	1	1	0	0	0	0	0	0	0	2.377	2.470	2.339	2.382	313	4163	21.155	3.273
456	estuario2_300_07agosto2013_600ml_tot_1	2724	185.210	43.068	242	116	244	75.665	96.657	73.524	94.755	553.838	2453	5066	127	145	70.031	49.526	128.991	0.112	159.314	504512.000	175	0.057	-1.631	0.073	2518	5066	2722	1.171	237	0.214	144	174	231	0	0	4	1	0	0	0	0	0	0	0	9.227	9.196	5.791	5.809	540	9431	42.379	1.755
457	estuario2_300_07agosto2013_600ml_tot_1	1633	168.708	53.768	243	63	244	20.843	25.408	21.148	26.782	197.622	9175	5077	42	56	54.007	38.498	104.007	0.525	63.411	275500	173	-0.259	-1.226	0.122	9198	5077	1631	1.088	116	0.083	121	172	218	0	0	1	1	0	0	0	0	0	0	0	1.917	1.984	1.795	1.934	192	1889	9.554	1.772
458	estuario2_300_07agosto2013_600ml_tot_1	1296	169.225	52.889	243	66	244	23.706	22.737	22.937	22.031	164.894	10191	5082	46	46	49.038	33.650	144.557	0.599	56.223	219315	171	-0.130	-1.362	0.231	10194	5082	1293	1.073	100	0.070	121	170	219	0	0	1	1	0	0	0	0	0	0	0	2.117	2.187	2.081	2.160	180	1453	5.133	3.231
459	estuario2_300_07agosto2013_600ml_tot_1	1510	191.186	42.152	242	99	243	37.219	35.091	36.998	35.200	325.446	9295	5083	74	79	69.251	27.763	126.888	0.179	88.323	288691	201	-0.596	-0.858	0	9340	5083	1510	1.178	136	0.099	159	200	227	0	0	2	2	0	0	0	0	0	0	0	4.894	5.143	5.900	6.059	302	3183	6.296	2.640
460	estuario2_300_07agosto2013_600ml_tot_1	4846	195.496	44.678	230	94	243	76.703	95.605	73.638	100.613	799.561	9150	5085	152	182	108.741	56.741	69.352	0.095	185.162	947372	219	-0.698	-1.107	0	9152	5085	4846	1.203	431	0.402	150	218	230	0	0	1	4	0	0	0	0	0	0	0	7.600	7.690	5.341	5.481	663	16301	91.993	6.706
461	estuario2_300_07agosto2013_600ml_tot_1	909	192.728	29.726	243	130	243	17.657	15.892	17.788	15.731	130.711	12924	5101	36	33	36.391	31.804	20.840	0.669	39.699	175190	190	0.048	-1.021	0	12938	5101	909	1.031	35	0.063	169	189	216	0	0	1	1	0	0	0	0	0	0	0	1.644	1.716	1.657	1.670	134	987	1.079	2.255
462	estuario2_300_07agosto2013_600ml_tot_1	2905	181.712	49.798	243	104	245	73.184	54.714	69.960	55.775	583.796	2144	5104	137	148	69.531	53.196	12.618	0.107	153.844	527872	190	-0.101	-1.723	0.034	2146	5104	2904	1.178	312	0.234	129	188	231	0	0	2	1	0	0	0	0	0	0	0	9.497	9.674	5.285	5.350	566	9968	55.494	2.410
463	estuario2_300_07agosto2013_600ml_tot_1	8243	172.112	54.892	243	86	250	88.549	206.609	83.605	216.953	1073.793	9670	5116	184	387	384.506	27.296	67.086	0.090	413.401	1418723	177	-0.056	-1.683	1.165	9844	5116	8147	1.241	777	0.568	112	173	227	0	0	5	1	0	0	0	0	0	0	0	15.518	15.642	19.976	19.963	1138	16712	188.624	2.666
464	estuario2_300_07agosto2013_600ml_tot_1	1231	160.940	47.253	118	97	245	23.385	18.055	23.383	18.229	146.267	1697	5137	48	37	46.371	33.800	166.163	0.723	48.042	198117	150	0.427	-1.291	0.081	1723	5137	1230	1.041	54	0.082	117	149	204	0	0	2	1	0	0	0	0	0	0	0	1.952	1.963	2.062	2.061	166	1330	2.300	2.267
465	estuario2_300_07agosto2013_600ml_tot_1	3424	180.439	45.621	243	100	243	48.001	50.634	47.655	52.868	509.713	5977	5137	78	99	92.208	47.280	59.643	0.166	104.178	617823	176	0.021	-1.563	0	6038	5137	3424	1.235	291	0.232	136	175	228	0	0	3	3	0	0	0	0	0	0	0	2.910	2.982	3.284	3.333	349	4919	57.629	2.888
466	estuario2_300_07agosto2013_600ml_tot_1	1151	175.660	51.533	239	97	243	21.728	22.107	21.075	23.315	177.865	6412	5143	42	48	41.819	35.044	65.124	0.457	49.031	202185	182	-0.111	-1.584	0	6433	5143	1151	1.093	132	0.080	121	181	227	0	0	1	1	0	0	0	0	0	0	0	2.216	2.315	1.852	1.852	176	1391	4.709	2.265
467	estuario2_300_07agosto2013_600ml_tot_1	2525	161.867	56.221	243	76	247	31.344	34.285	31.956	36.212	329.546	6349	5149	65	76	73.456	43.767	113.489	0.292	91.967	408715	157	0.059	-1.499	0.079	6351	5149	2523	1.153	215	0.143	105	156	219	0	0	1	2	0	0	0	0	0	0	0	2.581	2.622	2.302	2.365	278	3364	24.765	2.212
468	estuario2_300_07agosto2013_600ml_tot_1	2429	154.460	63.046	243	65	243	60.068	63.878	62.879	61.445	390.926	10319	5159	136	117	173.784	17.796	41.958	0.200	174.774	375184	156	0.003	-1.567	0	10451	5159	2429	1.169	152	0.135	89	155	217	0	0	1	1	0	0	0	0	0	0	0	9.243	9.315	11.728	11.827	502	2815	13.703	1.615
469	estuario2_300_07agosto2013_600ml_tot_1	6796	152.225	56.659	243	76	245	77.311	74.151	77.975	71.450	814.372	12264	5168	179	141	121.715	71.092	21.942	0.129	179.338	1034520	136	0.318	-1.433	0.088	12388	5168	6790	1.215	486	0.360	99	135	211	0	0	5	3	0	0	0	0	0	0	0	4.647	4.968	2.857	2.930	636	15700	72.155	4.351
470	estuario2_300_07agosto2013_600ml_tot_1	1686	149.770	58.816	83	74	244	31.981	37.125	31.657	37.454	224.534	5668	5172	66	76	99.616	21.549	52.398	0.420	93.606	252513	134	0.310	-1.479	0.059	5718	5172	1685	1.113	94	0.110	91	133	210	0	0	1	1	0	0	0	0	0	0	0	4.131	4.134	4.986	4.970	280	1955	7.131	1.316
471	estuario2_300_07agosto2013_600ml_tot_1	960	122.204	72.385	56	51	243	18.345	19.341	18.369	19.344	123.196	8437	5173	36	39	37.038	33.001	102.244	0.795	39.205	117316	86	0.553	-1.382	0	8457	5173	960	1.021	41	0.101	56	84	200	0	0	2	1	0	0	0	0	0	0	0	1.887	1.954	1.903	1.983	146	1013	2.302	1.483
472	estuario2_300_07agosto2013_600ml_tot_1	10481	170.927	54.339	243	65	249	199.496	161.829	200.091	160.167	1730.962	10552	5173	297	227	169.836	78.575	23.380	0.044	313.739	1791490	163	-0.092	-1.439	0.229	10794	5173	10457	1.288	978	0.621	126	162	227	0	0	4	2	0	0	0	0	0	0	0	8.758	8.654	10.757	10.857	1044	39611	246.147	5.085
473	estuario2_300_07agosto2013_600ml_tot_1	3815	157.225	49.511	108	88	249	55.699	46.027	53.627	45.209	390.115	6710	5182	98	88	105.991	45.829	144.666	0.315	115.624	599815	141	0.414	-1.304	0.708	6722	5182	3788	1.183	277	0.219	112	139	201	0	0	4	2	0	0	0	0	0	0	0	3.005	3.080	3.432	3.377	368	4974	8.865	1.997
474	estuario2_300_07agosto2013_600ml_tot_1	2718	171.359	51.829	242	89	247	36.182	34.816	36.582	32.926	342.902	10943	5188	81	68	88.281	39.201	35.556	0.290	96.213	465753.000	177	-0.011	-1.618	0.331	10977	5188	2709	1.169	205	0.174	116	175	222	0	0	2	1	0	0	0	0	0	0	0	2.631	2.728	3.037	3.166	294	3420	21.554	1.679
475	estuario2_300_07agosto2013_600ml_tot_1	3396	172.032	41.315	157	84	243	117.294	18.839	117.273	18.814	532.191	8858	5193	234	37	261.873	16.512	5.878	0.151	235.553	584220	163	0.155	-0.732	0	9070	5193	3396	1.168	240	0.238	148	162	206	0	0	3	3	0	0	0	0	0	0	0	11.740	11.766	14.956	14.948	538	4021	20.817	1.351
476	estuario2_300_07agosto2013_600ml_tot_1	2335	179.651	54.119	243	89	246	59.058	58.617	60.049	56.544	502.500	7736	5218	132	114	62.795	47.345	64.592	0.116	135.148	419486	198	-0.297	-1.587	0.128	7736	5218	2332	1.170	279	0.171	119	197	231	0	0	1	1	0	0	0	0	0	0	0	8.699	8.752	4.885	4.976	488	7674	31.269	2.045
477	estuario2_300_07agosto2013_600ml_tot_1	1008	232.542	9.035	239	196	245	15.021	34.172	15.035	34.286	308.032	5844	5227	32	71	61.914	20.729	86.318	0.133	72.367	234402	235	-1.207	1.366	0.397	5864	5227	1004	1.215	211	0.168	227	234	238	0	0	4	2	0	0	0	0	0	0	0	3.803	3.867	4.997	5.164	202	1557	25.757	2.776
478	estuario2_300_07agosto2013_600ml_tot_1	10037	129.915	62.813	69	46	246	51.357	84.254	52.393	89.576	798.330	8523	5229	125	212	172.633	74.027	72.967	0.198	238.550	1303957.000	126	0.421	-1.187	0.050	8553	5229	10032	1.172	668	0.530	69	125	178	0	0	2	3	0	0	0	0	0	0	0	3.802	4.045	4.886	5.064	670	15406	75.511	2.719
479	estuario2_300_07agosto2013_600ml_tot_1	2611	200.033	28.380	243	110	243	31.701	57.593	32.079	57.922	401.529	11084	5247	74	136	110.191	30.170	118.174	0.204	140.684	522287	202	-0.450	-0.341	0	11104	5247	2611	1.169	184	0.188	180	201	222	0	0	6	5	0	0	0	0	0	0	0	5.867	6.026	6.501	6.775	416	4919	20.734	2.056
480	estuario2_300_07agosto2013_600ml_tot_1	1567	170.436	52.236	242	78	246	25.705	26.409	26.616	26.561	204.007	3673	5257	61	51	51.532	38.717	21.114	0.473	62.370	267073	173	-0.057	-1.489	0.255	3695	5257	1563	1.107	139	0.093	117	171	222	0	0	1	1	0	0	0	0	0	0	0	2.581	2.683	2.397	2.491	219	1905	6.103	3.391
481	estuario2_300_07agosto2013_600ml_tot_1	1704	170.725	53.030	242	65	243	25.163	29.438	25.460	31.505	241.078	9924	5259	47	77	66.041	32.852	89.986	0.368	77.318	290915	178	-0.291	-1.233	0	9948	5259	1704	1.114	150	0.088	122	177	220	0	0	1	1	0	0	0	0	0	0	0	2.965	3.290	3.099	3.410	244	2383	8.064	2.026
482	estuario2_300_07agosto2013_600ml_tot_1	2730	148.870	60.241	81	76	243	32.333	52.362	32.517	49.322	355.931	13049	5264	66	84	74.819	46.458	47.013	0.271	90.377	406414	133	0.330	-1.518	0	13093	5264	2730	1.170	163	0.194	90	132	211	0	0	1	1	0	0	0	0	0	0	0	2.719	2.727	2.248	2.315	296	3496	27.047	2.593
483	estuario2_300_07agosto2013_600ml_tot_1	8115	163.025	54.677	243	82	245	107.662	109.731	107.038	109.746	1018.212	9093	5281	232	168	172.841	59.779	23.473	0.098	240.142	1322949	154	0.138	-1.594	0.049	9205	5281	8111	1.235	646	0.466	110	152	220	0	0	3	3	0	0	0	0	0	0	0	6.734	6.886	6.880	7.002	796	20395	115.928	2.845
484	estuario2_300_07agosto2013_600ml_tot_1	3503	154.232	56.815	81	77	248	76.870	21.992	72.999	23.051	376.576	8609	5307	128	48	106.647	41.822	178.272	0.310	128.316	540275	153	0.136	-1.455	0.343	8677	5307	3491	1.154	224	0.205	93	151	206	0	0	1	2	0	0	0	0	0	0	0	3.633	3.671	3.448	3.471	347	4213	19.845	2.464
485	estuario2_300_07agosto2013_600ml_tot_1	699	192.625	41.396	240	123	243	12.996	19.941	12.778	20.727	137.681	4619	5320	25	47	42.536	20.924	78.516	0.463	48.508	134645	204	-0.327	-1.480	0	4633	5320	699	1.054	82	0.057	148	203	231	0	0	1	1	0	0	0	0	0	0	0	2.583	2.672	2.865	2.968	140	816	3.088	3.333
486	estuario2_300_07agosto2013_600ml_tot_1	1882	173.244	50.214	243	71	243	26.289	30.872	26.731	31.863	256.291	5789	5327	58	72	65.418	36.630	116.830	0.360	82.855	326046	180	-0.259	-1.265	0	5791	5327	1882	1.125	136	0.098	127	179	216	0	0	1	1	0	0	0	0	0	0	0	2.924	2.921	2.547	2.681	256	2465	8.772	3.158
487	estuario2_300_07agosto2013_600ml_tot_1	1452	121.791	69.319	58	54	243	32.860	19.441	32.460	19.778	183.137	6802	5339	65	36	61.902	29.866	10.763	0.544	66.287	176841	86	0.636	-1.261	0	6851	5339	1452	1.079	70	0.131	61	85	192	0	0	1	1	0	0	0	0	0	0	0	2.564	2.533	2.696	2.650	198	1654	2.399	1.409
488	estuario2_300_07agosto2013_600ml_tot_1	2357	152.961	60.086	241	52	244	35.146	24.472	37.241	23.956	288.777	12561	5340	81	51	65.691	45.684	18.832	0.355	82.377	360530	146	0.084	-1.409	0.042	12601	5340	2356	1.146	163	0.115	97	145	214	0	0	1	1	0	0	0	0	0	0	0	2.476	2.529	2.461	2.603	259	2959	8.043	3.615
489	estuario2_300_07agosto2013_600ml_tot_1	3722	178.616	50.083	242	94	244	47.252	57.617	46.009	57.434	550.624	5062	5341	109	110	93.008	50.952	143.256	0.154	121.491	664810	186	-0.141	-1.604	0.027	5113	5341	3721	1.215	324	0.252	124	185	228	0	0	2	2	0	0	0	0	0	0	0	4.188	4.254	4.763	4.860	433	7561	55.104	2.655
490	estuario2_300_07agosto2013_600ml_tot_1	6804	154.509	62.333	243	47	247	54.110	71.015	53.311	72.080	727.418	13070	5346	100	141	130.617	66.325	72.585	0.162	154.616	1051279	163	-0.121	-1.427	0.176	13155	5346	6792	1.248	585	0.295	89	162	212	0	0	3	4	0	0	0	0	0	0	0	2.725	2.815	3.292	3.435	478	10304	96.056	2.362
491	estuario2_300_07agosto2013_600ml_tot_1	1460	113.662	71.708	52	49	243	21.729	23.589	21.604	23.791	164.652	7901	5361	45	45	47.021	39.534	130.006	0.677	50.329	165947	69	0.745	-1.143	0	7917	5361	1460	1.048	72	0.157	55	68	184	0	0	1	1	0	0	0	0	0	0	0	1.847	1.857	1.881	1.919	176	1539	3.491	4.583
492	estuario2_300_07agosto2013_600ml_tot_1	2585	153.506	54.120	243	76	243	58.759	55.781	59.015	56.050	358.985	4284	5362	119	113	169.911	19.371	135.783	0.252	160.590	396814	136	0.390	-1.386	0	4288	5362	2585	1.160	131	0.149	104	135	208	0	0	3	1	0	0	0	0	0	0	0	7.279	7.248	9.076	9.005	460	3101	13.560	1.759
493	estuario2_300_07agosto2013_600ml_tot_1	3880	185.400	48.406	243	96	245	78.985	74.118	76.503	71.197	691.176	7368	5371	161	142	91.073	54.244	145.994	0.102	169.499	719352	199	-0.440	-1.318	0.077	7522	5371	3877	1.203	362	0.258	137	198	229	0	0	1	3	0	0	0	0	0	0	0	7.783	7.941	3.766	3.867	602	12655	72.985	3.290
494	estuario2_300_07agosto2013_600ml_tot_1	1839	154.866	47.752	115	92	243	31.637	26.517	32.818	25.790	233.179	13543	5384	75	47	69.246	33.814	11.083	0.425	80.623	284799	136	0.652	-1.082	0	13614	5384	1839	1.105	94	0.128	114	135	197	0	0	3	1	0	0	0	0	0	0	0	2.621	2.674	2.982	3.035	240	2645	5.034	2.048
495	estuario2_300_07agosto2013_600ml_tot_1	2156	182.885	49.962	241	94	245	79.714	52.178	79.398	53.929	496.558	5950	5411	145	102	55.444	49.511	85.039	0.110	147.872	394299	194	-0.211	-1.607	0.046	6036	5411	2155	1.159	246	0.164	131	193	232	0	0	2	1	0	0	0	0	0	0	0	9.896	10.046	4.686	4.761	490	7070	19.487	2.088
496	estuario2_300_07agosto2013_600ml_tot_1	3283	177.572	53.773	243	83	243	66.496	48.363	63.799	45.087	575.127	13277	5456	158	114	85.328	48.988	137.461	0.125	160.801	582970	199	-0.412	-1.444	0	13302	5456	3283	1.178	309	0.203	117	198	224	0	0	1	4	0	0	0	0	0	0	0	7.276	7.646	4.178	4.302	540	9230	23.953	4.286
497	estuario2_300_07agosto2013_600ml_tot_1	3736	172.427	56.734	243	82	244	63.051	49.726	62.173	53.409	606.021	8584	5462	107	130	100.037	47.551	119.310	0.128	137.899	644189	189	-0.213	-1.605	0.027	8624	5462	3735	1.233	335	0.243	109	188	227	0	0	1	1	0	0	0	0	0	0	0	4.994	4.911	5.646	5.633	470	8071	63.707	1.845
498	estuario2_300_07agosto2013_600ml_tot_1	1261	181.135	34.125	243	123	248	21.784	22.931	21.680	22.528	147.338	10618	5463	43	45	50.590	31.737	129.716	0.730	52.802	228411	175	0.395	-0.994	0.793	10630	5463	1251	1.060	54	0.086	152	173	205	0	0	2	3	0	0	0	0	0	0	0	2.003	2.058	2.140	2.180	172	1338	2.491	1.868
499	estuario2_300_07agosto2013_600ml_tot_1	2636	163.371	48.002	243	80	243	70.142	25.476	73.309	26.202	339.806	5095	5467	139	50	153.623	21.847	164.829	0.287	143.962	430645	159	0.116	-1.099	0	5102	5467	2636	1.139	147	0.132	123	158	202	0	0	1	3	0	0	0	0	0	0	0	5.832	5.848	6.783	6.790	374	2899	14.740	1.486
500	estuario2_300_07agosto2013_600ml_tot_1	1057	221.194	17.329	243	167	243	79.534	18.785	80.189	19.013	409.505	1477	5471	171	34	103.465	13.007	170.693	0.079	171.657	233802	224	-0.864	0.192	0	1523	5471	1057	1.147	176	0.119	210	223	234	0	0	2	1	0	0	0	0	0	0	0	19.669	19.888	21.535	21.853	404	3049	16.192	4.030
501	estuario2_300_07agosto2013_600ml_tot_1	3108	233.498	8.255	243	192	250	54.194	62.708	54.283	62.813	829.644	7197	5472	130	117	117.911	33.561	144.446	0.057	153.522	725711	235	-0.948	0.953	3.764	7214	5472	2991	1.342	630	0.506	227	234	239	0	0	6	8	0	0	0	0	0	0	0	6.314	6.545	6.806	7.160	490	7379	268.927	3.952
502	estuario2_300_07agosto2013_600ml_tot_1	2162	173.125	53.047	242	73	245	38.411	22.447	39.989	22.515	286.191	8295	5473	86	50	73.205	37.603	174.408	0.332	89.286	374297	182	-0.340	-1.226	0.046	8323	5473	2161	1.143	176	0.112	127	181	221	0	0	1	1	0	0	0	0	0	0	0	2.974	3.054	2.905	3.060	268	3015	8.488	2.024
503	estuario2_300_07agosto2013_600ml_tot_1	831	185.391	45.193	243	89	243	20.035	19.603	19.537	19.195	160.409	12154	5473	35	42	39.356	26.884	77.888	0.406	43.681	154060	192	-0.280	-1.298	0	12176	5473	831	1.087	75	0.058	142	191	230	0	0	1	1	0	0	0	0	0	0	0	2.246	2.256	2.210	2.112	150	1050	4.059	1.514
504	estuario2_300_07agosto2013_600ml_tot_1	9925	190.998	48.516	243	101	254	153.673	102.163	159.372	100.086	1742.092	2820	5477	274	211	205.057	61.626	25.835	0.041	302.352	1895653	212	-0.418	-1.482	2.831	3076	5477	9644	1.300	1156	0.792	136	208	234	0	0	6	3	0	0	0	0	0	0	0	7.917	7.950	7.046	7.134	966	34578	213.335	4.388
505	estuario2_300_07agosto2013_600ml_tot_1	2143	108.551	74.390	46	41	244	27.696	25.789	27.741	25.245	215.078	11647	5477	60	54	56.241	48.515	171.448	0.582	63.506	232625	63	0.764	-1.110	0.047	11651	5477	2142	1.086	103	0.223	47	62	180	0	0	1	1	0	0	0	0	0	0	0	1.956	1.902	2.115	2.085	224	2383	10.259	1.877
506	estuario2_300_07agosto2013_600ml_tot_1	3108	177.100	47.435	242	106	245	52.856	33.227	53.117	34.823	384.458	3375	5488	91	74	86.847	45.565	31.654	0.264	104.561	550427	180	0.035	-1.633	0.225	3442	5488	3101	1.191	225	0.219	128	178	225	0	0	2	1	0	0	0	0	0	0	0	2.843	2.887	3.048	3.137	326	4153	25.103	4.800
507	estuario2_300_07agosto2013_600ml_tot_1	1767	166.362	54.530	241	62	245	26.931	36.411	26.659	36.868	319.848	7064	5489	52	70	64.480	34.892	50.427	0.217	82.680	293962	176	-0.171	-1.341	0.113	7112	5489	1765	1.203	212	0.095	113	175	217	0	0	1	1	0	0	0	0	0	0	0	2.760	2.797	3.011	3.061	240	2415	7.866	2.372
508	estuario2_300_07agosto2013_600ml_tot_1	2829	153.952	69.388	54	50	245	38.264	51.029	35.525	56.738	331.931	8381	5496	70	98	109.149	33.001	61.377	0.323	112.361	435530.000	174	-0.295	-1.490	0.035	8440	5496	2828	1.146	205	0.174	73	173	216	0	0	1	3	0	0	0	0	0	0	0	3.324	3.486	4.012	4.228	332	3742	21.180	2.053
509	estuario2_300_07agosto2013_600ml_tot_1	5529	167.008	58.906	243	56	244	79.562	92.235	81.266	93.345	824.330	13199	5514	133	197	132.545	53.112	113.479	0.102	203.002	923389	175	-0.161	-1.564	0.072	13266	5514	5525	1.237	510	0.317	103	174	224	0	0	2	3	0	0	0	0	0	0	0	6.432	6.961	5.592	5.676	655	13926	89.470	6.199
510	estuario2_300_07agosto2013_600ml_tot_1	1567	166.302	53.260	242	72	245	26.234	21.852	26.785	22.216	191.037	5763	5515	54	47	53.747	37.121	135.882	0.540	61.587	260595	165	-0.043	-1.387	0.128	5776	5515	1565	1.079	113	0.086	116	164	217	0	0	1	1	0	0	0	0	0	0	0	2.139	2.174	1.845	1.895	198	1745	5.140	1.805
511	estuario2_300_07agosto2013_600ml_tot_1	2501	171.017	43.756	243	68	244	32.092	37.258	31.803	37.653	270.333	3565	5518	69	84	93.663	33.998	52.424	0.430	95.189	427713	165	0.020	-0.882	0.040	3612	5518	2500	1.120	143	0.132	137	164	209	0	0	4	2	0	0	0	0	0	0	0	3.068	3.202	3.632	3.749	302	2968	9.576	1.765
512	estuario2_300_07agosto2013_600ml_tot_1	2773	227.177	12.908	243	176	246	40.245	57.927	39.942	57.704	519.370	3804	5524	63	139	118.285	29.849	109.717	0.129	150.479	629963	230	-0.772	-0.189	1.118	3820	5524	2742	1.244	345	0.359	217	229	237	0	0	2	2	0	0	0	0	0	0	0	5.468	5.519	5.915	5.972	400	4267	147.647	2.155
513	estuario2_300_07agosto2013_600ml_tot_1	6180	157.080	62.783	243	46	246	70.830	76.819	67.039	75.126	1280.698	7085	5528	144	150	96.700	81.371	173.921	0.047	159.248	970753	155	-0.182	-1.222	0.113	7115	5528	6173	1.352	746	0.304	108	154	220	0	0	1	6	0	0	0	0	0	0	0	4.246	4.398	3.588	3.588	584	13606	168.687	3.051
514	estuario2_300_07agosto2013_600ml_tot_1	1741	167.416	54.337	243	64	245	23.553	29.744	23.521	31.840	242.007	11252	5538	50	70	62.926	35.228	74.690	0.374	74.465	291472	175	-0.241	-1.295	0.057	11278	5538	1740	1.125	139	0.092	113	174	216	0	0	1	1	0	0	0	0	0	0	0	2.617	2.824	2.858	3.063	236	2410	7.169	2.887
515	estuario2_300_07agosto2013_600ml_tot_1	6846	173.102	52.297	243	70	246	129.459	102.376	117.187	99.039	970.538	9687	5540	267	175	168.812	51.635	156.757	0.091	299.842	1185055	184	-0.459	-1.050	0.088	9690	5540	6840	1.211	588	0.341	132	183	218	0	0	3	8	0	0	0	0	0	0	0	9.867	9.830	12.912	12.905	880	23135	91.743	3.146
516	estuario2_300_07agosto2013_600ml_tot_1	696	213.228	27.228	243	133	245	16.918	29.424	17.338	30.479	190.995	2724	5553	36	66	60.120	14.740	107.278	0.240	70.682	148407	220	-1.174	0.593	0.144	2731	5553	695	1.101	76	0.070	203	219	233	0	0	1	2	0	0	0	0	0	0	0	5.305	5.191	6.465	6.345	200	1240	3.984	2.333
517	estuario2_300_07agosto2013_600ml_tot_1	3141	203.256	29.507	243	117	243	21.340	140.654	21.182	140.160	655.269	11128	5558	55	257	205.247	19.485	95.159	0.092	260.250	638427	208	-0.572	-0.539	0	11130	5558	3141	1.197	291	0.235	182	207	228	0	0	4	2	0	0	0	0	0	0	0	15.097	15.123	20.063	20.080	620	8490	29.273	2.719
518	estuario2_300_07agosto2013_600ml_tot_1	3461	158.018	48.445	243	88	244	54.869	71.004	54.961	71.095	393.512	3198	5564	113	137	181.387	24.294	128.115	0.281	168.668	546902	135	0.564	-1.206	0.029	3207	5564	3460	1.156	150	0.232	117	134	205	0	0	5	1	0	0	0	0	0	0	0	6.434	6.403	7.893	7.848	496	3928	34.210	1.408
519	estuario2_300_07agosto2013_600ml_tot_1	4198	176.478	59.354	243	74	244	99.769	104.802	94.767	99.920	827.845	10503	5570	144	186	100.092	53.402	129.101	0.077	191.604	740854.000	197	-0.329	-1.571	0.095	10561	5570	4194	1.213	454	0.325	109	196	233	0	0	1	1	0	0	0	0	0	0	0	8.649	8.796	4.084	4.138	655	15244	109.736	3.197
520	estuario2_300_07agosto2013_600ml_tot_1	1770	202.916	32.890	232	115	247	34.590	20.624	33.667	20.061	209.037	12569	5578	72	42	68.101	33.093	170.789	0.509	73.164	359161	214	-0.774	-0.487	0.452	12577	5578	1762	1.119	130	0.135	179	212	229	0	0	1	2	0	0	0	0	0	0	0	2.612	2.594	2.839	2.925	224	2130	2.063	2.062
521	estuario2_300_07agosto2013_600ml_tot_1	1852	175.043	52.196	242	74	243	49.256	22.050	47.776	22.737	284.291	4861	5582	82	45	65.396	36.058	11.787	0.288	82.152	324179	188	-0.359	-1.289	0	4895	5582	1852	1.134	189	0.107	124	187	221	0	0	1	1	0	0	0	0	0	0	0	2.952	3.123	2.987	3.157	250	2683	9.435	2.580
522	estuario2_300_07agosto2013_600ml_tot_1	2053	188.507	49.005	241	81	243	49.028	39.820	48.869	38.612	393.044	10795	5607	81	85	71.691	36.462	50.091	0.167	116.043	387004	205	-0.794	-0.655	0	10867	5607	2053	1.195	219	0.138	153	204	229	0	0	1	1	0	0	0	0	0	0	0	4.374	4.352	2.905	2.866	328	3605	20.014	4.730
523	estuario2_300_07agosto2013_600ml_tot_1	4946	191.452	38.853	243	107	252	136.710	49.176	140.798	49.683	750.164	4862	5608	241	125	147.916	42.575	165.431	0.110	251.645	946924	198	-0.333	-1.195	0.809	5008	5608	4906	1.219	420	0.308	157	196	226	0	0	4	3	0	0	0	0	0	0	0	10.049	9.779	8.563	8.830	728	14114	76.216	2.731
524	estuario2_300_07agosto2013_600ml_tot_1	2085	150.327	56.498	85	81	243	59.341	21.734	57.148	21.743	283.078	9980	5611	95	45	74.867	35.459	161.610	0.327	97.268	313432	132	0.370	-1.425	0	10028	5611	2085	1.125	135	0.133	96	131	206	0	0	1	1	0	0	0	0	0	0	0	3.560	3.604	3.647	3.658	275	2599	10.948	2.169
525	estuario2_300_07agosto2013_600ml_tot_1	15294	148.750	63.338	242	42	249	146.736	137.947	143.798	136.240	1564.695	12178	5616	278	238	170.027	114.528	155.851	0.079	352.495	2274979	148	0.011	-1.429	0.412	12178	5616	15231	1.220	1104	0.591	87	147	208	0	0	8	6	0	0	0	0	0	0	0	5.486	5.537	5.554	5.617	1028	45133	162.607	2.746
526	estuario2_300_07agosto2013_600ml_tot_1	2223	158.798	51.664	242	71	243	62.291	33.878	61.877	34.086	329.161	10976	5618	126	67	150.316	18.830	25.099	0.258	137.321	353008	143	0.293	-1.253	0	11089	5618	2223	1.149	128	0.123	119	142	210	0	0	3	1	0	0	0	0	0	0	0	6.451	6.442	8.037	8.058	382	2616	10.000	1.537
527	estuario2_300_07agosto2013_600ml_tot_1	6873	147.278	65.612	54	49	253	40.679	96.762	41.545	103.825	729.335	5916	5631	84	252	194.059	45.094	93.679	0.162	253.442	1012242.000	143	-0.014	-1.387	0.684	5948	5631	6826	1.193	485	0.339	86	141	210	0	0	1	2	0	0	0	0	0	0	0	6.730	6.928	8.717	8.951	668	13000	79.196	4.390
528	estuario2_300_07agosto2013_600ml_tot_1	2474	126.965	58.800	87	63	243	27.529	36.578	27.559	36.028	227.321	8355	5638	55	70	71.962	43.773	69.613	0.602	70.257	314111	94	0.908	-0.787	0	8380	5638	2474	1.079	212	0.210	83	92	174	0	0	2	1	0	0	0	0	0	0	0	2.178	2.178	2.391	2.383	246	2652	13.863	2.353
529	estuario2_300_07agosto2013_600ml_tot_1	1184	155.502	61.192	76	64	243	20.432	23.960	20.648	23.312	150.409	7709	5642	40	47	43.649	34.537	84.706	0.658	49.244	184114	153	0.058	-1.576	0	7728	5642	1184	1.052	100	0.067	92	151	217	0	0	1	1	0	0	0	0	0	0	0	2.149	2.167	1.928	1.968	170	1330	3.442	1.681
530	estuario2_300_07agosto2013_600ml_tot_1	1926	183.677	52.710	243	65	250	28.746	48.752	30.731	48.681	404.274	7050	5644	66	81	62.328	39.345	39.628	0.148	93.862	353762	199	-0.664	-0.882	1.350	7112	5644	1900	1.248	298	0.121	142	197	228	0	0	1	2	0	0	0	0	0	0	0	3.535	3.684	4.225	4.426	290	3316	22.945	5.352
531	estuario2_300_07agosto2013_600ml_tot_1	1571	168.330	55.776	243	65	243	21.904	27.433	22.093	29.633	199.723	9510	5650	40	65	59.688	33.512	95.138	0.495	66.491	264446	176	-0.308	-1.240	0	9543	5650	1571	1.086	115	0.082	120	175	222	0	0	1	1	0	0	0	0	0	0	0	2.318	2.437	2.409	2.563	206	1872	4.941	1.914
532	estuario2_300_07agosto2013_600ml_tot_1	4818	171.487	56.233	241	75	253	93.719	69.400	93.979	69.995	609.897	8526	5653	125	142	114.859	53.409	87.792	0.163	143.544	826223	181	-0.211	-1.492	0.872	8631	5653	4776	1.187	465	0.286	110	179	226	0	0	1	2	0	0	0	0	0	0	0	5.050	5.069	3.666	3.594	530	10456	74.688	2.694
533	estuario2_300_07agosto2013_600ml_tot_1	1803	175.983	42.458	135	92	243	14.759	58.353	14.777	58.339	279.723	10765	5655	27	116	126.277	18.179	95.800	0.290	117.239	317297	167	0.170	-1.306	0	10770	5655	1803	1.126	102	0.121	138	166	217	0	0	4	1	0	0	0	0	0	0	0	5.454	5.408	6.913	6.849	282	2120	6.356	1.390
534	estuario2_300_07agosto2013_600ml_tot_1	2195	172.552	47.024	241	92	246	49.315	26.776	47.484	26.483	463.529	7146	5657	89	57	73.436	38.057	12.438	0.128	89.560	378751	162	0.190	-1.492	0.228	7197	5657	2190	1.270	276	0.144	128	160	222	0	0	4	1	0	0	0	0	0	0	0	3.210	3.298	3.093	3.200	288	3608	23.604	2.632
535	estuario2_300_07agosto2013_600ml_tot_1	849	213.146	29.082	243	128	243	27.804	29.796	26.940	29.322	251.421	3179	5662	54	46	43.209	25.018	165.140	0.169	63.655	180961	221	-1.328	0.899	0	3185	5662	849	1.149	105	0.086	203	220	234	0	0	1	3	0	0	0	0	0	0	0	3.387	3.598	4.433	4.760	196	2074	4.752	2.506
536	estuario2_300_07agosto2013_600ml_tot_1	2858	157.585	55.113	243	77	243	67.463	75.375	67.873	75.847	442.181	10055	5680	136	153	220.152	16.529	130.709	0.184	199.905	450378	147	0.229	-1.488	0	10058	5680	2858	1.181	164	0.159	105	146	214	0	0	2	1	0	0	0	0	0	0	0	10.359	10.392	13.315	13.352	574	3206	18.821	1.631
537	estuario2_300_07agosto2013_600ml_tot_1	825	231.855	8.037	240	208	244	27.572	61.152	27.748	61.734	352.818	5511	5697	52	143	119.649	8.779	107.600	0.083	151.489	191280	233	-0.375	-0.949	0.121	5513	5697	824	1.145	150	0.133	225	232	238	0	0	0	1	0	0	0	0	0	0	0	19.474	19.410	18.846	18.691	385	1686	12.501	2.537
538	estuario2_300_07agosto2013_600ml_tot_1	1168	173.212	50.060	242	76	243	16.134	41.892	15.979	40.342	200.693	11391	5722	32	75	67.029	22.187	90.273	0.364	75.240	202312	174	-0.265	-1.103	0	11395	5722	1168	1.103	77	0.063	134	173	220	0	0	2	1	0	0	0	0	0	0	0	3.631	3.571	4.506	4.403	210	1688	2.921	1.697
539	estuario2_300_07agosto2013_600ml_tot_1	1862	176.358	51.875	242	65	246	29.913	24.036	31.728	24.276	355.487	6891	5728	73	48	60.818	38.982	8.628	0.185	76.968	328379	184	-0.445	-1.071	0.054	6901	5728	1861	1.216	221	0.102	134	183	223	0	0	1	2	0	0	0	0	0	0	0	2.466	2.619	2.833	3.017	238	2743	9.532	2.759
540	estuario2_300_07agosto2013_600ml_tot_1	2763	165.586	48.332	243	93	243	83.290	51.875	83.324	51.917	435.227	7690	5733	163	104	204.503	17.202	148.482	0.183	187.800	457514.000	146	0.396	-1.436	0	7698	5733	2763	1.177	164	0.189	122	145	217	0	0	6	1	0	0	0	0	0	0	0	9.583	9.576	12.197	12.144	530	3402	27.884	1.406
541	estuario2_300_07agosto2013_600ml_tot_1	2896	161.424	45.019	114	55	243	30.616	27.318	30.812	27.876	260.149	10359	5735	73	63	68.154	54.103	35.713	0.538	75.961	467483	154	0.168	-0.955	0	10377	5735	2896	1.098	106	0.139	123	153	198	0	0	5	2	0	0	0	0	0	0	0	2.034	2.082	2.130	2.109	268	3446	2.535	3.740
542	estuario2_300_07agosto2013_600ml_tot_1	1735	178.566	37.680	192	100	243	41.653	20.176	41.062	20.271	211.865	11571	5741	72	46	71.760	30.784	153.414	0.486	79.202	309812	182	-0.101	-0.899	0	11577	5741	1735	1.097	90	0.099	147	181	205	0	0	1	3	0	0	0	0	0	0	0	2.671	2.826	2.925	3.105	232	1962	3.152	2.462
543	estuario2_300_07agosto2013_600ml_tot_1	6598	185.328	45.717	242	91	246	101.085	56.828	98.557	56.216	1134.847	6477	5742	220	151	165.871	50.647	154.477	0.064	223.607	1222796	193	-0.321	-1.313	0.076	6501	5742	6593	1.280	729	0.420	142	192	229	0	0	4	4	0	0	0	0	0	0	0	7.360	7.369	6.733	6.712	738	16728	158.307	3.274
544	estuario2_300_07agosto2013_600ml_tot_1	975	220.459	17.156	243	177	243	30.863	25.608	30.996	26.099	307.262	14072	5745	66	60	43.627	28.455	156.362	0.130	77.156	214948	224	-0.648	-0.593	0	14093	5745	975	1.170	131	0.106	208	223	234	0	0	2	3	0	0	0	0	0	0	0	5.027	5.225	6.221	6.388	248	2834	6.708	2.918
545	estuario2_300_07agosto2013_600ml_tot_1	15450	160.722	46.393	133	71	248	197.801	98.436	193.451	100.227	1536.778	8686	5766	297	229	162.069	121.378	58.214	0.082	308.146	2483152	145	0.397	-1.141	0.123	8887	5766	15431	1.213	973	0.823	124	144	202	0	0	12	9	0	0	0	0	0	0	0	5.911	6.070	4.259	4.343	1048	46015	145.413	3.390
546	estuario2_300_07agosto2013_600ml_tot_1	1308	202.779	26.170	240	133	243	21.362	33.601	21.020	33.940	191.279	12662	5772	46	66	62.343	26.713	60.868	0.449	66.910	265235	206	-0.488	-0.356	0	12679	5772	1308	1.092	86	0.101	185	205	222	0	0	2	2	0	0	0	0	0	0	0	3.259	3.320	3.281	3.354	220	1682	2.936	1.516
547	estuario2_300_07agosto2013_600ml_tot_1	1805	196.012	41.996	243	113	243	33.878	65.475	34.944	64.369	447.512	6441	5806	97	99	50.696	45.333	128.479	0.113	130.908	353802	215	-0.386	-1.510	0	6448	5806	1805	1.191	210	0.163	150	214	234	0	0	1	1	0	0	0	0	0	0	0	7.127	7.033	4.343	4.417	388	5153	27.109	5.189
548	estuario2_300_07agosto2013_600ml_tot_1	3229	111.385	68.313	59	47	246	40.188	38.041	40.112	37.666	300.718	7735	5810	85	73	89.094	46.146	38.385	0.449	90.874	359662	70	0.925	-0.827	0.093	7793	5810	3226	1.105	251	0.312	59	69	169	0	0	4	1	0	0	0	0	0	0	0	2.620	2.668	2.509	2.542	311	3606	21.945	1.744
549	estuario2_300_07agosto2013_600ml_tot_1	3501	142.248	61.831	88	57	243	97.127	56.048	99.900	57.666	512.039	14104	5814	192	124	219.439	20.314	147.967	0.168	223.294	498011	118	0.434	-1.411	0	14113	5814	3501	1.185	206	0.212	87	117	207	0	0	6	1	0	0	0	0	0	0	0	10.550	10.279	13.511	13.150	628	5105	20.838	1.329
550	estuario2_300_07agosto2013_600ml_tot_1	2169	173.334	48.382	243	81	243	46.647	30.985	45.379	32.986	286.576	9435	5819	84	81	94.942	29.088	44.171	0.332	112.610	375961	173	-0.152	-1.266	0	9494	5819	2169	1.131	124	0.117	135	172	218	0	0	1	1	0	0	0	0	0	0	0	4.040	4.266	4.615	4.795	326	2866	11.398	2.719
551	estuario2_300_07agosto2013_600ml_tot_1	1362	233.623	6.296	242	208	243	26.971	120.019	26.827	119.387	538.357	14463	5822	54	227	235.363	7.368	103.670	0.059	232.019	318195	234	-0.378	-0.454	0	14468	5822	1362	1.179	238	0.241	228	233	238	0	0	1	6	0	0	0	0	0	0	0	28.333	28.438	35.977	36.119	558	2494	33.399	1.400
552	estuario2_300_07agosto2013_600ml_tot_1	1415	166.547	54.553	243	75	247	43.993	22.158	44.038	22.563	213.765	5843	5848	68	47	50.374	35.765	155.697	0.389	69.570	235664	169	-0.101	-1.388	0.141	5885	5848	1413	1.090	110	0.077	115	168	219	0	0	1	1	0	0	0	0	0	0	0	3.235	3.236	2.026	2.031	225	1877	9.004	1.800
553	estuario2_300_07agosto2013_600ml_tot_1	1626	164.590	51.362	241	84	243	26.991	25.606	26.644	27.043	208.492	12666	5848	53	54	55.982	36.981	52.037	0.470	64.815	267623	160	0.100	-1.444	0	12698	5848	1626	1.100	106	0.084	114	158	215	0	0	1	1	0	0	0	0	0	0	0	2.244	2.295	1.829	1.865	210	1928	3.928	2.163
554	estuario2_300_07agosto2013_600ml_tot_1	927	202.154	37.077	243	113	243	14.486	54.494	15.299	52.383	252.492	12707	5854	41	100	74.118	15.925	71.578	0.183	104.695	187397	216	-0.813	-0.670	0	12746	5854	927	1.124	100	0.077	177	215	232	0	0	1	1	0	0	0	0	0	0	0	8.431	8.145	10.110	9.914	278	1835	3.082	2.250
555	estuario2_300_07agosto2013_600ml_tot_1	1272	118.835	74.389	45	43	243	24.540	16.708	25.420	16.635	157.581	10659	5857	52	38	50.641	31.981	24.346	0.644	55.036	151158	84	0.525	-1.386	0	10684	5857	1272	1.054	96	0.112	49	83	197	0	0	1	1	0	0	0	0	0	0	0	2.080	2.193	2.199	2.369	176	1389	1.982	2.057
556	estuario2_300_07agosto2013_600ml_tot_1	4182	154.784	52.388	101	77	245	27.073	64.279	28.283	62.248	346.960	8288	5861	54	119	116.092	45.866	82.472	0.437	121.277	647305	141	0.349	-1.375	0.048	8333	5861	4180	1.112	215	0.228	105	140	205	0	0	2	2	0	0	0	0	0	0	0	2.687	2.748	2.996	3.043	342	4771	12.090	1.800
557	estuario2_300_07agosto2013_600ml_tot_1	3007	183.932	38.806	199	88	243	27.384	39.916	28.648	40.262	318.960	6848	5865	66	87	70.438	54.354	66.477	0.371	87.966	553085	191	-0.551	-0.534	0	6869	5865	3007	1.149	217	0.173	156	190	210	0	0	3	2	0	0	0	0	0	0	0	2.561	2.698	2.566	2.729	302	3649	6.213	2.634
558	estuario2_300_07agosto2013_600ml_tot_1	1023	229.824	10.979	241	192	244	31.321	18.864	31.329	18.847	242.735	6048	5904	67	37	58.431	22.292	171.413	0.218	69.642	235110	232	-1.031	0.491	0.196	6055	5904	1021	1.155	140	0.151	223	231	237	0	0	2	3	0	0	0	0	0	0	0	3.633	3.619	4.600	4.631	204	1502	17.208	2.869
559	estuario2_300_07agosto2013_600ml_tot_1	7799	166.921	52.856	243	89	244	64.608	105.186	65.976	102.974	961.526	5710	5922	160	200	156.805	63.327	62.978	0.106	223.607	1301819	162	0.096	-1.558	0.115	5804	5922	7790	1.217	689	0.460	114	161	222	0	0	7	3	0	0	0	0	0	0	0	5.644	5.695	4.358	4.443	716	17322	132.529	2.533
560	estuario2_300_07agosto2013_600ml_tot_1	2442	162.239	53.343	243	83	244	46.980	19.017	48.350	19.295	334.233	10535	5935	107	50	100.700	30.876	8.295	0.275	108.503	396188	148	0.258	-1.549	0.041	10597	5935	2441	1.148	184	0.158	112	146	219	0	0	2	1	0	0	0	0	0	0	0	3.844	3.778	4.371	4.359	310	3376	18.362	2.081
561	estuario2_300_07agosto2013_600ml_tot_1	3276	163.614	54.042	243	84	244	56.899	27.235	54.310	29.542	372.174	10812	5937	102	65	94.244	44.259	19.972	0.297	113.146	536000	164	0.022	-1.538	0.061	10882	5937	3274	1.164	200	0.176	108	163	217	0	0	1	2	0	0	0	0	0	0	0	2.979	3.049	2.472	2.524	330	3925	21.368	2.136
562	estuario2_300_07agosto2013_600ml_tot_1	8812	166.260	54.096	242	87	248	128.012	100.335	126.306	103.317	1290.864	5386	5957	304	238	194.578	57.662	35.483	0.066	340.331	1465084	157	0.139	-1.633	0.057	5673	5957	8807	1.229	709	0.576	112	156	224	0	0	6	2	0	0	0	0	0	0	0	11.411	11.404	12.655	12.511	1080	35477	181.011	2.899
563	estuario2_300_07agosto2013_600ml_tot_1	1259	185.030	31.525	162	113	243	46.640	15.784	46.162	15.653	215.338	9313	5961	90	34	98.454	16.282	166.152	0.341	92.418	232953	175	0.457	-0.932	0	9323	5961	1259	1.106	89	0.098	160	174	211	0	0	2	1	0	0	0	0	0	0	0	5.097	5.077	5.830	5.861	243	1404	1.817	1.327
564	estuario2_300_07agosto2013_600ml_tot_1	945	216.546	18.478	243	165	243	40.520	30.829	40.988	30.890	312.233	11855	5964	80	59	42.728	28.160	173.689	0.122	80.156	204636	218	-0.327	-0.895	0	11856	5964	945	1.155	119	0.096	202	217	232	0	0	0	3	0	0	0	0	0	0	0	6.771	6.557	8.526	8.510	274	3295	3.859	2.178
565	estuario2_300_07agosto2013_600ml_tot_1	3513	188.633	43.523	243	96	250	35.369	62.833	36.851	61.577	426.399	1923	5968	85	105	68.120	65.662	126.260	0.243	108.669	662669	195	-0.300	-1.340	1.993	1935	5968	3443	1.215	354	0.230	145	192	228	0	0	1	1	0	0	0	0	0	0	0	3.336	3.345	3.648	3.683	375	5258	64.162	3.752
566	estuario2_300_07agosto2013_600ml_tot_1	1348	208.905	23.840	212	119	243	26.421	30.366	25.832	29.708	189.522	11041	5975	54	63	78.724	21.802	128.466	0.472	80.281	281604	213	-1.404	2.322	0	11043	5975	1348	1.094	67	0.137	201	212	221	0	0	3	3	0	0	0	0	0	0	0	3.444	3.519	4.079	4.114	230	1523	1.479	1.588
567	estuario2_300_07agosto2013_600ml_tot_1	835	200.996	25.722	185	139	255	20.755	16.462	20.532	16.361	118.368	6509	5979	41	33	41.713	25.487	146.395	0.749	43.081	167832	198	0.098	-0.835	2.754	6518	5979	812	1.070	66	0.067	180	196	218	0	0	1	3	0	0	0	0	0	0	0	2.066	2.190	2.040	2.234	144	891	0.500	2.500
568	estuario2_300_07agosto2013_600ml_tot_1	9254	155.158	47.490	242	70	246	126.669	81.926	126.724	84.418	894.330	7800	5983	195	199	117.337	100.417	72.111	0.145	208.923	1435836	144	0.476	-0.984	0.043	7969	5983	9250	1.182	548	0.476	115	143	192	0	0	8	5	0	0	0	0	0	0	0	5.413	5.217	6.994	6.811	784	21009	86.927	3.489
569	estuario2_300_07agosto2013_600ml_tot_1	2921	168.899	51.159	243	89	245	70.113	33.420	68.616	32.125	328.090	8734	5991	112	60	85.035	43.736	21.986	0.341	116.482	493354	178	-0.051	-1.562	0.068	8806	5991	2919	1.120	198	0.174	113	177	216	0	0	1	1	0	0	0	0	0	0	0	3.682	3.747	2.969	2.987	340	3904	19.016	2.203
570	estuario2_300_07agosto2013_600ml_tot_1	2841	164.972	58.433	243	80	245	75.617	47.146	74.571	45.737	484.257	14305	5999	105	105	79.592	45.448	123.437	0.152	127.801	468685	168	-0.033	-1.637	0.106	14399	5999	2838	1.186	274	0.174	103	167	224	0	0	1	1	0	0	0	0	0	0	0	5.098	5.096	4.420	4.520	416	6397	19.034	2.935
571	estuario2_300_07agosto2013_600ml_tot_1	737	189.507	42.262	243	107	243	20.638	25.104	20.099	24.153	145.338	7251	6004	39	42	47.105	19.921	134.203	0.438	54.672	139667	200	-0.335	-1.363	0	7252	6004	737	1.058	50	0.053	147	199	227	0	0	1	1	0	0	0	0	0	0	0	2.768	2.851	2.525	2.605	158	919	3.154	1.913
572	estuario2_300_07agosto2013_600ml_tot_1	1797	172.401	52.187	242	73	244	23.596	30.596	23.896	32.412	256.635	5948	6006	50	73	64.439	35.507	85.147	0.343	76.844	309804	180	-0.254	-1.318	0.056	5975	6006	1796	1.137	151	0.104	121	179	220	0	0	1	1	0	0	0	0	0	0	0	2.725	2.885	2.856	3.073	242	2523	7.120	2.326
573	estuario2_300_07agosto2013_600ml_tot_1	9847	166.363	55.471	243	76	250	140.032	66.838	134.708	69.331	1283.239	11272	6015	264	165	169.074	74.155	10.358	0.075	264.371	1638176	167	-0.023	-1.523	0.477	11515	6015	9800	1.259	779	0.521	112	165	222	0	0	6	4	0	0	0	0	0	0	0	6.540	6.314	6.863	6.903	854	26780	209.484	3.056
574	estuario2_300_07agosto2013_600ml_tot_1	4386	175.604	42.333	243	75	245	116.290	27.313	118.610	27.876	588.014	6609	6019	199	60	168.719	33.099	4.404	0.159	205.185	770197.000	171	0.024	-1.103	0.068	6801	6019	4383	1.197	312	0.244	140	170	214	0	0	5	1	0	0	0	0	0	0	0	6.511	6.475	10.869	10.749	514	8531	37.336	3.007
575	estuario2_300_07agosto2013_600ml_tot_1	932	200.421	40.145	243	93	243	32.554	35.874	31.792	38.222	229.321	9818	6031	50	82	72.663	16.331	66.438	0.223	92.439	186792	212	-1.198	0.409	0	9859	6031	932	1.121	83	0.075	189	211	230	0	0	1	3	0	0	0	0	0	0	0	6.567	6.402	8.166	8.169	260	1690	2.472	2.500
576	estuario2_300_07agosto2013_600ml_tot_1	1434	154.456	47.942	129	74	243	22.400	19.644	22.862	19.483	161.238	8059	6037	47	42	44.524	41.008	159.971	0.693	48.836	221490	138	0.543	-1.025	0	8079	6037	1434	1.053	68	0.084	116	137	196	0	0	3	1	0	0	0	0	0	0	0	1.807	1.866	1.668	1.675	174	1534	2.394	1.961
577	estuario2_300_07agosto2013_600ml_tot_1	1997	198.537	38.914	243	121	244	85.637	64.137	83.566	64.732	543.612	9228	6037	124	153	63.886	39.800	124.658	0.085	168.190	396479	210	-0.422	-1.313	0.050	9233	6037	1996	1.153	254	0.175	161	209	235	0	0	1	1	0	0	0	0	0	0	0	13.339	13.360	2.145	2.177	550	8627	43.952	6.268
578	estuario2_300_07agosto2013_600ml_tot_1	2777	156.665	50.748	98	82	243	41.260	28.500	44.118	28.989	295.605	10563	6047	93	55	92.294	38.310	158.859	0.399	101.980	435060	153	0.212	-1.345	0	10582	6047	2777	1.123	118	0.141	107	152	201	0	0	1	2	0	0	0	0	0	0	0	2.806	2.826	2.456	2.447	292	3286	5.365	1.801
579	estuario2_300_07agosto2013_600ml_tot_1	2520	173.642	55.652	243	87	243	47.731	51.810	48.491	53.841	510.926	6243	6054	130	119	65.784	48.774	108.987	0.121	144.900	437578	180	-0.090	-1.686	0	6269	6054	2520	1.167	271	0.187	114	178	231	0	0	1	1	0	0	0	0	0	0	0	8.338	8.479	5.002	5.146	494	7590	32.450	1.895
580	estuario2_300_07agosto2013_600ml_tot_1	1880	123.406	70.803	57	51	243	30.024	29.111	29.285	29.543	201.622	6094	6060	54	57	60.761	39.395	59.703	0.581	65.803	232004	88	0.551	-1.374	0	6129	6060	1880	1.079	87	0.170	59	87	199	0	0	1	1	0	0	0	0	0	0	0	2.136	2.189	1.949	1.970	218	2093	5.103	1.415
581	estuario2_300_07agosto2013_600ml_tot_1	3474	154.635	55.865	82	77	244	63.726	36.451	60.434	39.445	367.144	9822	6081	110	75	108.883	40.624	34.272	0.324	125.936	537201	152	0.146	-1.422	0.029	9907	6081	3473	1.157	217	0.201	95	151	207	0	0	1	1	0	0	0	0	0	0	0	3.397	3.437	3.650	3.678	366	4167	12.144	2.333
582	estuario2_300_07agosto2013_600ml_tot_1	725	196.466	30.629	222	138	243	16.088	18.165	15.990	17.995	112.225	3100	6082	30	35	36.883	25.028	115.707	0.723	39.115	142438	197	-0.111	-1.273	0	3107	6082	725	1.009	30	0.053	169	196	223	0	0	1	1	0	0	0	0	0	0	0	1.901	1.936	1.896	1.942	126	788	0.700	3.692
583	estuario2_300_07agosto2013_600ml_tot_1	1873	170.149	54.154	242	62	243	30.414	42.922	29.266	41.423	276.333	9938	6087	62	72	65.000	36.689	122.540	0.308	82.098	318689	176	-0.296	-1.225	0	9938	6087	1873	1.143	161	0.101	120	175	219	0	0	1	2	0	0	0	0	0	0	0	3.007	3.241	3.074	3.274	264	2602	11.533	2.352
584	estuario2_300_07agosto2013_600ml_tot_1	1718	168.800	51.675	242	81	243	37.765	45.590	38.382	44.944	263.304	5772	6108	76	89	118.199	18.506	48.993	0.311	114.337	289998	169	0.001	-1.496	0	5844	6108	1718	1.137	130	0.096	116	167	220	0	0	3	1	0	0	0	0	0	0	0	5.534	5.567	6.619	6.651	326	1924	3.749	1.291
585	estuario2_300_07agosto2013_600ml_tot_1	4501	192.264	41.244	243	102	245	91.753	91.048	91.579	91.598	835.200	8136	6118	171	164	102.162	56.096	104.627	0.081	234.866	865381	204	-0.418	-1.234	0.044	8139	6118	4499	1.214	400	0.309	152	203	229	0	0	5	2	0	0	0	0	0	0	0	8.043	8.404	6.679	6.893	666	17720	85.801	3.716
586	estuario2_300_07agosto2013_600ml_tot_1	1551	170.739	58.873	87	75	243	18.739	44.005	18.829	44.040	234.836	4641	6123	42	75	57.711	34.219	111.194	0.353	78.160	264816	185	-0.266	-1.533	0	4642	6123	1551	1.109	142	0.110	106	184	227	0	0	1	1	0	0	0	0	0	0	0	3.159	3.276	2.144	2.183	230	2113	8.940	2.438
587	estuario2_300_07agosto2013_600ml_tot_1	832	209.558	22.979	202	141	243	21.101	16.869	21.291	16.940	148.995	5064	6125	46	37	44.901	23.593	32.372	0.471	50.160	174352	211	-0.767	0.417	0	5086	6125	832	1.072	60	0.076	197	210	226	0	0	3	5	0	0	0	0	0	0	0	2.655	2.496	3.053	2.860	162	1069	2.200	1.329
588	estuario2_300_07agosto2013_600ml_tot_1	1043	177.835	45.578	243	103	243	22.594	23.149	22.259	23.025	154.995	6685	6139	41	44	43.469	30.550	132.911	0.546	50.448	185482	179	-0.042	-1.470	0	6706	6139	1043	1.067	61	0.066	131	178	221	0	0	2	1	0	0	0	0	0	0	0	2.245	2.301	2.205	2.258	166	1228	4.299	1.739
589	estuario2_300_07agosto2013_600ml_tot_1	3317	170.761	54.003	241	81	244	53.792	93.739	55.042	91.523	631.980	9571	6141	163	158	74.114	56.984	65.678	0.104	189.169	566414	164	0.027	-1.642	0.030	9571	6141	3316	1.166	295	0.217	119	163	228	0	0	2	1	0	0	0	0	0	0	0	10.634	10.747	5.767	5.841	638	12674	31.760	2.213
590	estuario2_300_07agosto2013_600ml_tot_1	1942	168.844	52.714	243	69	243	27.243	28.631	28.756	28.956	263.706	4736	6155	72	50	61.883	39.957	159.222	0.351	76.059	327896	169	-0.102	-1.351	0	4753	6155	1942	1.128	168	0.108	120	168	220	0	0	1	2	0	0	0	0	0	0	0	2.452	2.667	2.401	2.524	239	2481	13.747	1.959
591	estuario2_300_07agosto2013_600ml_tot_1	860	233.308	9.166	239	202	243	36.216	20.948	36.119	20.871	305.304	6302	6155	62	39	49.359	22.184	160.838	0.116	66.310	200645	236	-1.400	1.417	0	6328	6155	860	1.216	147	0.153	229	235	239	0	0	2	2	0	0	0	0	0	0	0	3.698	3.787	3.744	3.969	198	1723	35.072	3.750
592	estuario2_300_07agosto2013_600ml_tot_1	1759	167.704	58.841	241	57	243	29.988	27.108	30.394	26.749	187.622	12623	6165	59	52	65.334	34.280	31.282	0.628	64.498	294992	180	-0.359	-1.261	0	12669	6165	1759	1.069	79	0.088	114	179	222	0	0	1	1	0	0	0	0	0	0	0	2.356	2.393	2.437	2.498	217	1904	8.404	1.376
593	estuario2_300_07agosto2013_600ml_tot_1	1922	130.461	63.436	73	66	243	27.734	30.678	27.369	30.697	202.836	7645	6166	56	60	61.565	39.749	54.066	0.587	65.192	250747	98	0.640	-1.223	0	7669	6166	1922	1.082	113	0.161	74	97	194	0	0	1	1	0	0	0	0	0	0	0	2.196	2.364	2.402	2.576	228	2111	7.526	2.529
594	estuario2_300_07agosto2013_600ml_tot_1	1462	163.827	48.982	125	81	243	44.190	30.852	44.114	30.914	233.220	14472	6180	89	60	109.881	16.941	31.542	0.338	102.396	239515.000	154	0.203	-1.312	0	14551	6180	1462	1.123	79	0.079	124	153	212	0	0	3	1	0	0	0	0	0	0	0	5.459	5.475	6.516	6.533	294	1630	1.940	1.892
595	estuario2_300_07agosto2013_600ml_tot_1	1789	182.963	39.241	242	106	243	34.795	22.348	33.930	22.417	277.706	11533	6198	71	53	66.273	34.370	171.984	0.292	74.431	327321	182	-0.013	-1.215	0	11539	6198	1789	1.142	134	0.111	148	181	217	0	0	1	2	0	0	0	0	0	0	0	2.881	2.883	2.683	2.634	244	2819	5.487	2.426
596	estuario2_300_07agosto2013_600ml_tot_1	2655	179.557	46.378	243	110	245	56.520	60.341	55.979	61.325	468.943	2622	6199	103	118	81.905	41.273	98.396	0.152	125.252	476723	175	0.056	-1.638	0.151	2667	6199	2651	1.169	224	0.194	133	174	228	0	0	1	1	0	0	0	0	0	0	0	6.126	6.139	4.320	4.460	438	6573	51.346	1.860
597	estuario2_300_07agosto2013_600ml_tot_1	2025	187.920	33.226	160	133	243	39.630	54.868	39.830	55.146	301.546	2193	6203	78	111	142.064	18.149	122.554	0.280	129.800	380538	179	0.315	-1.380	0	2200	6203	2025	1.146	113	0.156	157	178	220	0	0	4	1	0	0	0	0	0	0	0	6.346	6.349	7.999	8.012	374	2305	6.433	1.425
598	estuario2_300_07agosto2013_600ml_tot_1	8017	158.629	55.218	243	70	248	195.022	49.897	198.380	50.438	1093.117	9668	6208	317	147	218.580	46.699	0.361	0.084	317.511	1271730	141	0.269	-1.518	0.087	9918	6208	8010	1.224	584	0.487	107	140	217	0	0	9	2	0	0	0	0	0	0	0	10.210	10.428	11.584	11.842	924	25824	92.262	3.262
599	estuario2_300_07agosto2013_600ml_tot_1	1859	161.699	61.119	243	57	243	31.995	38.327	30.810	37.589	256.191	10216	6209	61	68	71.931	32.906	136.369	0.356	77.897	300599	166	-0.187	-1.436	0	10230	6209	1859	1.143	147	0.106	96	165	221	0	0	1	1	0	0	0	0	0	0	0	2.799	2.993	3.095	3.307	253	2405	18.446	2.971
600	estuario2_300_07agosto2013_600ml_tot_1	1334	117.202	71.828	53	48	243	24.822	20.280	24.843	20.187	150.610	9050	6214	45	43	42.102	40.343	178.599	0.739	47.413	156347	78	0.631	-1.265	0	9083	6214	1334	1.040	75	0.144	53	77	188	0	0	1	1	0	0	0	0	0	0	0	1.852	1.861	2.019	1.936	172	1405	2.279	2.216
601	estuario2_300_07agosto2013_600ml_tot_1	1017	208.652	26.954	243	132	244	37.205	24.889	37.425	25.028	221.179	7615	6221	64	51	65.253	19.844	148.048	0.261	80	212199	214	-0.773	-0.252	0.098	7615	6221	1016	1.132	106	0.087	189	213	230	0	0	2	2	0	0	0	0	0	0	0	4.189	4.327	3.318	3.445	226	1434	5.306	2.712
602	estuario2_300_07agosto2013_600ml_tot_1	1373	210.167	26.309	243	145	244	29.038	29.849	28.836	29.407	269.220	3463	6226	54	56	50.654	34.512	41.189	0.238	66.400	288559	215	-0.460	-1.042	0.218	3510	6226	1370	1.148	165	0.125	187	214	234	0	0	1	1	0	0	0	0	0	0	0	2.788	2.850	2.318	2.242	216	1956	21.891	3.198
603	estuario2_300_07agosto2013_600ml_tot_1	1721	185.668	48.073	238	95	246	30.786	64.780	32.015	63.950	394.056	13531	6231	83	100	49.140	44.592	83.045	0.139	125.603	319534	196	-0.228	-1.591	0.116	13538	6231	1719	1.163	178	0.138	134	195	232	0	0	2	1	0	0	0	0	0	0	0	6.156	6.223	3.954	4.029	361	4658	18.310	4.439
604	estuario2_300_07agosto2013_600ml_tot_1	3469	155.657	60.239	82	76	245	63.409	49.969	63.725	48.884	512.642	10893	6246	97	111	91.983	48.018	108.697	0.166	123.843	539974	149	0.145	-1.617	0.086	10977	6246	3466	1.190	305	0.230	92	148	219	0	0	1	1	0	0	0	0	0	0	0	4.136	4.179	3.655	3.654	411	6163	33.027	3.330
605	estuario2_300_07agosto2013_600ml_tot_1	2804	163.274	56.933	82	54	243	36.704	40.603	38.924	39.617	346.576	11162	6253	102	76	78.549	45.452	177.709	0.293	102.489	457821	171	-0.188	-1.377	0	11188	6253	2804	1.143	212	0.146	107	170	216	0	0	1	2	0	0	0	0	0	0	0	3.617	3.891	3.398	3.699	351	4626	13.549	2.427
606	estuario2_300_07agosto2013_600ml_tot_1	2441	158.600	58.319	243	63	243	39.546	31.248	41.224	32.553	305.061	8102	6258	87	63	72.100	43.106	138.102	0.330	90.250	387142	158	-0.009	-1.428	0	8133	6258	2441	1.143	205	0.129	102	157	214	0	0	1	2	0	0	0	0	0	0	0	3.023	3.134	2.614	2.741	294	3169	17.894	1.808
607	estuario2_300_07agosto2013_600ml_tot_1	1259	206.156	24.413	212	134	243	26.231	18.614	25.997	18.600	163.581	10206	6273	51	38	46.792	34.258	1.234	0.591	51.923	259550	209	-0.426	-0.615	0	10226	6273	1259	1.064	95	0.101	187	208	226	0	0	2	2	0	0	0	0	0	0	0	2.075	2.165	2.150	2.217	174	1418	3.287	1.947
608	estuario2_300_07agosto2013_600ml_tot_1	3343	192.535	43.340	243	103	251	93.659	55.444	93.591	56.635	597.110	4355	6275	144	115	68.598	62.049	87.525	0.118	158.824	643645	206	-0.413	-1.343	1.466	4461	6275	3294	1.221	390	0.246	146	204	232	0	0	2	3	0	0	0	0	0	0	0	6.857	6.800	3.706	3.647	513	7721	67.820	2.845
609	estuario2_300_07agosto2013_600ml_tot_1	3648	166.186	48.068	243	85	243	47.540	100.122	47.613	100.004	503.571	10522	6279	92	197	233.678	19.877	67.654	0.181	212.462	606248	156	0.250	-1.425	0	10605	6279	3648	1.176	252	0.215	120	155	214	0	0	4	1	0	0	0	0	0	0	0	9.143	9.132	11.742	11.732	574	4314	29.236	1.550
610	estuario2_300_07agosto2013_600ml_tot_1	2025	160.801	58.697	77	59	243	20.977	47.180	19.717	45.215	268.777	8291	6293	48	81	75.468	34.164	110.892	0.352	83.815	325622	163	-0.130	-1.391	0	8300	6293	2025	1.135	131	0.115	100	162	217	0	0	1	1	0	0	0	0	0	0	0	2.652	2.865	2.920	3.127	254	2616	10.874	2.124
611	estuario2_300_07agosto2013_600ml_tot_1	2275	181.158	54.486	242	63	243	34.217	50.330	37.232	48.888	443.487	9236	6308	105	83	65.022	44.548	159.703	0.145	117.593	412134	198	-0.625	-0.988	0	9262	6308	2275	1.184	238	0.146	137	197	228	0	0	1	1	0	0	0	0	0	0	0	4.930	5.081	3.067	3.302	372	5637	23.677	4.068
612	estuario2_300_07agosto2013_600ml_tot_1	1781	182.996	48.028	240	74	243	24.586	26.815	25.057	28.502	264.049	4538	6315	46	68	61.357	36.958	117.479	0.321	72.236	325916	191	-0.526	-0.942	0	4556	6315	1781	1.150	151	0.107	146	190	226	0	0	1	2	0	0	0	0	0	0	0	2.293	2.459	2.663	2.863	224	2255	10.798	1.696
613	estuario2_300_07agosto2013_600ml_tot_1	912	230.889	10.425	242	196	246	27.499	24.884	27.362	24.849	254.777	3311	6326	47	43	41.023	28.306	49.532	0.177	50.329	210571	234	-0.905	-0.011	0.768	3341	6326	905	1.192	154	0.140	223	233	238	0	0	3	3	0	0	0	0	0	0	0	2.696	2.529	3.640	3.401	176	1415	20.743	1.981
614	estuario2_300_07agosto2013_600ml_tot_1	5250	141.275	63.131	242	47	246	57.279	39.278	61.784	38.724	442.985	7893	6339	120	72	113.120	59.092	179.209	0.336	120.266	741693	123	0.304	-1.438	0.095	7920	6339	5245	1.156	358	0.243	82	122	205	0	0	4	2	0	0	0	0	0	0	0	2.358	2.431	2.217	2.203	380	6621	46.535	2.097
615	estuario2_300_07agosto2013_600ml_tot_1	1660	182.787	29.629	158	139	243	26.792	20.699	27.003	20.698	172.208	7393	6361	56	46	50.835	41.577	11.130	0.703	56.436	303426	171	0.695	-0.903	0	7409	6361	1660	1.060	65	0.152	157	170	206	0	0	4	1	0	0	0	0	0	0	0	2.061	2.106	2.089	2.135	200	1783	3.398	2.061
616	estuario2_300_07agosto2013_600ml_tot_1	1768	190.890	35.327	242	101	243	13.257	58.973	13.310	58.964	304.392	4553	6372	24	118	126.675	17.771	92.038	0.240	118.512	337493	188	-0.223	-0.865	0	4558	6372	1768	1.150	153	0.121	165	187	222	0	0	3	1	0	0	0	0	0	0	0	5.695	5.598	7.382	7.247	280	2318	7.158	1.292
617	estuario2_300_07agosto2013_600ml_tot_1	982	233.222	9.468	242	203	250	39.700	16.690	39.697	16.696	248.049	8756	6385	74	36	65.184	19.181	158.812	0.201	74.545	229024	236	-0.855	0.068	5.906	8764	6385	924	1.192	187	0.156	225	234	239	0	0	2	4	0	0	0	0	0	0	0	4.303	4.531	2.435	2.550	215	1500	36.195	2.486
618	estuario2_300_07agosto2013_600ml_tot_1	951	231.600	8.467	240	204	246	12.292	55.596	12.269	56.012	332.375	4849	6401	23	118	101.751	11.900	88.763	0.108	118.271	220252	233	-0.646	-0.324	0.315	4860	6401	948	1.170	168	0.149	225	232	238	0	0	4	4	0	0	0	0	0	0	0	10.126	10.294	12.408	12.458	278	2229	17.717	2.137
619	estuario2_300_07agosto2013_600ml_tot_1	3529	154.940	58.148	83	78	243	62.004	33.144	59.118	36.275	388.659	11225	6401	109	70	102.652	43.772	29.344	0.294	120.768	546785	154	0.121	-1.544	0	11308	6401	3529	1.158	218	0.230	93	153	212	0	0	1	2	0	0	0	0	0	0	0	3.177	3.182	3.548	3.565	354	4659	11.577	1.940
620	estuario2_300_07agosto2013_600ml_tot_1	1851	161.909	53.765	242	75	243	21.370	51.813	21.547	52.034	266.291	7340	6403	45	101	112.147	21.015	108.377	0.328	105.361	299693	154	0.135	-1.463	0	7347	6403	1851	1.130	99	0.095	112	153	216	0	0	4	1	0	0	0	0	0	0	0	4.551	4.545	5.868	5.871	288	2176	8.858	2.009
621	estuario2_300_07agosto2013_600ml_tot_1	757	221.112	14.527	219	178	243	30.162	15.853	30.215	15.734	203.522	13554	6404	66	41	47.394	20.337	17.820	0.230	68.680	167382	222	-0.570	-0.177	0	13581	6404	757	1.113	77	0.085	211	221	232	0	0	2	2	0	0	0	0	0	0	0	5.339	4.888	6.569	6.254	210	1687	1.445	1.943
622	estuario2_300_07agosto2013_600ml_tot_1	2149	165.268	60.036	241	80	244	36.719	53.479	37.232	52.588	390.115	13392	6417	102	95	67.867	40.317	44.487	0.177	109.202	355162	172	-0.073	-1.668	0.047	13422	6417	2148	1.164	190	0.149	98	171	226	0	0	1	1	0	0	0	0	0	0	0	6.022	6.177	4.627	4.767	389	4802	13.082	2.058
623	estuario2_300_07agosto2013_600ml_tot_1	11042	135.766	60.746	51	41	247	69.467	54.228	75.475	51.943	702.950	8858	6419	160	120	147.041	95.613	15.902	0.281	171.511	1499130	130	0.246	-1.231	0.091	8937	6419	11032	1.174	596	0.424	84	129	186	0	0	4	4	0	0	0	0	0	0	0	2.359	2.342	2.717	2.703	556	13166	48.604	2.447
624	estuario2_300_07agosto2013_600ml_tot_1	4323	183.795	55.789	243	64	245	63.523	70.115	62.083	68.147	667.460	8557	6430	134	135	115.133	47.807	128.221	0.122	187.395	794547	206	-0.681	-1.018	0.231	8561	6430	4313	1.235	361	0.306	135	205	232	0	0	1	2	0	0	0	0	0	0	0	5.620	5.718	2.634	2.730	534	8051	120.864	3.292
625	estuario2_300_07agosto2013_600ml_tot_1	2273	157.350	51.514	108	79	243	23.482	51.847	23.391	52.337	272.250	5367	6445	47	106	117.504	24.630	74.040	0.385	108.908	357656	141	0.372	-1.384	0	5403	6445	2273	1.115	107	0.145	110	140	208	0	0	5	1	0	0	0	0	0	0	0	4.140	4.154	4.945	4.945	302	2469	5.813	1.284
626	estuario2_300_07agosto2013_600ml_tot_1	2179	177.166	43.465	243	99	243	72.098	51.163	72.009	51.070	386.257	2587	6447	145	96	172.766	16.059	147.416	0.184	167.726	386044	170	0.135	-1.430	0	2595	6447	2179	1.174	144	0.135	137	169	221	0	0	4	1	0	0	0	0	0	0	0	9.750	9.554	12.500	12.246	478	3054	19.940	1.664
627	estuario2_300_07agosto2013_600ml_tot_1	2873	189.292	43.413	243	99	244	64.911	87.510	67.715	86.611	603.453	6229	6472	127	155	66.645	54.888	21.714	0.099	157.877	543835	193	-0.174	-1.524	0.035	6326	6472	2872	1.191	299	0.230	146	192	233	0	0	3	1	0	0	0	0	0	0	0	9.386	9.412	6.180	6.308	559	9662	45.301	2
628	estuario2_300_07agosto2013_600ml_tot_1	1986	168.448	53.020	243	87	243	20.298	60.029	20.634	61.870	333.848	7607	6486	40	135	135.201	18.703	102.352	0.224	137.481	334537	166	0.041	-1.558	0	7616	6486	1986	1.148	149	0.123	114	165	223	0	0	1	1	0	0	0	0	0	0	0	6.910	6.947	6.290	6.308	346	2457	13.832	1.491
629	estuario2_300_07agosto2013_600ml_tot_1	4709	159.351	55.950	243	65	249	45.743	48.645	47.001	48.834	568.039	9695	6516	93	106	98.574	60.824	116.976	0.183	117.924	750385	154	0.052	-1.390	0.276	9731	6516	4696	1.245	389	0.210	108	153	215	0	0	3	3	0	0	0	0	0	0	0	2.532	2.764	4.017	3.824	394	7036	44.872	1.752
630	estuario2_300_07agosto2013_600ml_tot_1	10056	168.880	54.832	242	63	247	126.006	86.540	127.005	86.883	1383.097	7721	6528	209	176	128.648	99.525	36.381	0.066	219.618	1698262	175	-0.112	-1.533	0.060	7873	6528	10050	1.272	862	0.550	112	174	222	0	0	4	4	0	0	0	0	0	0	0	4.640	4.696	5.746	5.908	766	25238	180.827	3.933
631	estuario2_300_07agosto2013_600ml_tot_1	1115	210.981	23.498	242	151	243	28.763	13.945	29.514	13.816	163.924	4368	6531	61	31	56.570	25.096	10.258	0.521	61.205	235244	217	-0.578	-0.695	0	4396	6531	1115	1.070	78	0.099	191	216	229	0	0	1	2	0	0	0	0	0	0	0	2.740	2.728	3.016	3.116	180	1328	2.453	1.786
632	estuario2_300_07agosto2013_600ml_tot_1	5165	149.559	63.225	243	58	246	99.690	72.713	101.171	72.112	625.360	9397	6540	175	172	190.257	34.565	44.120	0.166	225.657	772472	145	0.109	-1.539	0.039	9530	6540	5163	1.198	353	0.257	85	144	214	0	0	2	1	0	0	0	0	0	0	0	7.795	8.125	9.904	10.264	690	10901	42.836	4.716
633	estuario2_300_07agosto2013_600ml_tot_1	2500	180.595	55.646	233	74	243	27.704	29.178	28.617	29.744	210.451	10037	6543	57	58	57.015	55.829	54.769	0.709	63.253	451487	204	-0.409	-1.402	0	10063	6543	2500	1.056	60	0.230	127	203	232	0	0	1	1	0	0	0	0	0	0	0	1.787	1.819	2.052	2.067	226	2619	2.168	3.383
634	estuario2_300_07agosto2013_600ml_tot_1	2111	175.019	35.868	150	122	243	17.963	42.607	17.929	42.582	225.823	3725	6545	33	84	90.575	29.675	86.304	0.520	84.149	369466	158	0.633	-1.084	0	3743	6545	2111	1.080	70	0.176	145	157	206	0	0	4	1	0	0	0	0	0	0	0	2.641	2.683	3.048	3.089	230	2289	3.153	1.426
635	estuario2_300_07agosto2013_600ml_tot_1	842	199.423	39.892	243	93	243	46.498	14.995	45.139	15.627	202.309	10307	6555	79	34	62.101	17.263	23.371	0.259	81.492	167914	211	-1.125	0.347	0	10365	6555	842	1.101	83	0.066	184	209	230	0	0	1	2	0	0	0	0	0	0	0	5.813	5.769	6.426	6.434	221	1301	2.723	3.333
636	estuario2_300_07agosto2013_600ml_tot_1	3708	169.838	54.337	243	58	246	33.144	50.691	33.771	51.826	433.085	8318	6560	68	103	93.327	50.587	88.334	0.248	110.136	629760	176	-0.317	-1.194	0.189	8342	6560	3701	1.193	338	0.180	121	175	219	0	0	2	4	0	0	0	0	0	0	0	2.580	2.696	2.817	2.961	338	5225	46.644	2.917
637	estuario2_300_07agosto2013_600ml_tot_1	4154	142.603	49.072	102	87	243	25.129	69.262	24.950	68.322	374.576	13350	6570	55	135	143.202	36.934	101.308	0.372	140.577	592371	118	0.884	-0.745	0	13366	6570	4154	1.117	214	0.329	104	117	179	0	0	4	1	0	0	0	0	0	0	0	3.490	3.466	4.194	4.165	376	4728	15.712	1.905
638	estuario2_300_07agosto2013_600ml_tot_1	9380	152.154	58.980	243	53	247	79.052	71.036	82.082	71.342	939.467	8475	6573	189	152	150.892	79.149	22.800	0.134	201.109	1427200	143	0.104	-1.344	0.128	8551	6573	9368	1.225	782	0.396	103	142	209	0	0	4	4	0	0	0	0	0	0	0	4.088	3.790	3.613	3.700	678	17488	188.339	2.819
639	estuario2_300_07agosto2013_600ml_tot_1	1553	235.469	7.860	243	205	250	21.964	50.393	21.915	50.760	368.902	6665	6595	47	101	108.797	18.175	73.221	0.143	105.948	365683	237	-1.175	1.376	7.727	6693	6595	1433	1.265	329	0.270	230	236	239	0	0	1	5	0	0	0	0	0	0	0	5.286	5.386	9.451	9.611	292	2242	129.526	2.400
640	estuario2_300_07agosto2013_600ml_tot_1	1386	217.234	27.853	241	129	249	24.349	26.132	23.996	26.957	197.179	6700	6623	46	50	46.968	37.573	96.364	0.448	53.310	301086	227	-1.284	0.770	4.978	6723	6623	1317	1.196	181	0.143	202	225	236	0	0	1	3	0	0	0	0	0	0	0	1.990	2.124	2.616	2.781	188	1666	18.095	3.652
641	estuario2_300_07agosto2013_600ml_tot_1	4433	175.624	55.046	243	84	246	53.484	94.638	52.943	93.854	662.566	8239	6628	115	129	100.909	55.934	154.523	0.127	141.524	778543	187	-0.260	-1.510	0.090	8270	6628	4429	1.224	436	0.295	116	185	230	0	0	1	1	0	0	0	0	0	0	0	4.409	4.386	3.194	3.206	484	8769	95.447	2.342
642	estuario2_300_07agosto2013_600ml_tot_1	2393	151.314	61.160	83	74	243	39.456	28.353	37.247	27.979	285.262	9617	6631	68	61	64.585	47.176	54.249	0.370	76.420	362095	142	0.213	-1.582	0	9655	6631	2393	1.144	147	0.159	89	141	215	0	0	1	1	0	0	0	0	0	0	0	2.218	2.242	2.264	2.333	254	3041	12.184	1.969
643	estuario2_300_07agosto2013_600ml_tot_1	4783	192.454	29.502	203	100	244	34.475	68.529	34.897	69.385	435.688	12723	6631	68	137	122.556	49.691	103.534	0.317	149.054	920509	195	-0.400	-0.352	0.063	12726	6631	4780	1.141	272	0.326	173	194	212	0	0	3	2	0	0	0	0	0	0	0	3.086	3.240	2.871	3.056	406	6460	17.735	3.110
644	estuario2_300_07agosto2013_600ml_tot_1	2584	169.359	63.790	243	79	243	70.430	93.349	66.730	91.412	556.683	8753	6670	128	151	63.285	51.988	134.787	0.105	160.705	437623	187	-0.163	-1.746	0	8805	6670	2584	1.172	241	0.222	97	186	233	0	0	1	1	0	0	0	0	0	0	0	10.269	10.229	5.636	5.658	553	9620	46.285	2.500
645	estuario2_300_07agosto2013_600ml_tot_1	4438	115.512	61.885	61	49	243	36.117	44.850	36.719	45.417	318.960	5778	6691	69	92	88.442	63.891	84.601	0.548	93.862	512644	91	0.913	-0.614	0	5831	6691	4438	1.090	187	0.278	64	90	155	0	0	1	2	0	0	0	0	0	0	0	2.035	1.929	2.075	1.964	318	4929	23.425	1.964
646	estuario2_300_07agosto2013_600ml_tot_1	3553	200.511	35.072	237	104	245	56.821	51.304	57.453	50.704	480.867	11729	6691	115	103	104.037	43.483	42.234	0.193	119.553	712415	211	-0.670	-0.682	0.084	11825	6691	3550	1.197	279	0.261	172	210	230	0	0	2	1	0	0	0	0	0	0	0	4.492	4.551	4.318	4.384	432	6120	39.020	3.011
647	estuario2_300_07agosto2013_600ml_tot_1	3208	187.104	44.224	242	105	243	39.530	87.838	37.431	87.312	611.470	5230	6700	106	170	68.883	59.297	160.385	0.108	170.751	600231	186	-0.123	-1.556	0	5236	6700	3208	1.181	301	0.247	143	185	232	0	0	3	1	0	0	0	0	0	0	0	8.305	8.297	3.822	3.959	548	9812	38.441	1.897
648	estuario2_300_07agosto2013_600ml_tot_1	669	236.999	4.294	243	225	245	54.815	16.735	54.636	16.786	292.291	4048	6740	110	33	110.999	7.674	15.412	0.098	114.018	158552	237	-0.377	-0.605	0.598	4151	6740	665	1.134	154	0.147	233	236	240	0	0	0	2	0	0	0	0	0	0	0	13.581	13.697	15.351	15.270	280	958	44.154	1.600
649	estuario2_300_07agosto2013_600ml_tot_1	698	219.629	18.702	243	182	243	43.345	30.271	43.865	30.567	257.848	3294	6744	99	63	108.838	8.166	146.669	0.132	116.284	153301	224	-0.377	-1.291	0	3296	6744	698	1.120	102	0.082	201	223	236	0	0	0	1	0	0	0	0	0	0	0	13.620	13.623	15.721	15.707	319	985	7.190	1.585
650	estuario2_300_07agosto2013_600ml_tot_1	1794	200.065	34.566	243	131	243	40.609	37.410	42.493	37.647	399.446	3430	6753	100	73	70.248	32.516	174.092	0.141	101.607	358916	205	-0.263	-1.401	0	3500	6753	1794	1.167	208	0.156	166	204	234	0	0	1	2	0	0	0	0	0	0	0	5.606	5.639	2.910	2.943	342	4515	39.526	1.856
651	estuario2_300_07agosto2013_600ml_tot_1	2423	190.025	32.484	243	110	243	29.627	51.570	29.557	52.302	344.576	7387	6756	71	115	114.806	26.872	67.076	0.256	123.693	460431	188	-0.038	-0.914	0	7428	6756	2423	1.155	163	0.159	164	187	218	0	0	3	3	0	0	0	0	0	0	0	4.936	4.998	6.149	6.212	368	3951	11.687	3.068
652	estuario2_300_07agosto2013_600ml_tot_1	1376	165.438	58.088	242	62	244	32.046	16.376	33.080	16.680	205.865	7998	6762	64	41	54.802	31.969	168.467	0.408	66.219	227642	172	-0.211	-1.398	0.145	8016	6762	1374	1.098	131	0.076	107	171	220	0	0	1	1	0	0	0	0	0	0	0	2.787	2.799	2.526	2.518	205	1714	4.545	2.252
653	estuario2_300_07agosto2013_600ml_tot_1	28795	179.074	54.602	242	46	255	362.194	269.029	356.374	273.307	2344.027	8086	6772	511	599	366.552	100.021	43.326	0.066	783.236	5156436	199	-0.567	-1.023	2.875	8592	6772	27967	1.249	2091	1.449	129	195	223	0	0	7	4	0	0	0	0	0	0	0	14.879	14.888	6.626	6.675	2215	88632	178.581	5.634
654	estuario2_300_07agosto2013_600ml_tot_1	2356	192.234	32.159	242	110	243	23.942	41.579	23.895	41.258	292.777	12499	6774	51	80	81.748	36.695	98.908	0.345	84.581	452903.000	195	-0.272	-0.820	0	12513	6774	2356	1.150	137	0.152	164	194	217	0	0	6	3	0	0	0	0	0	0	0	2.425	2.440	2.799	2.844	258	3292	3.574	2.346
655	estuario2_300_07agosto2013_600ml_tot_1	916	232.342	11.763	243	191	246	35.583	15.464	35.169	15.479	302.233	4043	6786	74	32	68.185	17.105	0.055	0.126	74.431	212825	237	-1.412	1.384	1.310	4057	6786	904	1.207	226	0.166	226	236	240	0	0	2	2	0	0	0	0	0	0	0	4.533	4.634	5.816	5.886	208	1641	77.386	2.030
656	estuario2_300_07agosto2013_600ml_tot_1	1509	107.395	75.509	42	39	251	23.916	21.821	23.796	21.670	168.995	12000	6801	48	43	44.859	42.830	167.222	0.664	51.430	162059	63	0.720	-1.163	0.066	12022	6801	1508	1.053	67	0.187	43	62	181	0	0	1	1	0	0	0	0	0	0	0	1.788	1.832	1.756	1.777	178	1623	4.396	2.178
657	estuario2_300_07agosto2013_600ml_tot_1	723	184.562	44.432	242	104	243	14.515	28.100	14.582	27.100	136.953	12992	6807	27	49	44.807	20.545	84.489	0.484	49.820	133438	190	-0.185	-1.466	0	13008	6807	723	1.042	56	0.052	139	189	228	0	0	1	1	0	0	0	0	0	0	0	2.797	2.978	2.523	2.692	148	870	1.604	3.833
658	estuario2_300_07agosto2013_600ml_tot_1	1188	169.907	51.375	242	89	243	21.653	28.228	22.787	29.603	199.179	9177	6814	55	66	70.995	21.306	126.044	0.376	82.976	201849	165	0.063	-1.574	0	9182	6814	1188	1.094	69	0.074	120	164	223	0	0	1	1	0	0	0	0	0	0	0	4.106	4.293	2.937	2.973	237	1463	1.987	2.143
659	estuario2_300_07agosto2013_600ml_tot_1	1914	169.089	54.821	243	60	243	30.277	35.078	31.215	33.590	281.120	9719	6841	66	63	61.635	39.539	44.325	0.304	79.209	323637	178	-0.300	-1.253	0	9780	6841	1914	1.135	155	0.100	117	177	219	0	0	1	1	0	0	0	0	0	0	0	2.652	2.920	2.710	2.949	254	3147	9.972	2.275
660	estuario2_300_07agosto2013_600ml_tot_1	3976	148.375	54.010	96	79	244	29.095	61.519	29.333	59.988	373.688	14598	6848	57	125	121.302	41.734	77.572	0.358	125.419	589940	130	0.447	-1.322	0.025	14619	6848	3975	1.136	196	0.231	99	129	199	0	0	5	1	0	0	0	0	0	0	0	3.142	3.177	3.842	3.794	360	4875	17.258	2.661
661	estuario2_300_07agosto2013_600ml_tot_1	3841	151.320	57.469	80	72	246	28.576	76.093	27.941	71.860	387.245	12549	6852	58	129	109.376	44.713	90.601	0.322	129.387	581222	147	0.178	-1.454	0.052	12581	6852	3839	1.150	237	0.208	91	146	206	0	0	1	2	0	0	0	0	0	0	0	3.474	3.491	3.426	3.461	370	4941	18.039	2.038
662	estuario2_300_07agosto2013_600ml_tot_1	2066	160.038	55.941	240	54	244	28.667	29.981	29.684	32.152	272.777	9010	6855	56	77	68.122	38.615	107.787	0.349	79.120	330639	160	-0.081	-1.315	0.048	9039	6855	2065	1.144	153	0.096	106	159	211	0	0	1	1	0	0	0	0	0	0	0	2.742	2.971	2.913	3.157	262	2687	3.847	2.264
663	estuario2_300_07agosto2013_600ml_tot_1	1829	180.570	51.600	242	75	244	29.654	46.491	29.613	44.690	296.777	10858	6867	67	77	70.120	33.211	123.918	0.261	82.662	330263	191	-0.515	-1.034	0.055	10872	6867	1828	1.159	158	0.111	137	190	227	0	0	1	2	0	0	0	0	0	0	0	3.531	3.720	3.402	3.718	284	2926	7.997	1.742
664	estuario2_300_07agosto2013_600ml_tot_1	1164	206.796	22.892	242	144	243	23.477	29.787	23.332	29.780	188.208	6141	6869	41	60	60.789	24.380	67.027	0.413	69.893	240710	206	-0.117	-0.954	0	6173	6869	1164	1.098	94	0.099	187	205	226	0	0	4	1	0	0	0	0	0	0	0	2.917	2.895	3.604	3.524	198	1542	2.925	1.871
665	estuario2_300_07agosto2013_600ml_tot_1	1424	219.131	15.064	241	175	243	40.447	22.546	40.446	22.480	258.291	2077	6871	72	55	49.400	36.702	23.559	0.268	72.560	312042	219	-0.217	-0.770	0	2122	6871	1424	1.150	141	0.154	207	218	231	0	0	5	3	0	0	0	0	0	0	0	3.613	3.659	4.176	4.103	249	2277	8.559	3.394
666	estuario2_300_07agosto2013_600ml_tot_1	930	174.632	46.611	196	66	243	18.362	21.475	17.630	22.285	130.711	14388	6875	35	40	45.315	26.131	50.751	0.684	48.010	162408	180	-0.526	-0.508	0	14410	6875	930	1.034	28	0.051	146	178	211	0	0	1	1	0	0	0	0	0	0	0	1.956	1.949	2.098	2.062	146	1010	0.485	1.604
667	estuario2_300_07agosto2013_600ml_tot_1	3146	160.394	60.246	89	75	243	29.879	53.342	28.912	53.650	403.002	10714	6876	69	105	89.125	44.944	114.432	0.243	108.559	504601	161	0.016	-1.657	0	10767	6876	3146	1.147	228	0.212	94	160	223	0	0	1	1	0	0	0	0	0	0	0	3.332	3.312	3.349	3.396	344	5152	13.799	2.400
668	estuario2_300_07agosto2013_600ml_tot_1	2835	187.985	45.800	242	105	245	76.641	60.732	77.065	62.261	643.553	2362	6888	164	109	67.167	53.741	109.377	0.086	167.093	532937	195	-0.165	-1.616	0.071	2426	6888	2833	1.189	378	0.245	140	194	234	0	0	1	1	0	0	0	0	0	0	0	9.261	9.347	4.018	4.091	541	9525	77.396	3.550
669	estuario2_300_07agosto2013_600ml_tot_1	1331	178.971	63.675	242	58	243	24.870	32.509	27.128	32.177	290.534	8750	6927	57	64	46.664	36.316	111.231	0.198	72.560	238210	213	-0.801	-0.915	0	8771	6927	1331	1.193	127	0.102	126	212	229	0	0	1	2	0	0	0	0	0	0	0	3.543	3.301	4.069	4.129	238	2246	7.413	3.644
670	estuario2_300_07agosto2013_600ml_tot_1	3039	160.341	62.147	241	75	243	36.616	57.450	37.061	61.544	541.210	9153	6964	105	147	85.142	45.446	100.055	0.130	148.492	487275	152	0.081	-1.715	0	9172	6964	3039	1.175	263	0.212	96	151	228	0	0	1	1	0	0	0	0	0	0	0	7.150	7.121	4.618	4.689	500	8285	24.365	2.879
671	estuario2_300_07agosto2013_600ml_tot_1	2611	164.271	54.158	104	88	243	59.718	22.489	59.729	23.281	384.960	9263	6977	102	64	84.421	39.379	0.100	0.221	102.313	428911	152	0.178	-1.632	0	9328	6977	2611	1.175	202	0.179	110	151	221	0	0	3	1	0	0	0	0	0	0	0	3.626	3.679	3.394	3.487	327	4153	19.273	2.005
672	estuario2_300_07agosto2013_600ml_tot_1	5136	148.312	55.617	93	76	244	114.041	74.635	113.793	74.829	595.092	7773	6983	226	149	285.056	22.941	33.408	0.182	262.246	761733	130	0.466	-1.333	0.019	7989	6983	5135	1.177	274	0.317	96	129	203	0	0	7	1	0	0	0	0	0	0	0	10.052	10.063	12.812	12.797	746	6049	41.952	1.321
673	estuario2_300_07agosto2013_600ml_tot_1	1497	111.951	75.343	45	39	244	21.171	23.600	21.209	23.148	168.066	12478	7005	43	48	46.898	40.643	79.654	0.666	48.836	167590	71	0.636	-1.273	0.067	12503	7005	1496	1.056	99	0.147	45	70	188	0	0	1	1	0	0	0	0	0	0	0	1.836	1.842	1.792	1.802	178	1600	5.323	2.384
674	estuario2_300_07agosto2013_600ml_tot_1	2127	157.299	54.434	91	87	243	49.382	23.382	47.582	25.081	288.919	6629	7017	85	62	77.952	34.742	25.441	0.320	100.703	334576	147	0.248	-1.486	0	6692	7017	2127	1.133	158	0.135	104	146	212	0	0	1	1	0	0	0	0	0	0	0	3.446	3.516	3.197	3.263	289	2727	5.345	2.860
675	estuario2_300_07agosto2013_600ml_tot_1	4344	153.996	58.788	81	72	247	34.189	56.120	34.472	60.681	439.914	6895	7039	78	130	114.853	48.157	112.398	0.282	142.352	668957	151	0.113	-1.514	0.138	6915	7039	4338	1.166	285	0.247	92	149	213	0	0	1	2	0	0	0	0	0	0	0	3.485	3.519	3.829	3.840	412	5629	25.195	2.198
676	estuario2_300_07agosto2013_600ml_tot_1	1539	170.573	54.343	242	59	243	33.557	24.125	32.212	23.228	230.693	9526	7040	58	50	54.161	36.180	137.453	0.363	62.769	262512	177	-0.360	-1.143	0	9544	7040	1539	1.130	140	0.080	125	176	220	0	0	1	1	0	0	0	0	0	0	0	2.324	2.469	2.596	2.754	212	1981	2.423	1.721
677	estuario2_300_07agosto2013_600ml_tot_1	2152	158.234	57.487	243	57	243	43.881	29.190	41.292	30.085	265.806	8945	7043	76	65	73.940	37.057	29.350	0.383	86.052	340519	159	-0.058	-1.361	0	8993	7043	2152	1.119	150	0.105	101	158	213	0	0	1	1	0	0	0	0	0	0	0	2.839	3.156	3.086	3.394	278	3004	12.188	3.793
678	estuario2_300_07agosto2013_600ml_tot_1	859	165.056	49.580	117	95	243	21.946	16.469	21.896	16.489	128.024	2608	7057	44	32	41.351	26.449	160.481	0.659	44.283	141783	150	0.320	-1.486	0	2622	7057	859	1.033	60	0.065	117	149	216	0	0	2	1	0	0	0	0	0	0	0	2.222	2.309	2.184	2.271	148	931	2.503	1.370
679	estuario2_300_07agosto2013_600ml_tot_1	1795	187.422	46.943	243	96	254	29.236	29.418	28.643	31.091	257.078	7068	7081	48	82	63.284	36.115	104.395	0.341	83.815	336423	199	-0.552	-0.999	2.730	7096	7081	1746	1.151	174	0.110	149	195	226	0	0	1	1	0	0	0	0	0	0	0	3.138	3.346	3.608	3.834	256	2441	12.328	2.338
680	estuario2_300_07agosto2013_600ml_tot_1	3153	170.547	60.028	241	78	247	71.189	79.691	74.482	79.658	599.186	13230	7087	126	160	73.454	54.653	5.974	0.110	160.901	537735	184	-0.133	-1.730	0.222	13352	7087	3146	1.181	348	0.235	104	182	230	0	0	2	1	0	0	0	0	0	0	0	8.866	9.012	5.878	6.041	567	10052	37.430	1.758
681	estuario2_300_07agosto2013_600ml_tot_1	633	174.232	51.862	242	89	243	16.348	14.325	16.645	14.649	113.296	14077	7098	31	31	29.630	27.201	30.324	0.620	32.696	110289	180	-0.206	-1.435	0	14100	7098	633	1.016	55	0.039	124	179	223	0	0	1	1	0	0	0	0	0	0	0	1.930	1.934	1.827	1.862	120	717	0.493	2
682	estuario2_300_07agosto2013_600ml_tot_1	2615	171.115	50.765	242	89	245	39.769	52.621	40.225	53.621	458.299	8803	7106	108	132	86.316	38.573	122.077	0.156	133.507	447467	155	0.151	-1.564	0.076	8813	7106	2613	1.155	208	0.176	124	154	226	0	0	1	1	0	0	0	0	0	0	0	7.537	7.635	4.726	4.826	475	6838	20.109	2.100
683	estuario2_300_07agosto2013_600ml_tot_1	17794	183.335	53.940	223	47	248	216.508	132.608	220.880	134.425	2059.621	6402	7117	571	269	310.077	73.066	158.839	0.053	629.918	3262266	210	-0.770	-0.893	0.140	6410	7117	17769	1.230	1153	1.182	136	209	224	0	0	2	8	0	0	0	0	0	0	0	15.526	15.575	18.612	18.788	1676	53784	130.533	4.722
684	estuario2_300_07agosto2013_600ml_tot_1	900	185.611	36.243	243	111	243	21.609	20.090	21.414	20.527	133.054	9834	7138	39	39	45.752	25.046	57.813	0.639	50.990	167050	185	-0.058	-1.140	0	9856	7138	900	1.034	40	0.057	154	184	217	0	0	1	2	0	0	0	0	0	0	0	2.170	2.193	2.314	2.342	152	1008	1.167	1.838
685	estuario2_300_07agosto2013_600ml_tot_1	3736	96.112	70.841	47	41	245	30.183	44.906	29.766	45.077	287.161	9087	7139	63	89	91.172	52.174	106.670	0.569	89.560	359074	52	1.076	-0.513	0.054	9105	7139	3734	1.086	163	0.504	45	51	143	0	0	2	1	0	0	0	0	0	0	0	2.135	2.161	2.306	2.328	300	4020	14.095	1.498
686	estuario2_300_07agosto2013_600ml_tot_1	1017	140.481	65.469	63	54	243	14.837	26.577	14.944	26.390	140.368	13378	7163	31	52	55.351	23.394	110.320	0.649	55.543	142869	128	0.247	-1.497	0	13386	7163	1017	1.042	42	0.059	74	127	206	0	0	1	1	0	0	0	0	0	0	0	2.413	2.418	2.701	2.723	162	1074	1.350	3
687	estuario2_300_07agosto2013_600ml_tot_1	1799	156.276	55.793	241	71	243	23.037	50.804	23.075	50.935	260.250	9660	7189	45	100	114.405	20.021	106.665	0.334	104.403	281140	147	0.205	-1.473	0	9668	7189	1799	1.124	100	0.095	102	146	212	0	0	2	1	0	0	0	0	0	0	0	4.631	4.675	5.637	5.684	286	2010	5.792	1.935
688	estuario2_300_07agosto2013_600ml_tot_1	2560	176.078	56.230	243	93	243	41.957	44.669	43.214	46.789	496.524	4768	7226	112	113	67.849	48.040	132.588	0.130	124.085	450760	189	-0.183	-1.689	0	4773	7226	2560	1.195	227	0.207	112	188	232	0	0	2	1	0	0	0	0	0	0	0	6.550	6.830	5.191	5.344	446	6474	52.087	2.203
689	estuario2_300_07agosto2013_600ml_tot_1	2185	165.842	48.877	107	103	243	51.592	21.252	50.075	22.170	278.777	2563	7235	88	43	77.189	36.042	13.643	0.353	92.655	362364	157	0.261	-1.475	0	2623	7235	2185	1.131	131	0.154	117	156	214	0	0	1	1	0	0	0	0	0	0	0	2.861	2.935	3.125	3.169	258	2593	16.046	3
690	estuario2_300_07agosto2013_600ml_tot_1	6434	165.076	60.126	243	74	246	64.198	103.514	63.477	102.916	1079.325	9099	7252	162	174	113.639	72.088	45.081	0.069	234.968	1062097	168	-0.038	-1.677	0.155	9253	7252	6424	1.246	591	0.422	100	167	227	0	0	2	2	0	0	0	0	0	0	0	5.642	5.739	4.415	4.511	668	18325	100.389	4.010
691	estuario2_300_07agosto2013_600ml_tot_1	3331	156.319	56.099	101	77	248	71.496	25.191	68.351	24.525	351.262	10721	7252	123	47	109.186	38.844	11.075	0.339	123.584	520698	147	0.246	-1.526	0.570	10798	7252	3312	1.151	311	0.204	101	145	210	0	0	3	1	0	0	0	0	0	0	0	3.499	3.610	3.190	3.229	336	3856	20.521	1.645
692	estuario2_300_07agosto2013_600ml_tot_1	2861	150.458	62.249	71	64	244	37.735	35.362	34.722	36.984	272.919	13252	7252	71	76	85.112	42.799	51.143	0.483	93.408	430459	149	0.069	-1.519	0.140	13294	7252	2857	1.114	158	0.150	85	148	211	0	0	1	1	0	0	0	0	0	0	0	2.440	2.574	2.427	2.515	290	3211	18.300	2.831
693	estuario2_300_07agosto2013_600ml_tot_1	2875	139.333	63.902	243	54	243	39.648	74.321	38.265	71.429	363.446	13192	7262	75	141	165.626	22.101	114.864	0.274	155.653	400583	122	0.337	-1.430	0	13198	7262	2875	1.149	147	0.145	80	121	204	0	0	2	2	0	0	0	0	0	0	0	6.125	6.245	7.759	7.905	428	3314	19.997	2.055
694	estuario2_300_07agosto2013_600ml_tot_1	2759	178.822	48.452	243	96	244	48.471	28.720	47.342	30.072	471.671	5482	7289	110	105	79.733	44.058	30.351	0.156	126.491	493370	176	0.018	-1.658	0.036	5482	7289	2758	1.176	229	0.206	130	174	229	0	0	1	1	0	0	0	0	0	0	0	5.494	5.487	4.921	5.090	426	6349	44.798	1.681
695	estuario2_300_07agosto2013_600ml_tot_1	1395	119.014	68.633	60	54	243	23.114	19.205	23.100	19.150	155.338	7308	7301	48	40	47.841	37.126	24.746	0.726	49.739	166024	76	0.709	-1.179	0	7324	7301	1395	1.042	50	0.151	61	75	188	0	0	3	1	0	0	0	0	0	0	0	1.839	1.863	1.865	1.910	172	1466	1.642	1.935
696	estuario2_300_07agosto2013_600ml_tot_1	1529	163.789	58.019	243	58	246	29.270	30.780	28.170	29.129	209.622	10543	7304	55	54	57.496	33.859	136.188	0.437	68.680	250433.000	166	-0.219	-1.295	0.196	10544	7304	1526	1.111	127	0.079	112	165	219	0	0	1	2	0	0	0	0	0	0	0	2.387	2.569	2.671	2.831	214	1820	3.694	2.371
697	estuario2_300_07agosto2013_600ml_tot_1	9398	178.499	48.126	242	60	248	97.311	67.795	96.441	67.729	904.271	8860	7307	164	126	143.583	83.338	178.716	0.144	171.773	1677534	191	-0.559	-0.850	0.064	8998	7307	9392	1.244	500	0.455	141	190	218	0	0	4	6	0	0	0	0	0	0	0	2.658	3.015	3.079	3.293	576	14034	101.601	3.264
698	estuario2_300_07agosto2013_600ml_tot_1	1669	169.768	54.992	242	62	244	26.206	25.906	27.251	27.782	216.250	7759	7318	55	64	63.772	33.322	127.760	0.448	75.452	283342	177	-0.334	-1.215	0.060	7778	7318	1668	1.111	94	0.089	120	176	221	0	0	1	2	0	0	0	0	0	0	0	2.647	2.907	2.829	3.017	234	2012	3.906	2.943
699	estuario2_300_07agosto2013_600ml_tot_1	2585	156.334	55.361	243	79	244	34.838	35.377	36.103	36.604	287.647	8688	7319	76	82	94.014	35.009	133.515	0.393	102.533	404123	145	0.235	-1.484	0.116	8698	7319	2582	1.123	156	0.142	104	143	211	0	0	1	1	0	0	0	0	0	0	0	3.226	3.318	3.332	3.408	312	3002	23.568	1.883
700	estuario2_300_07agosto2013_600ml_tot_1	1278	231.176	10.975	241	190	249	18.484	36.585	18.373	36.729	378.801	13917	7330	35	81	74.184	21.935	77.114	0.112	83.199	295443	234	-1.201	0.879	1.017	13924	7330	1265	1.242	261	0.200	225	233	238	0	0	3	4	0	0	0	0	0	0	0	3.791	3.908	4.622	4.733	228	2099	38.391	1.745
701	estuario2_300_07agosto2013_600ml_tot_1	5816	174.666	57.378	243	70	244	143.155	87.742	139.589	87.032	1137.751	9532	7338	253	162	134.272	55.150	163.529	0.056	257.893	1015855.000	190	-0.227	-1.611	0.034	9710	7338	5814	1.222	542	0.401	114	189	231	0	0	3	2	0	0	0	0	0	0	0	10.348	10.665	6.171	6.336	826	24956	92.604	5.196
702	estuario2_300_07agosto2013_600ml_tot_1	1443	199.994	24.355	198	131	243	37.412	30.672	37.082	30.966	205.664	12437	7356	64	61	67.213	27.335	47.123	0.429	73.430	288592	197	0.080	-0.807	0	12480	7356	1443	1.104	88	0.117	180	196	219	0	0	5	4	0	0	0	0	0	0	0	3.427	3.669	3.797	4.041	246	1952	2.908	1.958
703	estuario2_300_07agosto2013_600ml_tot_1	852	203.586	26.836	242	144	243	25.403	24.566	25.226	24.646	161.238	10242	7369	48	49	61.778	17.560	45.708	0.412	66.483	173455	206	-0.252	-1.053	0	10281	7369	852	1.080	59	0.068	180	205	227	0	0	2	2	0	0	0	0	0	0	0	3.709	3.607	4.221	4.109	190	1081	0.590	1.797
704	estuario2_300_07agosto2013_600ml_tot_1	11537	170.880	57.305	243	71	255	92.126	87.381	92.505	92.314	1057.006	8762	7376	211	203	154.082	95.335	150.178	0.130	243.430	1971443	180	-0.207	-1.454	4.889	8800	7376	10973	1.265	833	0.543	109	173	220	0	0	3	4	0	0	0	0	0	0	0	4.879	4.692	5.541	5.184	824	28529	184.881	2.292
705	estuario2_300_07agosto2013_600ml_tot_1	2273	180.418	38.769	156	99	243	73.228	42.940	73.204	43.002	360.617	5543	7402	140	77	151.662	19.082	26.361	0.220	155.206	410090	169	0.169	-1.162	0	5672	7402	2273	1.159	163	0.159	151	168	218	0	0	4	1	0	0	0	0	0	0	0	7.852	7.555	9.981	9.633	430	3274	9.259	1.690
706	estuario2_300_07agosto2013_600ml_tot_1	3160	174.861	50.637	242	89	248	73.795	80.682	73.554	78.801	563.796	9934	7403	112	146	87.076	46.206	100.085	0.125	163.248	552562	174	-0.017	-1.576	0.443	9934	7403	3146	1.190	333	0.199	126	171	227	0	0	2	1	0	0	0	0	0	0	0	7.108	7.109	3.976	4.005	512	7592	39.096	2.739
707	estuario2_300_07agosto2013_600ml_tot_1	17337	177.120	57.274	243	79	255	118.801	90.331	119.327	90.991	1647.949	8034	7407	222	214	158.920	138.901	38.438	0.080	228.473	3070722	193	-0.262	-1.546	7.222	8103	7407	16085	1.344	1379	0.992	110	180	226	0	0	6	5	0	0	0	0	0	0	0	3.384	3.529	3.355	3.369	868	32119	198.202	3.420
708	estuario2_300_07agosto2013_600ml_tot_1	1289	168.048	38.557	136	124	245	19.264	24.500	19.476	24.302	145.095	10675	7444	40	45	45.921	35.739	69.621	0.769	50.120	216614	148	0.742	-1.014	0.078	10696	7444	1288	1.049	54	0.132	135	147	201	0	0	3	1	0	0	0	0	0	0	0	1.863	1.870	1.962	2.020	166	1362	1.439	1.617
709	estuario2_300_07agosto2013_600ml_tot_1	1886	169.027	55.337	243	59	243	28.125	44.186	29.632	42.459	265.262	13246	7451	60	75	68.623	34.993	56.622	0.337	82.680	318785	177	-0.304	-1.232	0	13298	7451	1886	1.131	142	0.097	122	176	220	0	0	1	1	0	0	0	0	0	0	0	3.004	3.306	3.300	3.506	266	2661	7.969	3.073
710	estuario2_300_07agosto2013_600ml_tot_1	2863	180.034	51.001	243	101	247	57.721	48.797	59.790	49.469	507.311	3099	7473	121	109	75.371	48.364	155.255	0.140	122.984	515437.000	188	-0.110	-1.703	0.384	3213	7473	2852	1.191	294	0.229	124	186	231	0	0	1	1	0	0	0	0	0	0	0	6.140	6.405	5.500	5.521	456	7049	62.040	2.688
711	estuario2_300_07agosto2013_600ml_tot_1	763	220.030	22.029	239	149	244	16.912	25.843	17.051	25.862	201.907	13650	7491	43	48	50.608	19.196	120.852	0.235	61.074	167883	228	-1.255	0.838	0.393	13651	7491	760	1.131	113	0.088	209	227	236	0	0	1	2	0	0	0	0	0	0	0	3.385	3.453	4.440	4.549	178	1307	6.523	2.739
712	estuario2_300_07agosto2013_600ml_tot_1	4907	156.880	57.315	243	74	243	106.095	105.251	105.265	106.167	648.590	7016	7492	201	206	287.744	21.713	46.592	0.147	280.071	769809	150	0.138	-1.521	0	7208	7492	4907	1.195	261	0.263	98	149	214	0	0	10	1	0	0	0	0	0	0	0	11.900	11.796	15.409	15.283	810	7413	47.545	1.659
713	estuario2_300_07agosto2013_600ml_tot_1	1773	164.642	50.264	110	85	243	37.607	34.230	37.296	34.756	233.362	5303	7495	75	68	97.797	23.083	42.912	0.409	93.606	291910	153	0.259	-1.517	0	5365	7495	1773	1.116	103	0.122	116	152	215	0	0	3	1	0	0	0	0	0	0	0	3.964	4.007	4.746	4.764	282	2102	8.329	1.972
714	estuario2_300_07agosto2013_600ml_tot_1	36018	154.544	61.688	243	40	255	192.364	187.135	196.706	194.309	2954.478	7733	7497	444	389	282.608	162.273	124.529	0.052	495.537	5566350	151	-0.059	-1.209	3.518	7935	7497	34751	1.268	2799	1.252	103	146	208	0	0	12	14	0	0	0	0	0	0	0	6.426	6.484	4.581	4.619	1662	95813	193.885	3.751
715	estuario2_300_07agosto2013_600ml_tot_1	895	175.131	47.632	243	85	245	16.385	18.888	16.364	19.676	131.095	9262	7500	32	40	37.823	30.129	107.462	0.654	40.608	156742	177	-0.182	-1.236	0.223	9276	7500	893	1.030	58	0.050	133	175	218	0	0	1	1	0	0	0	0	0	0	0	1.915	1.965	1.736	1.751	140	957	1.935	3.704
716	estuario2_300_07agosto2013_600ml_tot_1	754	208.802	23.029	240	155	243	22.711	13.711	23.042	13.841	136.853	13892	7515	48	32	43.445	22.097	172.937	0.506	48.166	157437	211	-0.287	-1.080	0	13901	7515	754	1.054	53	0.065	189	210	228	0	0	2	2	0	0	0	0	0	0	0	2.872	2.769	3.285	3.223	156	970	1.488	1.429
717	estuario2_300_07agosto2013_600ml_tot_1	3797	198.431	31.944	242	116	243	44.790	97.662	44.227	95.594	643.294	9544	7519	92	160	134.964	35.821	114.353	0.115	169.517	753441	203	-0.461	-0.711	0	9550	7519	3797	1.253	342	0.260	174	202	226	0	0	3	3	0	0	0	0	0	0	0	5.898	6.049	2.396	2.216	499	6156	32.454	4.213
718	estuario2_300_07agosto2013_600ml_tot_1	1552	162.273	52.933	77	67	243	32.312	18.385	33.102	18.269	188.995	9291	7520	66	38	58.229	33.936	13.485	0.546	66.753	251848	164	-0.107	-1.280	0	9329	7520	1552	1.079	103	0.073	115	163	208	0	0	1	1	0	0	0	0	0	0	0	2.502	2.533	2.377	2.433	203	1749	1.403	3.224
719	estuario2_300_07agosto2013_600ml_tot_1	9484	186.956	47.832	241	62	255	68.021	104.339	68.672	106.856	752.673	9126	7537	144	212	209.059	57.761	111.100	0.210	236.647	1773095	196	-0.557	-0.716	7.159	9160	7537	8805	1.270	774	0.455	146	188	222	0	0	8	7	0	0	0	0	0	0	0	4.458	4.476	2.891	2.803	708	17242	103.861	2.997
720	estuario2_300_07agosto2013_600ml_tot_1	1359	138.991	68.655	59	57	244	20.462	25.259	20.282	25.445	176.551	4974	7538	45	48	45.616	37.933	71.951	0.548	52.839	188889	123	0.255	-1.563	0.074	4993	7538	1358	1.078	119	0.095	69	122	211	0	0	1	1	0	0	0	0	0	0	0	2.049	1.981	2.233	2.155	182	1554	4.706	2.766
721	estuario2_300_07agosto2013_600ml_tot_1	993	223.514	13.194	227	176	243	17.548	36.305	17.507	36.344	216.936	9346	7543	34	66	60.785	20.800	87.246	0.265	67.469	221949	225	-0.781	0.371	0	9361	7543	993	1.130	108	0.120	214	224	232	0	0	4	4	0	0	0	0	0	0	0	3.457	3.738	4.433	4.635	196	1659	3.761	3.200
722	estuario2_300_07agosto2013_600ml_tot_1	3624	173.007	32.464	160	93	243	65.694	32.703	66.331	32.427	355.505	10184	7554	137	67	155.173	29.736	21.286	0.360	146.185	626978	164	0.648	-0.121	0	10303	7554	3624	1.124	158	0.329	154	163	186	0	0	5	6	0	0	0	0	0	0	0	4.517	4.498	5.358	5.359	404	4107	9.772	1.519
723	estuario2_300_07agosto2013_600ml_tot_1	735	212.429	18.754	209	157	243	23.254	14.644	23.348	14.571	151.338	11792	7573	51	25	48.526	19.285	1.746	0.403	51.478	156135	211	-0.225	-0.446	0	11808	7573	735	1.083	58	0.074	199	210	227	0	0	3	2	0	0	0	0	0	0	0	2.663	2.750	3.197	3.306	148	1001	1.711	2.291
724	estuario2_300_07agosto2013_600ml_tot_1	3273	165.614	61.534	81	77	243	37.373	56.130	37.801	57.707	464.902	9053	7575	117	115	76.788	54.270	108.285	0.190	131.126	542055	176	-0.149	-1.654	0	9105	7575	3273	1.155	241	0.225	97	175	227	0	0	1	1	0	0	0	0	0	0	0	5.337	5.304	3.159	3.195	460	7149	33.611	3.293
725	estuario2_300_07agosto2013_600ml_tot_1	2180	190.543	46.756	226	81	243	40.691	36.136	37.476	38.625	352.818	7500	7605	86	81	94.769	29.289	42.417	0.220	108.301	415383	205	-0.962	-0.256	0	7557	7605	2180	1.176	197	0.146	168	204	226	0	0	1	4	0	0	0	0	0	0	0	4.236	4.018	2.879	3.190	330	3824	10.373	2.748
726	estuario2_300_07agosto2013_600ml_tot_1	828	227.356	13.544	236	170	244	42.715	22.408	43.230	22.206	257.806	6665	7617	93	48	94.189	11.193	24.736	0.157	103.755	188251	231	-1.570	2.944	0.121	6739	7617	827	1.138	117	0.115	221	230	236	0	0	3	4	0	0	0	0	0	0	0	9.025	8.944	11.419	11.370	278	1549	9.203	2.250
727	estuario2_300_07agosto2013_600ml_tot_1	1267	202.039	29.091	241	110	243	57.327	15.462	56.850	15.581	236.350	6146	7632	92	36	61.549	26.210	170.880	0.285	93.381	255983	202	-0.372	-0.584	0	6189	7632	1267	1.101	115	0.101	178	201	228	0	0	3	1	0	0	0	0	0	0	0	5.133	5.165	2.832	2.807	251	1858	3.316	3.333
728	estuario2_300_07agosto2013_600ml_tot_1	5966	165.123	55.934	242	75	245	69.828	74.294	69.750	73.248	826.448	8999	7647	172	166	134.940	56.293	126.116	0.110	187.800	985125	162	0.056	-1.623	0.134	9012	7647	5958	1.220	543	0.360	109	160	223	0	0	3	1	0	0	0	0	0	0	0	6.441	6.370	5.639	5.391	670	13244	86.618	3.964
729	estuario2_300_07agosto2013_600ml_tot_1	2395	179.067	47.904	243	90	245	18.438	41.425	18.254	42.996	275.505	10810	7666	39	96	91.942	33.167	82.634	0.397	98.270	428866	186	-0.215	-1.410	0.167	10828	7666	2391	1.115	153	0.140	131	185	224	0	0	1	1	0	0	0	0	0	0	0	2.981	3.110	2.842	2.970	266	2613	21.440	1.583
730	estuario2_300_07agosto2013_600ml_tot_1	3631	168.080	59.291	242	78	246	58.237	71.929	54.402	72.598	611.612	9264	7680	125	157	75.376	61.334	12.601	0.122	160.031	610298	176	-0.072	-1.732	0.028	9264	7680	3630	1.186	320	0.259	104	175	227	0	0	2	1	0	0	0	0	0	0	0	7.381	7.632	7.224	7.269	560	10001	43.762	1.961
731	estuario2_300_07agosto2013_600ml_tot_1	7568	177.353	51.992	242	50	246	65.538	80.851	66.931	79.984	911.384	8710	7696	123	203	168.789	57.088	115.276	0.114	220.229	1342204	186	-0.578	-0.678	0.092	8730	7696	7561	1.247	633	0.381	138	185	223	0	0	10	1	0	0	0	0	0	0	0	4.689	4.853	6.124	6.273	648	15024	117.517	3.252
732	estuario2_300_07agosto2013_600ml_tot_1	3848	152.666	56.977	83	77	244	25.252	53.242	24.927	58.025	369.203	7359	7706	50	128	113.042	43.342	83.081	0.355	132.185	587460	142	0.219	-1.478	0.026	7386	7706	3847	1.128	196	0.226	94	141	209	0	0	1	1	0	0	0	0	0	0	0	3.215	3.257	3.403	3.410	351	4913	33.194	2.165
733	estuario2_300_07agosto2013_600ml_tot_1	2582	160.477	58.645	243	58	243	26.469	54.916	25.304	52.438	341.446	8862	7726	57	90	79.115	41.554	95.156	0.278	91.782	414352	159	-0.072	-1.395	0	8890	7726	2582	1.156	211	0.135	106	158	219	0	0	1	1	0	0	0	0	0	0	0	2.668	2.951	2.866	3.107	290	3594	27.280	2.834
734	estuario2_300_07agosto2013_600ml_tot_1	3442	169.200	58.818	243	78	249	65.172	96.801	66.864	95.374	561.772	11649	7748	117	143	84.727	51.725	25.773	0.137	148.923	582387	180	-0.119	-1.680	0.261	11744	7748	3433	1.180	321	0.232	105	178	228	0	0	1	1	0	0	0	0	0	0	0	6.501	6.506	4.639	4.631	516	9275	39.622	1.882
735	estuario2_300_07agosto2013_600ml_tot_1	3557	154.348	50.458	112	88	246	51.364	49.668	50.224	48.906	398.458	6928	7752	91	94	111.705	40.544	131.052	0.282	118.562	549016	135	0.502	-1.287	0.028	6940	7752	3556	1.172	218	0.230	109	134	202	0	0	2	2	0	0	0	0	0	0	0	3.065	3.168	3.503	3.641	366	4700	22.602	2.688
736	estuario2_300_07agosto2013_600ml_tot_1	1354	204.846	24.719	205	136	243	35.032	34.874	35.273	34.616	201.137	10992	7752	58	58	64.088	26.900	46.967	0.421	72.471	277362	208	-0.432	-0.577	0	11037	7752	1354	1.099	73	0.108	185	207	223	0	0	2	2	0	0	0	0	0	0	0	3.271	3.066	3.656	3.565	228	1829	1.335	2.144
737	estuario2_300_07agosto2013_600ml_tot_1	3566	154.370	56.628	87	73	244	50.906	31.055	55.157	29.419	422.375	12144	7752	125	56	103.946	43.680	8.144	0.251	125.196	550483	152	0.155	-1.456	0.028	12211	7752	3565	1.180	234	0.192	97	151	208	0	0	1	2	0	0	0	0	0	0	0	3.480	3.556	3.790	3.854	358	4501	18.699	2.209
738	estuario2_300_07agosto2013_600ml_tot_1	1736	165.993	56.909	243	72	243	26.081	30.284	27.503	32.945	234.978	8819	7764	55	75	74.004	29.868	117.881	0.395	80.623	288163	175	-0.252	-1.373	0	8839	7764	1736	1.114	119	0.093	106	174	219	0	0	1	1	0	0	0	0	0	0	0	3.115	3.433	3.043	3.362	256	2296	7.673	3.029
739	estuario2_300_07agosto2013_600ml_tot_1	2114	168.902	46.977	123	69	243	17.175	64.982	17.151	65.052	320.149	11098	7789	31	130	140.886	19.105	83.084	0.259	131.240	357059	162	0.128	-1.312	0	11119	7789	2114	1.137	137	0.127	125	161	215	0	0	4	1	0	0	0	0	0	0	0	5.926	5.876	7.363	7.288	318	2502	8.158	1.826
740	estuario2_300_07agosto2013_600ml_tot_1	1350	235.664	5.626	239	207	246	32.350	16.271	32.208	16.331	212.108	8961	7795	62	35	56.957	30.178	8.810	0.377	62.129	318147	237	-1.252	2.542	1.111	9001	7795	1335	1.153	192	0.270	232	236	239	0	0	2	2	0	0	0	0	0	0	0	2.445	2.473	2.314	2.417	190	1542	30.737	3.714
741	estuario2_300_07agosto2013_600ml_tot_1	819	203.032	39.227	243	102	243	22.755	28.223	21.484	27.918	225.179	13573	7797	48	48	38.802	26.874	152.327	0.203	52.010	166283	216	-1.202	0.258	0	13588	7797	819	1.167	77	0.072	190	215	231	0	0	1	3	0	0	0	0	0	0	0	3.239	3.295	4.080	4.269	188	1523	4.017	2.206
742	estuario2_300_07agosto2013_600ml_tot_1	1294	208.752	29.849	235	120	243	38.671	19.956	38.190	20.156	256.877	9194	7802	70	62	64.599	25.505	147.477	0.246	85.428	270125	219	-1.031	0.268	0	9211	7802	1294	1.142	105	0.112	191	218	231	0	0	2	2	0	0	0	0	0	0	0	4.366	4.216	5.359	5.287	259	2276	5.548	2.202
743	estuario2_300_07agosto2013_600ml_tot_1	2040	174.924	50.820	242	93	245	29.315	34.042	30.712	33.918	291.505	7188	7809	59	69	67.447	38.511	53.460	0.302	79.259	356844	183	-0.167	-1.509	0.294	7244	7809	2034	1.164	205	0.125	120	182	222	0	0	1	1	0	0	0	0	0	0	0	2.523	2.589	2.542	2.579	252	2811	9.713	3.538
744	estuario2_300_07agosto2013_600ml_tot_1	2388	178.573	54.899	240	88	243	56.268	69.762	58.691	69.880	503.286	7979	7831	88	139	57.666	52.726	176.009	0.118	139.129	426432	194	-0.178	-1.705	0	8054	7831	2388	1.177	240	0.200	117	193	233	0	0	1	1	0	0	0	0	0	0	0	7.564	7.757	4.618	4.836	450	6698	26.177	1.844
745	estuario2_300_07agosto2013_600ml_tot_1	2399	178.049	48.617	243	94	246	56.106	51.942	55.760	53.222	432.174	8381	7842	103	88	69.326	44.060	103.336	0.161	105.759	427140	176	-0.018	-1.597	0.083	8421	7842	2397	1.177	216	0.163	130	175	229	0	0	4	1	0	0	0	0	0	0	0	5.058	5.190	3.408	3.519	378	5257	25.602	2.385
746	estuario2_300_07agosto2013_600ml_tot_1	1014	191.555	41.456	238	91	243	25.652	38.085	26.043	37.469	237.037	11418	7846	45	63	45.556	28.340	53.215	0.227	63.530	194237	201	-0.648	-0.668	0	11448	7846	1014	1.154	92	0.069	163	199	227	0	0	2	2	0	0	0	0	0	0	0	3.479	3.539	4.460	4.535	212	1959	3.416	2
747	estuario2_300_07agosto2013_600ml_tot_1	1716	178.145	31.790	160	134	243	21.806	25.554	21.578	25.468	174.794	5082	7848	48	54	49.098	44.500	100.494	0.706	55.317	305697	165	0.783	-0.771	0	5090	7848	1716	1.059	66	0.152	154	164	201	0	0	2	1	0	0	0	0	0	0	0	2.033	1.946	2.122	2.022	200	1833	4.412	1.478
748	estuario2_300_07agosto2013_600ml_tot_1	4509	178.874	54.004	240	54	245	46.101	65.455	43.367	66.265	617.796	9171	7860	95	150	99.243	57.848	124.232	0.148	151.832	806543	194	-0.721	-0.708	0.044	9191	7860	4507	1.212	364	0.242	142	193	224	0	0	2	6	0	0	0	0	0	0	0	4.356	4.577	4.084	4.221	486	8921	38.583	3.333
749	estuario2_300_07agosto2013_600ml_tot_1	5043	181.651	61.772	243	70	254	94.427	67.032	91.137	68.496	655.938	10193	7861	136	110	91.989	69.801	43.451	0.147	140.684	916066	212	-0.528	-1.392	6.286	10294	7861	4726	1.287	603	0.376	108	204	233	0	0	1	1	0	0	0	0	0	0	0	3.905	3.898	4.100	4.134	487	8929	133.052	3.686
750	estuario2_300_07agosto2013_600ml_tot_1	3379	163.031	61.985	243	70	243	54.372	89.471	55.751	86.232	607.879	12074	7870	149	149	78.159	55.045	69.190	0.115	167.720	550881	167	-0.046	-1.704	0	12076	7870	3379	1.172	320	0.218	97	166	226	0	0	1	1	0	0	0	0	0	0	0	8.907	8.921	5.346	5.428	592	10855	36.587	2.542
751	estuario2_300_07agosto2013_600ml_tot_1	1289	228.280	9.821	240	186	243	127.730	28.581	127.788	28.655	589.813	9421	7883	251	52	91.547	17.928	1.716	0.047	251.018	294253	228	-0.407	-0.145	0	9424	7883	1289	1.170	247	0.183	220	227	236	0	0	0	2	0	0	0	0	0	0	0	35.504	35.478	46.855	46.895	601	8088	9.478	1.541
752	estuario2_300_07agosto2013_600ml_tot_1	3973	184.494	44.469	243	80	245	112.725	112.659	110.856	113.485	736.240	11219	7892	169	171	111.156	45.509	44.243	0.092	219.112	732993	192	-0.519	-0.813	0.025	11352	7892	3972	1.212	370	0.219	152	191	223	0	0	2	6	0	0	0	0	0	0	0	9.856	9.648	12.787	12.721	676	14748	31.373	3.184
753	estuario2_300_07agosto2013_600ml_tot_1	947	193.469	35.013	240	119	243	20.166	16.519	20.384	16.482	146.267	9748	7894	47	34	40.746	29.592	162.785	0.556	47.854	183215	199	-0.304	-1.143	0	9756	7894	947	1.056	52	0.063	164	198	224	0	0	1	1	0	0	0	0	0	0	0	2.172	2.283	2.609	2.593	158	1150	1.277	2.583
754	estuario2_300_07agosto2013_600ml_tot_1	2342	144.266	49.076	110	74	243	30.860	34.009	30.908	33.818	204.551	11193	7896	55	59	62.233	47.915	51.286	0.703	66.483	337872.000	121	0.801	-0.814	0	11226	7896	2342	1.061	83	0.166	106	120	183	0	0	3	1	0	0	0	0	0	0	0	1.840	1.768	1.906	1.852	224	2472	2.621	1.556
755	estuario2_300_07agosto2013_600ml_tot_1	782	207.194	20.554	243	162	243	18.945	18.606	18.874	18.679	123.095	11001	7912	38	37	41.373	24.066	44.617	0.649	42.059	162026	206	0.169	-1.182	0	11022	7912	782	1.039	52	0.073	188	205	224	0	0	2	1	0	0	0	0	0	0	0	2.277	2.399	2.530	2.725	146	874	2.593	1.957
756	estuario2_300_07agosto2013_600ml_tot_1	863	209.797	30.707	241	125	244	27.085	21.492	27.922	21.177	196.794	2643	7930	56	42	50.351	21.823	32.369	0.280	58.822	181055	218	-1.111	0.263	0.116	2685	7930	862	1.127	83	0.081	195	217	233	0	0	2	2	0	0	0	0	0	0	0	3.504	3.621	3.758	4.041	192	1286	5.846	2.667
757	estuario2_300_07agosto2013_600ml_tot_1	2163	194.721	41.880	242	107	244	36.396	30.963	35.309	30.081	260.919	1205	7934	68	60	70.808	38.894	143.702	0.399	79.209	421181.000	208	-0.627	-0.954	0.092	1210	7934	2161	1.121	211	0.158	160	206	231	0	0	1	1	0	0	0	0	0	0	0	2.342	2.582	2.439	2.695	252	2558	30.745	1.878
758	estuario2_300_07agosto2013_600ml_tot_1	668	233.422	7.509	241	207	247	14.108	24.257	14.049	24.421	139.924	7657	7941	27	46	47.517	17.899	68.372	0.429	49.041	155926	235	-0.925	0.598	1.198	7674	7941	660	1.068	90	0.116	228	234	238	0	0	2	1	0	0	0	0	0	0	0	2.811	2.805	3.012	3.125	142	790	5.205	1.688
759	estuario2_300_07agosto2013_600ml_tot_1	14136	169.042	56.773	243	60	255	117.350	75.346	117.328	76.172	1493.163	6703	7949	244	199	157.339	114.393	173.958	0.080	246.641	2389576	178	-0.185	-1.472	2.278	6822	7949	13814	1.293	1317	0.691	111	174	221	0	0	4	7	0	0	0	0	0	0	0	4.228	4.565	4.852	4.913	882	30184	194.089	4.784
760	estuario2_300_07agosto2013_600ml_tot_1	1750	165.411	57.428	241	63	243	22.823	29.775	23.073	31.710	225.865	7609	7978	46	75	63.703	34.978	84.871	0.431	75.027	289469	172	-0.184	-1.407	0	7629	7978	1750	1.107	149	0.092	108	171	221	0	0	1	1	0	0	0	0	0	0	0	2.775	3.010	2.730	2.956	237	2266	4.784	2.735
761	estuario2_300_07agosto2013_600ml_tot_1	1918	162.811	48.256	127	85	243	67.640	17.383	67.165	17.497	320.208	12985	8004	136	35	152.616	16.001	9.598	0.235	138.463	312271	147	0.363	-1.301	0	13112	8004	1918	1.141	133	0.113	123	146	210	0	0	2	1	0	0	0	0	0	0	0	7.225	7.200	9.239	9.198	338	2247	6.021	1.923
762	estuario2_300_07agosto2013_600ml_tot_1	1950	122.397	72.719	42	40	243	26.098	32.923	26.199	32.431	224.291	14003	8017	58	69	72.121	34.426	52.637	0.487	78.243	238675	95	0.453	-1.413	0	14046	8017	1950	1.109	92	0.122	54	94	197	0	0	1	1	0	0	0	0	0	0	0	2.835	2.706	3.108	2.907	250	2364	4.794	3.417
763	estuario2_300_07agosto2013_600ml_tot_1	2822	168.145	55.260	241	86	245	38.926	36.083	40.062	37.836	352.032	8990	8018	72	79	80.979	44.370	47.187	0.286	97.201	474506	175	-0.041	-1.642	0.071	9040	8018	2820	1.171	203	0.183	108	174	224	0	0	1	1	0	0	0	0	0	0	0	2.591	2.654	3.060	3.123	298	3858	13.594	3.240
764	estuario2_300_07agosto2013_600ml_tot_1	800	199.701	29.060	242	127	243	16.675	18.214	16.601	18.286	132.510	7337	8035	33	39	38.028	26.785	68.748	0.573	41.110	159761	203	-0.349	-0.795	0	7362	8035	800	1.051	56	0.060	178	202	223	0	0	2	2	0	0	0	0	0	0	0	2.071	2.058	2.164	2.146	140	948	0.548	1.714
765	estuario2_300_07agosto2013_600ml_tot_1	37125	238.150	33.350	253	72	255	112.890	158.974	112.786	164.858	1422.001	3379	8044	227	325	287.361	164.493	85.832	0.231	348.673	8841309	252	-2.898	8.215	73.519	3418	8044	9831.000	1.262	1203	0.859	168	220	234	0	0	5	5	0	0	0	0	0	0	0	2.774	2.876	5.027	5.419	1100	52921	162.484	5.404
766	estuario2_300_07agosto2013_600ml_tot_1	1777	163.677	57.542	243	72	243	43.788	27.708	41.200	29.644	263.605	9269	8044	75	63	77.289	29.274	35.400	0.321	85.633	290854	172	-0.149	-1.448	0	9323	8044	1777	1.128	144	0.097	103	171	218	0	0	1	1	0	0	0	0	0	0	0	3.357	3.729	3.422	3.810	272	2697	9.922	2.826
767	estuario2_300_07agosto2013_600ml_tot_1	2299	149.385	59.806	88	70	243	77.701	18.928	77.354	18.931	375.990	8178	8081	149	43	115.380	25.370	0.493	0.204	149.272	343435	131	0.317	-1.535	0	8249	8081	2299	1.160	146	0.147	92	130	213	0	0	5	1	0	0	0	0	0	0	0	7.087	6.777	8.995	8.716	380	4541	7.174	2.111
768	estuario2_300_07agosto2013_600ml_tot_1	3239	169.947	56.985	243	79	243	56.967	91.416	59.567	89.777	572.323	7957	8096	135	138	74.261	55.534	38.329	0.124	163.371	550457	174	-0.054	-1.706	0	8003	8096	3239	1.178	233	0.226	109	173	228	0	0	1	1	0	0	0	0	0	0	0	7.700	7.890	6.580	6.735	542	9989	31.686	1.944
769	estuario2_300_07agosto2013_600ml_tot_1	1493	165.609	53.485	241	81	243	19.404	32.828	19.460	33.284	183.279	5837	8127	39	62	54.246	35.043	87.569	0.559	62.032	247254	168	-0.106	-1.397	0	5855	8127	1493	1.079	110	0.080	114	167	215	0	0	1	1	0	0	0	0	0	0	0	2.373	2.408	2.131	2.174	198	1690	3.574	2.008
770	estuario2_300_07agosto2013_600ml_tot_1	2687	174.478	52.646	243	86	243	52.567	76.562	53.821	74.807	454.642	9721	8139	102	111	76.884	44.498	40.419	0.163	121.742	468822	178	-0.052	-1.661	0	9770	8139	2687	1.180	199	0.187	119	177	228	0	0	2	1	0	0	0	0	0	0	0	5.577	5.560	5.042	5.180	422	6112	34.453	2.262
771	estuario2_300_07agosto2013_600ml_tot_1	1853	173.230	55.864	242	58	243	23.253	35.844	24.068	37.515	241.321	7670	8140	44	79	73.548	32.079	111.103	0.400	83.672	320996	185	-0.578	-0.928	0	7679	8140	1853	1.118	145	0.095	129	184	222	0	0	1	1	0	0	0	0	0	0	0	2.858	3.006	2.760	2.952	242	2270	5.302	2.236
772	estuario2_300_07agosto2013_600ml_tot_1	3517	162.227	56.931	243	56	244	69.588	22.591	73.134	24.542	411.630	7371	8144	150	69	124.031	36.104	167.286	0.261	160.256	570554	171	-0.145	-1.450	0.028	7430	8144	3516	1.155	222	0.178	101	170	213	0	0	1	2	0	0	0	0	0	0	0	5.118	4.988	6.182	6.106	434	5702	19.820	2.429
773	estuario2_300_07agosto2013_600ml_tot_1	679	196.779	23.872	178	155	243	18.563	12.597	18.620	12.573	105.054	9154	8144	37	25	36.052	23.980	179.963	0.773	37.855	133613	188	0.564	-1.020	0	9168	8144	679	1.003	20	0.068	176	187	216	0	0	2	1	0	0	0	0	0	0	0	1.954	1.965	1.816	1.859	120	707	0.394	2.128
774	estuario2_300_07agosto2013_600ml_tot_1	3143	170.518	55.347	243	52	246	41.350	70.181	43.836	65.899	431.044	14344	8159	87	119	113.054	35.397	62.945	0.213	132.970	535939	180	-0.523	-0.912	0.032	14420	8159	3142	1.176	230	0.148	128	179	218	0	0	1	3	0	0	0	0	0	0	0	4.212	4.561	3.183	3.425	408	5733	15.413	3.822
775	estuario2_300_07agosto2013_600ml_tot_1	3300	175.445	48.802	243	87	243	67.567	78.418	67.628	76.642	544.482	9802	8161	131	141	80.477	52.210	82.352	0.140	149	578969	171	-0.007	-1.546	0	9802	8161	3300	1.170	260	0.203	129	170	226	0	0	2	1	0	0	0	0	0	0	0	7.513	7.480	4.793	4.818	540	8479	32.404	1.852
776	estuario2_300_07agosto2013_600ml_tot_1	755	233.117	8.633	243	206	248	23.287	17.934	23.212	18.025	194.108	1867	8173	48	43	49.335	19.485	39.577	0.252	57.489	176003	235	-0.869	-0.008	2.119	1888	8173	739	1.140	155	0.125	227	234	239	0	0	2	2	0	0	0	0	0	0	0	3.430	3.522	3.531	3.691	178	1184	22.949	1.953
777	estuario2_300_07agosto2013_600ml_tot_1	2757	187.672	40.329	194	65	243	35.109	35.459	36.301	34.654	275.563	13655	8176	71	66	63.485	55.294	170.111	0.456	81.633	517411	195	-1.094	0.895	0	13676	8176	2757	1.111	137	0.167	168	194	215	0	0	4	4	0	0	0	0	0	0	0	2.108	2.318	2.310	2.336	270	3638	3.489	1.581
778	estuario2_300_07agosto2013_600ml_tot_1	3272	170.131	59.523	243	84	246	71.591	57.423	68.777	58.619	594.624	8426	8178	133	148	73.666	56.553	23.961	0.116	160.462	556670	180	-0.097	-1.754	0.244	8427	8178	3264	1.187	339	0.250	105	179	230	0	0	1	1	0	0	0	0	0	0	0	8.090	8.468	5.535	5.688	558	9939	40.448	2.010
779	estuario2_300_07agosto2013_600ml_tot_1	11306	171.777	54.952	243	46	245	104.480	77.879	108.760	77.984	1503.305	9247	8184	262	151	175.620	81.968	6.235	0.063	267.110	1942115	178	-0.360	-1.098	0.044	9343	8184	11301	1.276	947	0.579	124	177	224	0	0	6	6	0	0	0	0	0	0	0	5.004	5.140	3.974	3.937	822	27703	155.442	4.346
780	estuario2_300_07agosto2013_600ml_tot_1	1211	158.529	47.295	124	82	243	17.949	25.582	18.191	25.834	147.681	7207	8185	39	47	45.447	33.927	98.550	0.698	47.854	191979.000	142	0.482	-1.168	0	7226	8185	1211	1.044	38	0.077	119	141	202	0	0	2	1	0	0	0	0	0	0	0	1.924	2.085	1.959	2.137	168	1279	2.512	2.022
781	estuario2_300_07agosto2013_600ml_tot_1	2866	178.921	49.020	242	101	243	66.185	59.630	66.316	61.311	543.571	2865	8210	143	107	73.535	49.624	97.839	0.122	144.007	512788	179	-0.021	-1.658	0	2920	8210	2866	1.167	246	0.214	128	178	230	0	0	1	1	0	0	0	0	0	0	0	7.538	7.789	4.082	4.176	496	7998	52.237	1.797
782	estuario2_300_07agosto2013_600ml_tot_1	10096	161.207	53.006	243	66	246	105.305	160.059	104.990	156.465	1474.594	8383	8250	229	324	189.874	67.701	126.911	0.058	389.416	1627549.000	149	0.209	-1.421	0.010	8388	8250	10095	1.250	684	0.554	109	148	218	0	0	7	5	0	0	0	0	0	0	0	10.475	10.431	9.556	9.454	1102	36534	125.372	6.068
783	estuario2_300_07agosto2013_600ml_tot_1	891	209.351	28.183	242	127	246	23.796	15.189	23.787	15.078	141.924	7527	8258	47	32	41.565	27.294	160.271	0.556	49.980	186532	217	-0.834	-0.203	0.786	7552	8258	884	1.058	76	0.077	193	215	232	0	0	1	1	0	0	0	0	0	0	0	2.365	2.425	2.312	2.408	154	1012	3.652	3.720
784	estuario2_300_07agosto2013_600ml_tot_1	1020	231.561	9.913	243	197	247	23.618	27.233	23.543	27.193	293.990	5181	8263	52	48	44.632	29.098	39.753	0.148	58.669	236192	234	-0.947	0.242	0.784	5201	8263	1012	1.220	181	0.161	225	233	238	0	0	3	2	0	0	0	0	0	0	0	2.958	2.896	1.901	2.016	196	1716	42.606	2.750
785	estuario2_300_07agosto2013_600ml_tot_1	1493	113.289	71.265	49	43	243	24.234	26.211	24.368	26.225	160.794	13687	8266	46	51	47.473	40.042	109.545	0.726	53.160	169141	79	0.673	-1.160	0	13706	8266	1493	1.051	81	0.146	49	78	180	0	0	1	1	0	0	0	0	0	0	0	2.095	2.129	2.166	2.198	190	1571	2.438	1.760
786	estuario2_300_07agosto2013_600ml_tot_1	1569	168.136	58.314	242	54	244	22.669	40.650	24.096	39.640	243.907	10677	8273	53	66	55.434	36.037	71.138	0.331	67.268	263805	180	-0.413	-1.208	0.064	10705	8273	1568	1.126	116	0.082	112	179	221	0	0	1	1	0	0	0	0	0	0	0	2.772	2.952	2.532	2.741	234	2353	3.740	2.600
787	estuario2_300_07agosto2013_600ml_tot_1	3662	175.227	52.446	242	88	246	44.429	41.357	45.125	41.084	496.742	5547	8276	120	118	104.733	44.519	37.495	0.186	136.858	641680	190	-0.236	-1.535	0.055	5632	8276	3660	1.175	296	0.227	117	189	223	0	0	1	1	0	0	0	0	0	0	0	5.145	5.111	5.334	5.340	472	7636	33.700	2.795
788	estuario2_300_07agosto2013_600ml_tot_1	6643	157.752	63.421	242	44	255	73.672	69.973	73.093	70.708	775.602	8100	8283	157	161	126.375	66.929	124.601	0.139	179.636	1047944	162	-0.133	-1.334	2.529	8143	8283	6475	1.212	424	0.297	97	158	217	0	0	4	4	0	0	0	0	0	0	0	5.023	4.921	5.679	5.502	632	17608	67.118	2.864
789	estuario2_300_07agosto2013_600ml_tot_1	2169	207.005	30.420	242	114	244	70.687	43.463	70.533	44.244	589.352	7067	8288	120	97	68.741	40.175	153.195	0.078	127.812	448994	216	-0.994	0.082	0.046	7130	8288	2168	1.261	284	0.179	191	215	230	0	0	1	4	0	0	0	0	0	0	0	7.294	7.013	9.003	8.798	430	5978	14.418	2.357
790	estuario2_300_07agosto2013_600ml_tot_1	3691	163.954	62.755	243	72	243	65.263	67.281	70.561	68.210	676.950	9608	8294	148	159	79.435	59.162	169.802	0.101	167.631	605154	173	-0.090	-1.699	0	9749	8294	3691	1.198	333	0.245	96	172	228	0	0	1	2	0	0	0	0	0	0	0	8.530	8.640	5.605	5.746	610	11950	54.982	2.109
791	estuario2_300_07agosto2013_600ml_tot_1	1537	168.660	55.569	238	52	243	25.937	21.830	27.555	21.919	233.279	12832	8318	67	41	59.188	33.064	161.461	0.355	71.169	259230	170	-0.253	-1.220	0	12844	8318	1537	1.126	132	0.080	124	169	223	0	0	1	1	0	0	0	0	0	0	0	2.452	2.615	2.865	3.162	212	2039	2.803	3.160
792	estuario2_300_07agosto2013_600ml_tot_1	9179	169.746	53.953	243	45	248	152.447	59.561	155.569	61.881	1405.658	7403	8320	383	182	169.244	69.054	12.800	0.058	385.296	1558103	168	-0.213	-1.126	0.349	7584	8320	9147	1.246	787	0.466	126	166	222	0	0	10	7	0	0	0	0	0	0	0	13.420	13.059	12.932	12.822	1125	39335	169.981	3.489
793	estuario2_300_07agosto2013_600ml_tot_1	10614	119.632	72.995	50	42	243	61.464	228.036	60.933	228.695	1146.639	10415	8324	92	455	364.772	37.048	82.717	0.101	459.071	1269769	86	0.528	-1.371	0	10481	8324	10614	1.188	684	0.867	52	85	195	0	0	8	1	0	0	0	0	0	0	0	14.409	13.851	18.802	18.210	1090	19912	140.264	1.446
794	estuario2_300_07agosto2013_600ml_tot_1	6105	175.832	56.374	243	76	254	46.702	134.376	46.025	133.364	1094.756	10655	8362	168	250	115.479	67.312	71.839	0.064	252.723	1073453	189	-0.209	-1.589	1.507	10690	8362	6013	1.234	592	0.407	116	185	231	0	0	4	3	0	0	0	0	0	0	0	10.082	10.141	3.722	3.776	831	20931	140.573	3.960
795	estuario2_300_07agosto2013_600ml_tot_1	918	208.788	35.830	243	98	243	32.495	22.961	34.031	22.949	236.652	9013	8370	88	32	74.395	15.711	170.758	0.206	88.527	191667	219	-1.675	1.992	0	9020	8370	918	1.115	107	0.089	204	218	232	0	0	1	2	0	0	0	0	0	0	0	6.191	6.437	7.711	8.073	236	1716	3.840	2.898
796	estuario2_300_07agosto2013_600ml_tot_1	964	189.643	48.985	241	83	243	29.083	41.900	28.632	41.038	243.321	13305	8370	48	79	48.245	25.441	71.568	0.205	82.280	182816	207	-0.611	-1.013	0	13324	8370	964	1.123	103	0.075	145	206	233	0	0	2	1	0	0	0	0	0	0	0	5.733	5.714	3.044	3.130	250	2032	5.757	2.941
797	estuario2_300_07agosto2013_600ml_tot_1	2170	171.577	48.408	243	95	243	47.478	44.728	47.250	44.076	344.718	9518	8382	72	94	81.279	33.993	111.997	0.229	96.897	372323.000	160	0.188	-1.522	0	9583	8382	2170	1.145	144	0.142	125	159	223	0	0	3	1	0	0	0	0	0	0	0	4.338	4.518	3.680	3.779	327	3847	25.140	2.547
798	estuario2_300_07agosto2013_600ml_tot_1	8196	168.709	57.517	243	59	250	100.777	78.110	102.402	80.168	1347.055	8787	8396	230	208	150.001	69.569	153.114	0.057	249.882	1382736	169	-0.116	-1.524	0.403	8842	8396	8163	1.255	749	0.472	115	167	228	0	0	6	3	0	0	0	0	0	0	0	7.762	7.848	4.179	4.038	872	33115	196.312	4.291
799	estuario2_300_07agosto2013_600ml_tot_1	3645	169.579	56.347	242	81	248	75.495	73.090	72.749	77.048	711.418	6711	8419	129	136	104.463	44.427	52.679	0.091	154.829	618116	180	-0.147	-1.587	0.302	6803	8419	3634	1.240	395	0.224	106	179	224	0	0	1	3	0	0	0	0	0	0	0	6.205	6.228	3.899	3.956	525	9955	33.763	2.053
800	estuario2_300_07agosto2013_600ml_tot_1	1503	153.780	43.976	118	86	243	29.107	27.112	29.125	26.679	164.409	10603	8420	52	47	44.726	42.787	11.529	0.699	53.852	231131	135	0.763	-0.791	0	10635	8420	1503	1.055	63	0.103	119	134	187	0	0	2	1	0	0	0	0	0	0	0	2.051	2.172	2.108	2.103	193	1646	0.624	2.088
801	estuario2_300_07agosto2013_600ml_tot_1	5982	176.181	44.121	242	76	245	123.752	88.766	129.104	84.282	749.786	13099	8444	253	210	284.432	26.778	41.641	0.134	322.343	1053916	178	-0.032	-1.398	0.134	13337	8444	5974	1.203	356	0.323	132	177	217	0	0	5	4	0	0	0	0	0	0	0	12.553	12.542	16.493	16.488	922	10611	33.357	2.459
802	estuario2_300_07agosto2013_600ml_tot_1	1406	203.824	20.345	188	167	243	45.864	10.499	45.670	10.460	222.167	7438	8491	94	21	96.469	18.557	177.339	0.358	94.085	286576	201	0.316	-0.956	0	7445	8491	1406	1.122	92	0.127	186	200	219	0	0	2	2	0	0	0	0	0	0	0	4.549	4.546	4.544	4.533	226	1571	2.005	1.308
803	estuario2_300_07agosto2013_600ml_tot_1	2740	177.650	49.511	243	101	251	59.827	35.420	61.412	36.384	419.831	4920	8506	101	98	75.806	46.021	175.633	0.195	110.136	486761	179	5.583E-4	-1.682	0.949	4993	8506	2714	1.179	256	0.200	126	176	228	0	0	2	1	0	0	0	0	0	0	0	4.699	4.687	3.878	3.982	394	5519	42.961	2.200
804	estuario2_300_07agosto2013_600ml_tot_1	2081	148.398	56.784	82	77	243	36.678	29.691	38.901	28.837	269.078	14141	8518	91	49	71.603	37.004	176.105	0.361	91.137	308816	135	0.348	-1.395	0	14196	8518	2081	1.120	126	0.127	93	134	203	0	0	1	1	0	0	0	0	0	0	0	3.401	3.453	3.637	3.683	276	2886	4.919	1.990
805	estuario2_300_07agosto2013_600ml_tot_1	1935	170.529	56.383	242	59	243	31.403	46.576	30.013	44.520	277.664	9221	8525	57	79	69.010	35.701	110.209	0.315	82.765	329974	180	-0.372	-1.249	0	9240	8525	1935	1.127	162	0.106	116	179	223	0	0	1	1	0	0	0	0	0	0	0	2.983	3.334	2.986	3.265	268	3032	7.598	2.355
806	estuario2_300_07agosto2013_600ml_tot_1	3501	172.981	55.997	243	81	246	69.507	41.457	69.596	41.191	587.980	6772	8529	129	85	92.770	48.050	165.637	0.127	130.541	605608	190	-0.190	-1.638	0.314	6899	8529	3490	1.258	405	0.232	109	188	227	0	0	3	1	0	0	0	0	0	0	0	4.390	4.439	4.575	4.643	424	6802	47.790	2.548
807	estuario2_300_07agosto2013_600ml_tot_1	1377	173.256	51.069	240	65	245	37.302	18.669	35.870	18.394	193.966	6090	8553	61	38	53.978	32.481	169.785	0.460	62.626	238574	182	-0.324	-1.174	0.290	6128	8553	1373	1.094	92	0.070	129	180	218	0	0	1	1	0	0	0	0	0	0	0	2.399	2.512	2.441	2.608	193	1558	3.396	3.141
808	estuario2_300_07agosto2013_600ml_tot_1	1519	166.334	53.618	243	66	244	25.349	27.394	26.603	28.452	243.463	7200	8558	58	58	53.224	36.338	123.704	0.322	68.118	252662	170	-0.158	-1.282	0.066	7228	8558	1518	1.139	155	0.074	120	169	217	0	0	1	1	0	0	0	0	0	0	0	2.697	2.913	2.919	3.118	228	2183	4.203	2.242
809	estuario2_300_07agosto2013_600ml_tot_1	1252	224.944	7.527	220	207	243	23.542	23.368	23.627	23.315	145.924	7606	8586	44	46	44.929	35.480	51.868	0.739	47.127	281630	223	0.659	-0.372	0	7630	8586	1252	1.045	49	0.211	218	222	229	0	0	2	2	0	0	0	0	0	0	0	2.081	2.187	2.443	2.551	176	1378	1.828	1.529
810	estuario2_300_07agosto2013_600ml_tot_1	1385	155.202	56.789	241	63	245	22.429	22.089	23.220	22.755	158.409	7403	8598	48	43	44.484	39.642	151.724	0.694	52.393	214955	152	0.097	-1.405	0.217	7425	8598	1382	1.058	72	0.070	99	151	209	0	0	1	1	0	0	0	0	0	0	0	2.014	2.013	1.771	1.834	178	1485	1.695	2
811	estuario2_300_07agosto2013_600ml_tot_1	1624	148.670	51.976	98	74	243	27.341	26.263	27.175	26.977	177.238	6688	8607	50	48	47.356	43.664	52.557	0.650	52.802	241440.000	130	0.535	-1.181	0	6719	8607	1624	1.063	122	0.093	103	128	195	0	0	2	1	0	0	0	0	0	0	0	1.981	1.938	1.966	1.894	192	1785	2.573	2.047
812	estuario2_300_07agosto2013_600ml_tot_1	2271	178.307	50.204	243	104	250	27.609	37.773	27.858	39.675	233.563	2354	8609	56	74	84.312	34.296	120.516	0.523	86.023	404936	183	-0.060	-1.665	1.277	2364	8609	2242	1.139	202	0.174	122	180	229	0	0	1	1	0	0	0	0	0	0	0	2.556	2.586	3.024	3.063	256	2424	21.497	2.168
813	estuario2_300_07agosto2013_600ml_tot_1	12090	185.299	50.553	242	49	255	72.965	77.002	73.954	78.605	1124.362	11073	8610	188	173	141.307	108.936	84.101	0.120	221.326	2240267	193	-0.468	-0.811	9.818	11163	8610	10903	1.290	939	0.543	141	183	221	0	0	9	6	0	0	0	0	0	0	0	3.276	3.412	4.555	4.616	718	23763	167.849	3.526
814	estuario2_300_07agosto2013_600ml_tot_1	7281	162.684	54.627	243	55	249	68.063	85.087	68.944	87.054	763.661	8954	8617	153	158	143.033	64.814	132.203	0.157	179.025	1184501	159	0.026	-1.401	0.893	9041	8617	7216	1.212	663	0.330	113	158	215	0	0	4	2	0	0	0	0	0	0	0	4.191	4.416	2.261	2.305	618	14974	91.315	3.709
815	estuario2_300_07agosto2013_600ml_tot_1	11241	178.314	52.010	242	67	244	141.819	111.900	141.223	113.336	1616.660	8125	8630	282	274	208.592	68.615	144.250	0.054	345.701	2004433	193	-0.482	-1.188	0.036	8285	8630	11237	1.247	795	0.611	127	192	224	0	0	2	5	0	0	0	0	0	0	0	9.234	9.406	9.021	9.083	1108	44046	179.625	4.580
816	estuario2_300_07agosto2013_600ml_tot_1	2643	168.870	55.726	242	85	244	57.498	45.398	59.121	45.701	423.973	10267	8644	98	89	76.368	44.065	23.426	0.185	103.276	446324.000	178	-0.042	-1.686	0.076	10341	8644	2641	1.190	221	0.182	108	177	225	0	0	3	1	0	0	0	0	0	0	0	4.280	4.497	4.453	4.613	369	5089	10.926	2.174
817	estuario2_300_07agosto2013_600ml_tot_1	3448	148.937	59.456	75	66	244	45.907	32.176	50.299	33.037	367.747	13775	8644	113	66	104.548	41.991	153.236	0.320	123.891	513536	148	0.128	-1.476	0.029	13789	8644	3447	1.153	166	0.175	87	147	203	0	0	1	2	0	0	0	0	0	0	0	3.349	3.376	3.479	3.489	353	4168	12.188	2.217
818	estuario2_300_07agosto2013_600ml_tot_1	3113	163.418	63.537	241	67	243	71.729	83.455	75.982	83.159	582.014	13208	8650	132	160	73.613	53.844	5.870	0.115	161.124	508721.000	172	-0.075	-1.734	0	13336	8650	3113	1.173	292	0.213	95	171	227	0	0	1	1	0	0	0	0	0	0	0	9.290	9.336	7.579	7.589	579	10255	22.519	2.762
819	estuario2_300_07agosto2013_600ml_tot_1	2231	185.162	46.956	239	98	243	52.506	71.067	54.256	70.735	465.203	5982	8656	92	134	55.840	50.871	0.019	0.130	137.317	413097	192	-0.138	-1.631	0	6044	8656	2231	1.166	209	0.182	136	191	232	0	0	2	1	0	0	0	0	0	0	0	7.971	8.021	4.020	4.171	448	6271	17.089	1.557
820	estuario2_300_07agosto2013_600ml_tot_1	1031	176.666	37.150	150	105	243	18.239	20.536	18.438	20.597	136.853	6758	8661	39	42	43.101	30.457	51.477	0.692	47.011	182143	163	0.425	-1.114	0	6770	8661	1031	1.044	40	0.076	147	162	210	0	0	2	1	0	0	0	0	0	0	0	1.971	2.039	2.089	2.179	158	1125	0.997	1.951
821	estuario2_300_07agosto2013_600ml_tot_1	1799	203.250	29.689	241	131	244	20.349	30.598	20.338	31.358	282.777	9768	8663	46	72	62.914	36.408	89.112	0.283	72.993	365647	208	-0.511	-0.760	0.111	9796	8663	1797	1.151	169	0.138	182	207	228	0	0	3	1	0	0	0	0	0	0	0	2.553	2.567	2.200	2.208	232	2543	8.944	1.698
822	estuario2_300_07agosto2013_600ml_tot_1	3451	148.161	54.207	88	73	245	55.064	23.741	56.505	24.240	358.475	10827	8689	119	46	114.073	38.519	2.547	0.337	119.821	511303.000	134	0.433	-1.289	0.029	10902	8689	3450	1.150	183	0.204	97	133	198	0	0	3	3	0	0	0	0	0	0	0	3.176	3.215	3.353	3.406	326	4145	10.722	1.771
823	estuario2_300_07agosto2013_600ml_tot_1	2438	159.891	51.740	115	73	243	84.207	27.431	82.915	27.825	387.563	6255	8706	166	54	188.184	16.495	15.097	0.204	171.231	389814	144	0.304	-1.404	0	6413	8706	2438	1.158	163	0.142	114	143	213	0	0	3	1	0	0	0	0	0	0	0	8.810	8.849	11.141	11.180	436	2749	8.877	1.412
824	estuario2_300_07agosto2013_600ml_tot_1	1033	230.621	12.304	243	179	248	39.900	17.402	39.715	17.395	301.161	12607	8710	80	36	67.008	19.628	2.655	0.143	81.394	238232	234	-1.522	2.402	1.936	12630	8710	1013	1.200	208	0.158	224	233	238	0	0	3	2	0	0	0	0	0	0	0	4.841	4.880	5.726	5.776	227	1883	39.908	2.667
825	estuario2_300_07agosto2013_600ml_tot_1	1371	167.735	49.772	243	65	243	30.108	18.310	29.658	17.340	171.238	12732	8724	57	40	50.387	34.644	160.196	0.588	58.249	229965	170	-0.251	-1.029	0	12742	8724	1371	1.073	68	0.063	127	169	209	0	0	2	2	0	0	0	0	0	0	0	2.247	2.314	2.571	2.730	190	1588	2.088	3.163
826	estuario2_300_07agosto2013_600ml_tot_1	4767	172.553	53.010	237	81	244	90.743	102.792	93.180	101.387	912.958	12118	8741	213	157	122.685	49.473	3.374	0.072	216.363	822561	165	0.031	-1.660	0.021	12155	8741	4766	1.216	429	0.325	121	164	229	0	0	3	2	0	0	0	0	0	0	0	9.643	9.876	6.580	6.635	736	20421	59.354	3.785
827	estuario2_300_07agosto2013_600ml_tot_1	8393	161.476	46.934	127	63	245	76.194	144.476	76.539	143.874	926.171	8529	8753	147	296	181.914	58.744	81.016	0.123	299.708	1355272.000	144	0.362	-1.188	0.024	8580	8753	8391	1.197	463	0.499	123	143	206	0	0	7	2	0	0	0	0	0	0	0	8.535	8.531	11.094	11.099	882	23793	80.758	3.140
828	estuario2_300_07agosto2013_600ml_tot_1	7583	174.421	55.870	242	72	246	105.045	97.637	108.364	96.383	1442.185	10331	8765	214	164	142.441	67.782	14.049	0.046	238.193	1322636	185	-0.209	-1.549	0.066	10540	8765	7578	1.306	785	0.482	118	184	229	0	0	5	3	0	0	0	0	0	0	0	6.141	6.237	4.807	4.923	752	24948	160.875	2.786
829	estuario2_300_07agosto2013_600ml_tot_1	2569	158.545	57.057	242	69	243	38.170	70.317	38.145	70.563	372.659	7780	8815	75	141	167.970	19.473	65.451	0.232	152.846	407301	153	0.106	-1.529	0	7843	8815	2569	1.161	186	0.141	100	152	216	0	0	3	1	0	0	0	0	0	0	0	6.968	6.985	8.848	8.883	428	3083	13.825	1.612
830	estuario2_300_07agosto2013_600ml_tot_1	1839	169.556	54.439	243	61	245	27.697	27.156	29.436	27.546	253.948	8073	8832	70	55	63.111	37.101	154.831	0.358	78.645	311813	177	-0.287	-1.275	0.109	8084	8832	1837	1.125	156	0.095	117	176	219	0	0	1	1	0	0	0	0	0	0	0	2.592	2.862	2.766	3.007	246	2666	13.189	4.117
831	estuario2_300_07agosto2013_600ml_tot_1	875	201.947	26.032	243	139	243	23.082	15.518	23.453	15.484	152.267	10845	8851	51	30	39.568	28.156	179.073	0.474	51.788	176704	202	-0.139	-1.020	0	10866	8851	875	1.058	68	0.067	180	201	225	0	0	1	1	0	0	0	0	0	0	0	2.569	2.711	1.937	2.046	158	1062	2.764	1.772
832	estuario2_300_07agosto2013_600ml_tot_1	2203	173.078	42.746	142	86	243	67.666	49.820	68.452	49.431	376.073	8831	8855	145	90	166.918	16.804	29.507	0.196	167.726	381290	159	0.320	-1.342	0	8974	8855	2203	1.160	151	0.145	135	158	216	0	0	7	1	0	0	0	0	0	0	0	9.255	9.300	9.242	9.260	466	2582	6.061	1.598
833	estuario2_300_07agosto2013_600ml_tot_1	888	147.294	68.110	56	54	243	18.474	19.909	18.332	19.805	129.439	6189	8869	37	40	40.132	28.173	129.176	0.666	46.141	130797.000	146	0.015	-1.579	0	6195	8869	888	1.041	54	0.052	75	145	216	0	0	1	1	0	0	0	0	0	0	0	2.129	2.163	2.243	2.264	150	996	0.489	3.947
834	estuario2_300_07agosto2013_600ml_tot_1	6952	171.588	54.837	243	77	247	70.427	90.239	72.559	90.157	1127.776	7349	8872	159	177	127.102	69.641	65.626	0.069	226.296	1192882	175	-0.126	-1.555	0.086	7488	8872	6946	1.255	627	0.408	117	174	227	0	0	4	2	0	0	0	0	0	0	0	5.149	5.207	5.789	5.869	668	20171	111.899	3.347
835	estuario2_300_07agosto2013_600ml_tot_1	1421	170.740	54.446	241	54	243	32.229	28.428	30.779	27.313	244.978	12409	8884	57	54	56.001	32.308	134.526	0.298	68.768	242622	175	-0.364	-1.113	0	12410	8884	1421	1.142	157	0.072	127	174	220	0	0	1	1	0	0	0	0	0	0	0	2.702	2.874	2.843	3.022	218	1916	5.172	2.052
836	estuario2_300_07agosto2013_600ml_tot_1	1954	188.969	32.292	176	106	243	23.100	63.054	23.291	61.975	275.463	14258	8906	41	106	95.267	26.115	77.325	0.324	107.280	369245	187	-0.093	-0.798	0	14286	8906	1954	1.132	121	0.128	165	186	215	0	0	3	2	0	0	0	0	0	0	0	4.378	4.427	5.411	5.450	290	2527	3.818	1.856
837	estuario2_300_07agosto2013_600ml_tot_1	2879	153.894	58.970	79	70	248	43.639	27.714	47.203	28.301	318.534	13703	8908	106	57	92.913	39.452	158.160	0.357	115.039	443062	154	0.099	-1.500	0.452	13723	8908	2866	1.143	208	0.155	91	152	210	0	0	1	2	0	0	0	0	0	0	0	3.360	3.395	2.982	2.948	322	3734	9.599	2.028
838	estuario2_300_07agosto2013_600ml_tot_1	2914	153.987	68.382	63	47	245	45.312	43.019	45.974	42.282	430.014	12561	8928	87	103	82.562	44.939	52.423	0.198	125.897	448719	160	-0.116	-1.585	0.034	12626	8928	2913	1.182	272	0.174	78	159	223	0	0	1	1	0	0	0	0	0	0	0	4.152	4.244	2.292	2.346	375	4430	22.266	3.500
839	estuario2_300_07agosto2013_600ml_tot_1	1868	152.504	60.826	242	65	243	26.453	26.405	27.609	26.171	204.936	13450	8950	53	55	55.686	42.711	46.550	0.559	60.836	284878	149	0.064	-1.541	0	13491	8950	1868	1.081	124	0.095	90	148	213	0	0	1	1	0	0	0	0	0	0	0	2.090	2.116	1.833	1.850	212	2048	3.339	3.675
840	estuario2_300_07agosto2013_600ml_tot_1	1189	190.172	26.905	174	145	243	24.967	28.402	24.843	28.398	173.480	14058	8970	43	58	64.975	23.300	115.529	0.496	69.065	226114	181	0.568	-0.939	0	14061	8970	1189	1.077	61	0.105	169	180	211	0	0	1	1	0	0	0	0	0	0	0	2.847	2.830	3.420	3.369	198	1411	1.572	2.091
841	estuario2_300_07agosto2013_600ml_tot_1	1989	167.123	53.151	241	78	244	35.407	48.251	35.759	47.611	318.233	9670	8978	59	95	75.877	33.376	109.848	0.247	95.425	332408	157	0.121	-1.557	0.101	9719	8978	1987	1.140	161	0.124	117	155	224	0	0	2	1	0	0	0	0	0	0	0	4.160	4.225	3.320	3.426	303	3337	11.741	1.848
842	estuario2_300_07agosto2013_600ml_tot_1	6552	176.443	52.861	242	83	251	86.524	116.110	87.956	114.515	1019.685	9548	8985	174	201	104.910	79.519	128.201	0.079	205.222	1156053	188	-0.213	-1.540	0.565	9630	8985	6515	1.249	565	0.394	121	186	227	0	0	3	5	0	0	0	0	0	0	0	7.170	7.051	4.639	4.592	746	19512	99.448	6.197
843	estuario2_300_07agosto2013_600ml_tot_1	2891	171.935	52.389	243	80	245	63.556	76.613	66.460	76.060	536.115	11386	8987	107	145	71.760	51.295	4.621	0.126	145.124	497063.000	162	0.034	-1.588	0.035	11489	8987	2890	1.168	263	0.185	122	161	228	0	0	2	1	0	0	0	0	0	0	0	7.537	7.564	4.369	4.480	500	8321	26.833	2.477
844	estuario2_300_07agosto2013_600ml_tot_1	820	207.595	33.127	243	118	243	25.511	17.899	26.413	18.532	185.338	4317	8992	44	49	48.338	21.599	131.346	0.300	58.412	170228	217	-1.209	0.479	0	4332	8992	820	1.106	64	0.075	197	216	231	0	0	1	2	0	0	0	0	0	0	0	3.263	3.199	3.874	3.953	182	1339	3.471	2.595
845	estuario2_300_07agosto2013_600ml_tot_1	1719	162.083	58.680	71	50	245	25.378	40.802	26.108	38.657	235.907	12433	9001	51	67	62.390	35.081	59.018	0.388	74.686	278621	170	-0.229	-1.313	0.116	12476	9001	1717	1.125	164	0.083	106	169	217	0	0	1	1	0	0	0	0	0	0	0	2.576	2.766	2.644	2.777	232	2256	1.807	2.143
846	estuario2_300_07agosto2013_600ml_tot_1	5191	169.112	52.026	243	86	245	60.527	108.892	62.114	110.481	734.264	5580	9014	104	202	122.318	54.034	104.983	0.121	216.178	877861	165	0.066	-1.616	0.077	5604	9014	5187	1.210	379	0.321	116	163	222	0	0	6	2	0	0	0	0	0	0	0	6.348	6.553	5.780	6.036	608	13197	84.533	5.534
847	estuario2_300_07agosto2013_600ml_tot_1	1707	127.955	70.065	47	43	243	23.789	26.417	23.954	27.727	170.066	10880	9024	46	54	54.562	39.834	121.395	0.742	56.648	218420	114	0.313	-1.437	0	10896	9024	1707	1.051	64	0.106	56	113	197	0	0	1	2	0	0	0	0	0	0	0	2.004	1.969	2.040	2.034	196	1828	2.617	1.878
848	estuario2_300_07agosto2013_600ml_tot_1	1371	179.417	34.329	157	122	243	41.371	10.968	41.414	10.954	202.953	4164	9059	83	22	90.047	19.385	2.237	0.418	84.172	245981	165	0.569	-1.106	0	4233	9059	1371	1.100	78	0.111	151	164	209	0	0	3	1	0	0	0	0	0	0	0	3.714	3.724	4.222	4.209	206	1568	0.854	1.402
849	estuario2_300_07agosto2013_600ml_tot_1	3244	170.571	53.853	243	81	243	53.499	102.331	55.597	100.383	641.921	12716	9060	156	152	77.125	53.554	46.847	0.099	174.668	553331	160	0.060	-1.644	0	12750	9060	3244	1.174	318	0.219	118	159	229	0	0	1	1	0	0	0	0	0	0	0	9.992	10.206	5.979	6.082	612	11846	41.734	2.903
850	estuario2_300_07agosto2013_600ml_tot_1	2853	115.907	71.630	50	47	248	27.970	39.186	27.057	38.343	263.463	5908	9062	56	74	72.165	50.337	78.993	0.517	78.186	330684	74	0.710	-1.173	0.280	5940	9062	2845	1.109	202	0.248	56	73	186	0	0	1	1	0	0	0	0	0	0	0	1.978	1.945	2.212	2.069	256	3200	15.863	1.803
851	estuario2_300_07agosto2013_600ml_tot_1	1984	143.832	65.049	243	54	243	27.054	26.631	27.233	28.361	244.007	9728	9077	51	61	53.592	47.136	130.919	0.419	67.231	285362	126	0.275	-1.531	0	9768	9077	1984	1.110	162	0.121	79	125	213	0	0	1	1	0	0	0	0	0	0	0	2.082	2.100	1.901	1.922	220	2433	12.343	1.953
852	estuario2_300_07agosto2013_600ml_tot_1	3579	152.308	60.651	74	67	247	24.058	70.857	25.196	65.838	382.860	13756	9080	54	122	107.292	42.472	86.788	0.307	122.102	545109	152	0.067	-1.510	0.084	13774	9080	3576	1.159	248	0.194	87	151	212	0	0	1	2	0	0	0	0	0	0	0	3.307	3.335	3.427	3.450	348	4508	14.801	1.821
853	estuario2_300_07agosto2013_600ml_tot_1	3466	163.623	62.107	242	73	243	63.985	73.829	68.083	75.293	625.210	10099	9102	131	167	71.709	61.541	164.752	0.111	176.785	567117	163	-0.014	-1.741	0	10228	9102	3466	1.182	304	0.243	98	162	228	0	0	2	1	0	0	0	0	0	0	0	8.774	9	4.700	4.763	592	10677	29.892	1.742
854	estuario2_300_07agosto2013_600ml_tot_1	3646	203.067	25.586	204	132	243	56.214	62.150	57.157	64.323	426.742	9859	9150	98	151	150.953	30.753	116.747	0.252	179.471	740382	206	-0.533	-0.462	0	9860	9150	3646	1.154	173	0.277	185	205	222	0	0	2	3	0	0	0	0	0	0	0	6.099	5.979	5.586	5.415	493	5108	13.256	1.884
855	estuario2_300_07agosto2013_600ml_tot_1	1113	188.705	38.250	235	107	245	33.313	15.869	33.313	15.800	187.723	12834	9194	67	37	59.908	23.655	23.813	0.397	68.447	210029	193	-0.272	-1.141	0.090	12863	9194	1112	1.098	103	0.070	155	191	223	0	0	2	2	0	0	0	0	0	0	0	3.330	3.375	3.341	3.374	203	1406	2.211	2.567
856	estuario2_300_07agosto2013_600ml_tot_1	2863	186.675	47.198	236	103	243	43.012	40.610	43.002	44.691	515.897	4985	9220	77	135	82.992	43.923	78.422	0.135	139.979	534451	201	-0.243	-1.617	0	5051	9220	2863	1.215	293	0.227	135	200	232	0	0	1	1	0	0	0	0	0	0	0	5.438	5.487	3.013	3.021	420	5492	36.890	3.333
857	estuario2_300_07agosto2013_600ml_tot_1	2725	175.937	44.577	240	93	245	47.358	19.865	47.726	20.348	429.848	7389	9260	107	71	95.354	36.386	8.271	0.185	119.038	479429	165	0.178	-1.393	0.037	7477	9260	2724	1.170	211	0.175	137	164	223	0	0	3	1	0	0	0	0	0	0	0	4.001	3.981	3.566	3.610	352	4886	13.546	1.862
858	estuario2_300_07agosto2013_600ml_tot_1	2972	163.274	48.736	111	81	244	22.474	46.720	23.086	49.712	298.635	9130	9262	44	111	97.517	38.804	95.207	0.419	111.072	485250	164	0.111	-1.353	0.034	9148	9262	2971	1.118	156	0.151	115	163	204	0	0	1	2	0	0	0	0	0	0	0	3.215	3.263	3.230	3.271	306	3463	5.557	1.969
859	estuario2_300_07agosto2013_600ml_tot_1	1418	204.398	25.148	243	138	245	22.461	29.339	22.301	29.584	189.723	10373	9271	52	51	53.322	33.859	137.843	0.495	63.246	289837	206	-0.380	-0.772	0.141	10375	9271	1416	1.099	101	0.112	187	205	225	0	0	3	4	0	0	0	0	0	0	0	2.433	2.406	2.729	2.726	202	1733	3.777	3.080
860	estuario2_300_07agosto2013_600ml_tot_1	4168	166.824	54.057	243	73	247	58.286	62.705	61.335	64.190	632.039	10807	9288	155	102	123.225	43.066	158.931	0.131	175.901	695323	168	-0.143	-1.353	0.024	10815	9288	4167	1.207	343	0.202	118	167	218	0	0	1	3	0	0	0	0	0	0	0	5.359	5.375	4.248	4.344	509	8729	47.966	2.817
861	estuario2_300_07agosto2013_600ml_tot_1	1663	163.467	47.813	130	75	243	59.827	11.002	59.128	11.086	276.652	7736	9290	118	26	125.953	16.811	5.723	0.273	119.365	271846	149	0.313	-1.261	0	7825	9290	1663	1.127	106	0.097	126	148	210	0	0	3	1	0	0	0	0	0	0	0	6.052	5.986	7.544	7.473	284	2036	2.286	1.489
862	estuario2_300_07agosto2013_600ml_tot_1	3744	149.378	56.127	86	68	245	89.229	24.712	89.697	24.196	437.061	6286	9301	165	49	150.367	31.703	11.858	0.246	167.705	559270	137	0.326	-1.378	0.053	6383	9301	3742	1.160	228	0.194	96	136	203	0	0	6	1	0	0	0	0	0	0	0	5.344	5.426	6.598	6.659	424	4889	14.819	2.130
863	estuario2_300_07agosto2013_600ml_tot_1	8595	171.338	54.789	243	67	247	104.351	82.705	103.052	83.961	1313.634	9148	9303	215	220	126.765	86.329	140.749	0.063	223.607	1472649	174	-0.110	-1.531	0.116	9213	9303	8585	1.245	760	0.499	118	173	227	0	0	6	3	0	0	0	0	0	0	0	7.165	7.312	4.089	4.182	865	26615	199.323	2.080
864	estuario2_300_07agosto2013_600ml_tot_1	6341	173.092	53.197	242	74	244	72.510	122.473	71.982	119.203	1139.835	9288	9303	131	257	177.415	45.507	83.468	0.061	263.463	1097574	170	-0.097	-1.484	0.032	9411	9303	6339	1.220	546	0.388	125	169	229	0	0	4	2	0	0	0	0	0	0	0	8.880	8.837	3.859	3.926	772	25978	102.961	4.220
865	estuario2_300_07agosto2013_600ml_tot_1	2503	158.177	43.246	120	81	243	30.293	29.617	30.447	29.099	221.279	11335	9308	67	59	59.172	53.859	32.792	0.642	69.570	395916.000	147	0.530	-1.010	0	11355	9308	2503	1.078	105	0.155	120	146	191	0	0	3	1	0	0	0	0	0	0	0	2.117	2.076	2.247	2.309	248	2813	3.763	1.840
866	estuario2_300_07agosto2013_600ml_tot_1	1567	222.475	16.764	243	167	246	39.045	19.470	39.270	19.604	246.877	4828	9310	77	41	64.255	31.051	161.302	0.323	80.957	348618	226	-0.763	-0.255	1.085	4871	9310	1550	1.168	224	0.177	210	225	235	0	0	2	3	0	0	0	0	0	0	0	3.222	3.131	2.711	2.711	231	1892	39.984	2.683
867	estuario2_300_07agosto2013_600ml_tot_1	3926	165.317	54.911	241	81	250	44.533	73.214	45.163	71.369	757.127	7153	9311	74	154	140.310	35.626	103.670	0.086	162.856	649033	169	-0.042	-1.528	0.331	7196	9311	3913	1.279	477	0.210	108	168	219	0	0	4	3	0	0	0	0	0	0	0	4.937	5.055	5.151	5.207	452	6813	37.697	2.650
868	estuario2_300_07agosto2013_600ml_tot_1	1982	172.472	55.518	241	79	243	35.260	64.417	37.861	62.051	351.730	5165	9334	92	107	68.062	37.078	52.909	0.201	118.966	341839	171	-0.047	-1.660	0	5252	9334	1982	1.150	155	0.140	118	170	230	0	0	2	1	0	0	0	0	0	0	0	6.470	6.826	2.159	2.325	394	4100	10.185	4.076
869	estuario2_300_07agosto2013_600ml_tot_1	3370	161.661	63.158	243	73	243	57.645	63.159	60.689	64.287	595.879	11783	9343	121	144	71.127	60.326	9.160	0.119	166.532	544796	159	0.018	-1.749	0	11899	9343	3370	1.194	280	0.243	95	157	228	0	0	1	1	0	0	0	0	0	0	0	6.786	6.841	5.149	5.247	526	9184	47.085	4.132
870	estuario2_300_07agosto2013_600ml_tot_1	5671	143.938	59.286	87	62	244	79.636	134.646	79.094	135.646	704.004	13131	9349	152	274	320.457	22.532	60.682	0.144	307.241	816271	121	0.444	-1.410	0.018	13270	9349	5670	1.188	357	0.381	89	120	204	0	0	11	1	0	0	0	0	0	0	0	12.255	12.234	14.563	14.529	848	7255	35.463	1.384
871	estuario2_300_07agosto2013_600ml_tot_1	4388	130.416	63.175	76	50	243	36.759	95.252	36.616	96.041	485.286	14306	9365	73	191	216.673	25.785	73.057	0.234	198.600	572265	97	0.624	-1.222	0	14370	9365	4388	1.157	230	0.290	78	96	192	0	0	9	1	0	0	0	0	0	0	0	6.725	6.723	8.408	8.451	524	5281	25.010	1.567
872	estuario2_300_07agosto2013_600ml_tot_1	1523	240.866	2.169	241	234	248	26.262	26.758	26.255	26.753	370.416	12040	9394	53	53	46.360	41.828	68.651	0.139	54.129	366839	241	-0.100	-0.030	9.915	12067	9394	1372	1.344	634	0.454	238	240	241	0	0	0	2	0	0	0	0	0	0	0	2.141	2.225	2.063	2.166	208	1955	352.215	2.143
873	estuario2_300_07agosto2013_600ml_tot_1	841	174.434	45.342	242	102	243	19.611	17.696	19.698	17.483	124.125	9130	9408	37	35	41.686	25.687	130.783	0.686	45.607	146699	177	-0.026	-1.398	0	9139	9408	841	1.030	37	0.050	130	176	215	0	0	1	1	0	0	0	0	0	0	0	1.995	2.069	2.057	2.158	140	926	0.724	2.321
874	estuario2_300_07agosto2013_600ml_tot_1	1145	228.851	12.779	242	169	248	36.437	21.167	36.072	20.988	300.434	7728	9428	74	40	72.094	20.222	157.543	0.159	76.844	262034	232	-1.600	3.245	1.135	7746	9428	1132	1.203	191	0.162	222	231	237	0	0	3	3	0	0	0	0	0	0	0	3.962	3.982	5.018	5.164	224	1742	17.900	2.581
875	estuario2_300_07agosto2013_600ml_tot_1	2832	89.518	74.062	34	29	244	26.146	37.148	26.209	37.379	226.108	13606	9438	50	73	74.643	48.307	87.123	0.696	74.330	253516	46	1.048	-0.543	0.035	13629	9438	2831	1.065	73	0.341	34	45	139	0	0	2	1	0	0	0	0	0	0	0	1.837	1.868	1.918	1.953	242	3003	4.470	1.540
876	estuario2_300_07agosto2013_600ml_tot_1	1218	222.214	13.550	232	184	244	16.262	27.838	16.184	28.000	175.723	1461	9453	33	61	55.470	27.958	93.242	0.496	61.400	270657	224	-0.490	-0.403	0.082	1476	9453	1217	1.085	94	0.141	213	222	232	0	0	2	2	0	0	0	0	0	0	0	2.610	2.602	2.328	2.315	184	1422	6.843	1.688
877	estuario2_300_07agosto2013_600ml_tot_1	2804	175.773	53.333	242	88	246	63.569	62.569	67.092	62.872	583.235	10428	9456	143	134	74.078	48.195	170.035	0.104	160.103	492868	182	-0.108	-1.665	0.107	10547	9456	2801	1.196	346	0.196	119	181	229	0	0	2	1	0	0	0	0	0	0	0	9.235	9.338	5.375	5.415	550	9574	34.460	2.332
878	estuario2_300_07agosto2013_600ml_tot_1	2923	165.177	61.317	243	81	243	76.062	87.060	72.988	84.976	548.139	7365	9474	131	139	71.252	52.232	144.324	0.122	153.447	482812	165	-0.014	-1.742	0	7429	9474	2923	1.170	262	0.221	99	164	230	0	0	1	1	0	0	0	0	0	0	0	8.467	8.550	5.073	5.124	535	9195	36.038	2.279
879	estuario2_300_07agosto2013_600ml_tot_1	4262	200.072	35.647	243	118	255	29.583	63.845	29.392	64.003	521.370	5833	9483	61	175	125.928	43.093	79.735	0.197	177.071	852707	203	-0.312	-1.113	7.626	5870	9483	3937	1.223	362	0.265	167	198	227	0	0	3	2	0	0	0	0	0	0	0	5.316	5.376	4.482	4.502	468	7503	56.947	2.940
880	estuario2_300_07agosto2013_600ml_tot_1	7572	183.254	57.636	243	70	255	97.824	99.574	95.527	102.393	1005.994	6444	9487	197	183	132.917	72.534	33.315	0.094	221.382	1387596	206	-0.581	-1.207	6.207	6511	9487	7102	1.251	719	0.457	115	199	229	0	0	2	3	0	0	0	0	0	0	0	6.388	6.418	5.430	5.473	756	21334	120.390	3.342
881	estuario2_300_07agosto2013_600ml_tot_1	2982	167.066	53.404	97	89	254	19.785	48.527	20.149	51.657	333.120	7184	9491	44	105	99.566	38.134	80.409	0.338	109.202	498192	170	0.020	-1.517	2.113	7197	9491	2919	1.198	253	0.185	109	168	216	0	0	1	1	0	0	0	0	0	0	0	2.844	2.915	2.965	3.002	294	3519	14.994	2.961
882	estuario2_300_07agosto2013_600ml_tot_1	1054	216.299	21.690	243	142	244	22.236	14.861	22.289	15.049	164.309	9893	9497	46	36	44.023	30.484	174.812	0.491	48.765	227979	222	-1.043	0.597	0.474	9924	9497	1049	1.088	106	0.106	203	221	232	0	0	1	1	0	0	0	0	0	0	0	2.084	2.148	1.918	2.022	160	1250	12.350	1.807
883	estuario2_300_07agosto2013_600ml_tot_1	1764	104.120	73.101	44	39	243	27.444	22.768	27.877	22.778	182.309	13968	9540	54	43	55.157	40.720	12.055	0.667	58.009	183667	61	0.816	-0.993	0	14005	9540	1764	1.064	71	0.197	44	60	171	0	0	1	1	0	0	0	0	0	0	0	1.724	1.790	1.793	1.870	190	1906	1.334	1.925
884	estuario2_300_07agosto2013_600ml_tot_1	831	145.990	58.864	98	62	243	19.629	16.484	19.728	16.495	120.125	9737	9550	35	34	33.476	31.607	0.011	0.724	36.688	121318.000	126	0.348	-1.386	0	9760	9550	831	1.021	43	0.046	95	125	208	0	0	1	1	0	0	0	0	0	0	0	1.834	1.872	1.847	1.850	134	895	0.135	1.524
885	estuario2_300_07agosto2013_600ml_tot_1	2960	189.099	48.695	243	68	254	33.371	35.710	33.495	36.863	251.321	5743	9565	66	70	72.288	52.136	40.366	0.589	87.618	559732	206	-0.657	-0.792	7.162	5805	9565	2748	1.182	180	0.160	145	200	224	0	0	2	2	0	0	0	0	0	0	0	1.985	1.991	2.323	2.348	268	3269	13.286	4.881
886	estuario2_300_07agosto2013_600ml_tot_1	3373	177.419	51.203	242	84	251	75.221	78.220	75.392	77.321	623.453	9781	9588	133	139	84.426	50.869	86.600	0.109	153.447	598433	185	-0.139	-1.574	0.237	9783	9588	3365	1.204	350	0.221	125	184	228	0	0	2	1	0	0	0	0	0	0	0	7.309	7.330	4.636	4.650	540	8649	47.094	2.120
887	estuario2_300_07agosto2013_600ml_tot_1	11128	97.284	74.744	36	33	244	56.495	74.243	65.554	83.908	822.146	8064	9601	163	183	149.255	94.929	131.053	0.207	195.556	1082571	49	0.871	-0.828	0.018	8097	9601	11126	1.162	543	1.559	36	48	150	0	0	2	1	0	0	0	0	0	0	0	3.528	3.412	2.751	2.671	688	18358	86.985	2.043
888	estuario2_300_07agosto2013_600ml_tot_1	1020	217.460	17.234	226	161	243	22.395	18.851	22.786	18.795	129.196	10650	9617	41	38	39.903	32.547	138.541	0.768	43.863	221809	222	-0.761	-0.051	0	10673	9617	1020	1.027	41	0.109	206	221	229	0	0	2	1	0	0	0	0	0	0	0	2.019	2.025	2.062	2.210	154	1093	1.564	1.610
889	estuario2_300_07agosto2013_600ml_tot_1	3491	169.773	58.829	243	81	243	70.154	68.036	67.210	68.722	674.649	6319	9626	132	161	70.762	62.815	167.573	0.096	185.065	592677	176	-0.074	-1.740	0	6321	9626	3491	1.208	334	0.259	106	175	229	0	0	2	1	0	0	0	0	0	0	0	8.202	8.261	5.606	5.754	582	10742	44.191	2.045
890	estuario2_300_07agosto2013_600ml_tot_1	1280	183.921	42.495	242	104	243	17.564	23.457	17.960	23.835	194.108	2170	9640	42	51	43.541	37.430	88.318	0.427	51.352	235419	185	-0.153	-1.312	0	2176	9640	1280	1.101	108	0.082	144	184	225	0	0	1	1	0	0	0	0	0	0	0	2.179	2.213	2.053	2.043	182	1560	6.727	3.056
891	estuario2_300_07agosto2013_600ml_tot_1	2758	170.111	53.922	243	89	247	39.134	56.983	39.494	58.453	438.500	6763	9665	67	118	86.798	40.457	90.629	0.180	122.801	469166.000	174	-0.067	-1.607	0.254	6790	9665	2751	1.190	263	0.168	112	172	223	0	0	2	1	0	0	0	0	0	0	0	4.352	4.397	3.356	3.401	366	4653	19.471	2.034
892	estuario2_300_07agosto2013_600ml_tot_1	5126	160.383	57.749	243	70	244	74.462	73.416	74.789	73.994	752.566	11515	9690	115	153	95.386	68.423	57.634	0.114	155.541	822121	147	0.101	-1.570	0.039	11588	9690	5124	1.214	417	0.272	105	146	221	0	0	4	1	0	0	0	0	0	0	0	4.668	4.455	3.535	3.350	532	11956	37.109	3.276
893	estuario2_300_07agosto2013_600ml_tot_1	2662	170.760	56.441	243	79	243	50.094	78.096	52.065	76.507	543.495	11650	9694	120	117	69.520	48.754	40.848	0.113	140.089	454562	178	-0.059	-1.703	0	11690	9694	2662	1.196	285	0.184	112	177	228	0	0	2	1	0	0	0	0	0	0	0	7.100	7.210	5.581	5.729	468	7343	23.899	2.083
894	estuario2_300_07agosto2013_600ml_tot_1	2718	155.864	52.162	104	72	243	42.323	30.537	44.955	31.353	293.605	14378	9702	99	53	87.624	39.495	166.882	0.396	101.415	423639	148	0.205	-1.339	0	14426	9702	2718	1.124	146	0.132	105	147	203	0	0	1	2	0	0	0	0	0	0	0	3.116	3.147	2.542	2.568	300	3400	2.952	2.678
895	estuario2_300_07agosto2013_600ml_tot_1	1135	106.262	76.354	38	34	243	17.928	21.190	18.104	21.533	137.782	13992	9709	36	42	41.781	34.588	84.967	0.751	43.174	120607	65	0.665	-1.223	0	14008	9709	1135	1.032	34	0.111	39	64	183	0	0	1	1	0	0	0	0	0	0	0	1.786	1.820	1.821	1.854	152	1206	0.633	1.684
896	estuario2_300_07agosto2013_600ml_tot_1	1181	152.706	67.869	52	49	244	19.681	22.580	21.605	21.764	148.167	6518	9728	44	45	48.182	31.209	45.732	0.676	49.930	180346.000	169	-0.246	-1.460	0.085	6546	9728	1180	1.067	52	0.067	77	167	214	0	0	1	2	0	0	0	0	0	0	0	2.159	2.231	2.092	2.128	174	1279	1.089	2.123
897	estuario2_300_07agosto2013_600ml_tot_1	960	219.301	16.099	236	181	244	29.335	15.008	29.444	15.070	187.823	3876	9742	60	33	54.107	22.590	12.028	0.342	60.531	210529	221	-0.357	-0.926	0.104	3929	9742	959	1.102	103	0.103	206	220	232	0	0	1	3	0	0	0	0	0	0	0	3.069	3.256	3.162	3.553	182	1309	6.039	2.377
898	estuario2_300_07agosto2013_600ml_tot_1	807	194.374	29.634	177	134	243	21.697	16.423	21.626	16.290	127.924	11197	9748	43	32	43.262	23.751	146.319	0.620	47.707	156860	190	0.039	-1.117	0	11213	9748	807	1.036	45	0.060	171	189	223	0	0	1	1	0	0	0	0	0	0	0	2.356	2.410	2.231	2.260	146	879	1.534	2.292
899	estuario2_300_07agosto2013_600ml_tot_1	2815	92.468	74.932	36	30	244	39.921	27.322	40.252	27.863	235.321	12332	9758	80	56	80.595	44.471	159.306	0.639	83.487	260297	46	0.967	-0.723	0.036	12365	9758	2814	1.081	118	0.315	35	45	150	0	0	3	1	0	0	0	0	0	0	0	2.282	2.260	2.427	2.395	268	3087	7.773	1.983
900	estuario2_300_07agosto2013_600ml_tot_1	678	220.459	18.719	243	163	243	30.212	20.749	30.630	20.622	219.279	2910	9759	75	42	65.076	13.265	20.098	0.177	80.262	149471	225	-0.725	-0.356	0	2980	9759	678	1.109	92	0.078	205	224	236	0	0	2	2	0	0	0	0	0	0	0	7.176	7.319	8.473	8.631	230	1326	7.000	2.746
901	estuario2_300_07agosto2013_600ml_tot_1	8614	174.675	57.843	243	53	255	123.618	66.785	124.291	68.938	1065.249	6323	9773	225	136	180.178	60.871	156.242	0.095	229.856	1504652	184	-0.352	-1.124	7.616	6378	9773	7958	1.276	623	0.376	123	172	221	0	0	10	3	0	0	0	0	0	0	0	5.194	5.313	9.027	9.197	717	20324	144.181	3.882
902	estuario2_300_07agosto2013_600ml_tot_1	650	169.443	42.845	127	114	243	18.160	12.300	18.128	12.264	105.154	11069	9777	33	27	32.063	25.812	169.899	0.739	34.132	110138	154	0.453	-1.336	0	11087	9777	650	1.002	18	0.052	129	153	211	0	0	2	1	0	0	0	0	0	0	0	1.725	1.885	1.734	1.942	116	693	1.140	2.429
903	estuario2_300_07agosto2013_600ml_tot_1	1184	165.396	43.022	142	94	243	20.720	18.789	20.848	18.854	138.125	6295	9778	40	39	38.966	38.688	47.452	0.780	43.186	195829	155	0.407	-1.115	0	6304	9778	1184	1.029	22	0.070	129	154	201	0	0	1	1	0	0	0	0	0	0	0	1.725	1.779	1.811	1.923	154	1257	1.233	1.684
904	estuario2_300_07agosto2013_600ml_tot_1	1228	186.546	48.036	239	79	243	45.292	32.672	44.879	32.304	320.617	13976	9788	93	57	81.072	19.286	148.944	0.150	108.559	229079	201	-0.639	-0.898	0	13976	9788	1228	1.193	146	0.079	145	200	227	0	0	1	1	0	0	0	0	0	0	0	6.572	6.489	8.121	8.072	296	1757	3.250	2.115
905	estuario2_300_07agosto2013_600ml_tot_1	22130	165.016	56.867	243	35	252	266.948	211.365	281.052	204.894	2304.875	10553	9796	744	318	334.850	84.148	24.865	0.052	808.718	3651813	176	-0.402	-1.119	0.113	11291	9796	22105	1.216	1281	0.878	116	175	214	0	0	4	3	0	0	0	0	0	0	0	20.474	20.646	13.786	13.824	2120	86116	150.754	5.676
906	estuario2_300_07agosto2013_600ml_tot_1	4747	117.133	72.934	33	30	245	33.241	57.197	37.197	63.621	419.446	12982	9848	91	105	111.159	54.373	114.176	0.339	131.244	556030	92	0.424	-1.299	0.021	13009	9848	4746	1.139	168	0.315	44	91	188	0	0	1	2	0	0	0	0	0	0	0	2.617	2.485	1.793	1.877	388	6299	9.376	2.710
907	estuario2_300_07agosto2013_600ml_tot_1	3360	179.041	37.536	243	87	243	96.862	43.048	97.025	42.759	505.931	13919	9853	166	73	106.833	40.045	179.136	0.165	169.859	601577	171	0.189	-1.011	0	14044	9853	3360	1.190	232	0.215	149	169	212	0	0	6	4	0	0	0	0	0	0	0	6.154	6.488	8.015	8.328	474	6749	22.546	3.405
908	estuario2_300_07agosto2013_600ml_tot_1	12525	167.855	62.341	241	37	254	105.146	155.495	105.367	150.054	1653.346	12162	9861	206	286	182.632	87.319	66.056	0.058	299.481	2102381	184	-0.432	-1.239	0.950	12322	9861	12406	1.307	1121	0.632	104	182	225	0	0	3	9	0	0	0	0	0	0	0	6.474	6.577	5.102	5.269	980	32672	213.624	5.782
909	estuario2_300_07agosto2013_600ml_tot_1	4008	166.646	49.748	243	95	244	93.121	77.992	92.895	78.133	600.281	2454	9862	153	185	157.062	32.491	125.901	0.140	235.847	667918	156	0.235	-1.508	0.025	2458	9862	4007	1.191	285	0.250	118	155	218	0	0	6	1	0	0	0	0	0	0	0	9.859	9.492	12.625	12.349	672	9227	44.036	1.702
910	estuario2_300_07agosto2013_600ml_tot_1	1284	217.164	18.685	242	166	247	28.441	34.935	28.077	35.441	227.747	9885	9893	63	73	90.560	18.053	47.399	0.311	91.049	278839	219	-0.416	-0.770	1.480	9940	9893	1265	1.143	107	0.125	202	218	232	0	0	1	1	0	0	0	0	0	0	0	4.813	4.884	5.322	5.491	268	1490	9.374	1.770
911	estuario2_300_07agosto2013_600ml_tot_1	6045	171.101	50.337	240	84	244	71.217	95.056	73.178	95.197	1026.764	9729	9901	163	200	101.196	76.058	66.144	0.072	227.297	1034308.000	157	0.151	-1.555	0.033	9888	9901	6043	1.242	471	0.392	125	156	227	0	0	5	2	0	0	0	0	0	0	0	7.442	7.483	5.307	5.402	722	17853	79.773	8.880
912	estuario2_300_07agosto2013_600ml_tot_1	847	160.593	61.878	235	54	243	16.586	34.218	16.369	32.643	167.966	13086	9901	33	59	48.189	22.379	92.708	0.377	59.414	136022	167	-0.245	-1.344	0	13095	9901	847	1.089	60	0.045	105	166	221	0	0	1	2	0	0	0	0	0	0	0	3.334	3.290	3.870	3.904	180	1262	0.486	3.172
913	estuario2_300_07agosto2013_600ml_tot_1	1924	195.759	31.427	243	132	244	39.168	23.910	38.694	23.697	258.735	6178	9907	77	46	69.135	35.434	8.538	0.361	78.262	376641	190	0.085	-1.387	0.156	6208	9907	1921	1.142	167	0.148	168	189	228	0	0	4	1	0	0	0	0	0	0	0	2.747	2.721	3.035	3.111	242	2568	15.725	1.447
914	estuario2_300_07agosto2013_600ml_tot_1	3245	83.300	73.602	34	28	244	29.210	38.763	29.297	38.696	250.392	12090	9913	56	76	77.360	53.408	84.532	0.650	77.130	270309	39	1.199	-0.228	0.031	12115	9913	3244	1.074	119	0.439	33	38	119	0	0	4	1	0	0	0	0	0	0	0	1.853	1.860	1.924	1.922	260	3445	8.197	1.712
915	estuario2_300_07agosto2013_600ml_tot_1	827	204.439	39.156	242	98	243	8.440	33.637	8.334	35.803	202.309	7739	9932	20	80	80.586	13.066	86.958	0.254	80.225	169071	216	-1.421	0.885	0	7745	9932	827	1.122	73	0.076	199	215	231	0	0	1	1	0	0	0	0	0	0	0	5.301	5.586	6.725	7.054	196	1215	2.188	1.841
916	estuario2_300_07agosto2013_600ml_tot_1	1010	191.147	32.161	242	124	243	18.840	17.635	18.957	17.572	121.296	8140	9932	38	35	36.829	34.917	15.864	0.863	38.210	193058	193	-0.180	-0.985	0	8153	9932	1010	1.012	6	0.065	165	192	217	0	0	1	1	0	0	0	0	0	0	0	1.737	1.763	1.666	1.702	142	1046	0.510	1.447
917	estuario2_300_07agosto2013_600ml_tot_1	1228	165.571	39.899	148	93	243	25.284	22.612	25.768	22.650	156.995	9965	9936	53	41	51.019	30.646	151.129	0.626	53.235	203321	155	0.520	-0.806	0	9983	9936	1228	1.058	49	0.081	137	154	195	0	0	1	2	0	0	0	0	0	0	0	2.314	2.423	2.395	2.544	184	1390	0.180	2.357
918	estuario2_300_07agosto2013_600ml_tot_1	1540	167.456	53.278	239	74	243	25.871	23.634	27.431	24.229	205.966	5975	9941	56	49	57.174	34.295	158.972	0.456	65.856	257883	173	-0.187	-1.334	0	5983	9941	1540	1.107	101	0.080	117	172	216	0	0	1	2	0	0	0	0	0	0	0	2.230	2.335	2.250	2.400	206	1913	2.733	2.204
919	estuario2_300_07agosto2013_600ml_tot_1	3298	187.485	44.552	242	89	248	57.030	37.268	58.413	39.277	558.600	10064	9944	97	122	76.707	54.743	129.125	0.133	134.239	618325	194	-0.404	-1.158	0.849	10104	9944	3270	1.225	328	0.207	149	192	229	0	0	3	2	0	0	0	0	0	0	0	4.779	4.838	4.527	4.551	434	6967	38.615	3.288
920	estuario2_300_07agosto2013_600ml_tot_1	2071	164.613	58.203	243	51	243	26.726	32.401	27.268	34.407	278.978	13203	9969	46	76	65.747	40.106	104.000	0.334	76.059	340913	172	-0.306	-1.265	0	13240	9969	2071	1.146	165	0.102	111	171	218	0	0	1	1	0	0	0	0	0	0	0	2.389	2.528	2.696	2.910	240	2468	6.949	2.228
921	estuario2_300_07agosto2013_600ml_tot_1	3657	200.212	38.376	240	99	251	63.745	50.471	64.544	50.906	719.987	13667	10012	158	154	72.507	64.218	144.298	0.089	197.091	732174	213	-0.781	-0.569	0.383	13822	10012	3643	1.219	445	0.282	172	212	232	0	0	3	3	0	0	0	0	0	0	0	8.974	9.138	5.290	5.319	620	12684	58.748	2.768
922	estuario2_300_07agosto2013_600ml_tot_1	1871	148.271	45.635	120	78	243	30.031	21.936	29.923	21.734	179.823	6841	10032	58	42	59.255	40.203	175.686	0.727	62.241	277415	131	0.859	-0.568	0	6880	10032	1871	1.054	50	0.129	116	130	177	0	0	2	1	0	0	0	0	0	0	0	1.765	1.803	1.704	1.745	196	1996	2.643	1.689
923	estuario2_300_07agosto2013_600ml_tot_1	1895	181.751	43.700	243	92	243	34.497	50.946	33.672	49.902	333.948	12916	10041	86	70	75.494	31.960	158.350	0.214	103.856	344419	177	-0.040	-1.442	0	12921	10041	1895	1.153	171	0.122	141	176	226	0	0	2	1	0	0	0	0	0	0	0	4.237	4.259	3.594	3.676	308	3352	9.758	2.269
924	estuario2_300_07agosto2013_600ml_tot_1	2854	172.318	51.663	242	93	243	31.571	54.930	32.649	55.809	512.098	5049	10055	120	124	82.003	44.314	123.732	0.137	138.423	491795.000	161	0.088	-1.653	0	5055	10055	2854	1.164	255	0.195	122	160	228	0	0	2	1	0	0	0	0	0	0	0	7.067	7.164	4.803	4.912	483	7683	27.288	3.500
925	estuario2_300_07agosto2013_600ml_tot_1	2989	164.316	57.180	243	80	243	48.428	51.491	50.668	53.340	552.164	8258	10060	131	133	73.751	51.602	133.032	0.123	158.619	491141	156	0.113	-1.669	0	8263	10060	2989	1.173	220	0.208	106	155	227	0	0	1	1	0	0	0	0	0	0	0	7.902	8.142	4.801	4.838	524	9534	19.226	2.842
926	estuario2_300_07agosto2013_600ml_tot_1	2584	182.863	44.760	243	108	245	31.232	40.612	30.787	41.911	366.517	1786	10091	55	97	82.298	39.977	106.616	0.242	101.242	472519	186	-0.075	-1.567	0.155	1806	10091	2580	1.168	210	0.177	136	185	226	0	0	1	1	0	0	0	0	0	0	0	3.093	3.181	3.210	3.286	300	3759	49.676	2.048
927	estuario2_300_07agosto2013_600ml_tot_1	1057	206.693	25.795	223	121	243	19.582	20.905	19.968	21.159	138.853	7199	10101	39	45	45.336	29.685	116.972	0.689	47.885	218475	214	-0.926	0.331	0	7211	10101	1057	1.042	55	0.093	191	213	224	0	0	1	2	0	0	0	0	0	0	0	2.174	2.186	2.357	2.442	164	1152	0.233	2.800
928	estuario2_300_07agosto2013_600ml_tot_1	2835	170.485	52.410	240	73	245	46.508	66.323	48.467	65.518	496.240	11495	10138	134	110	75.042	48.101	30.785	0.145	137.612	483324	159	0.036	-1.545	0.035	11520	10138	2834	1.165	219	0.176	121	158	226	0	0	4	1	0	0	0	0	0	0	0	7.146	7.137	4.477	4.525	484	7478	16.732	2.120
929	estuario2_300_07agosto2013_600ml_tot_1	2007	173.871	51.376	242	79	243	31.892	34.827	30.345	36.088	272.434	2256	10146	59	81	74.988	34.077	54.913	0.340	87.846	348959	179	-0.206	-1.386	0	2296	10146	2007	1.126	162	0.122	121	178	223	0	0	1	1	0	0	0	0	0	0	0	3.090	3.387	3.183	3.483	276	2822	7.814	3.203
930	estuario2_300_07agosto2013_600ml_tot_1	2654	167.028	55.797	237	73	243	62.431	75.263	66.109	74.840	548.299	9645	10172	131	147	71.963	46.957	10.878	0.111	150.950	443292	151	0.115	-1.642	0	9771	10172	2654	1.161	231	0.182	114	150	229	0	0	3	1	0	0	0	0	0	0	0	9.913	9.983	3.873	3.918	552	9605	17.197	2.425
931	estuario2_300_07agosto2013_600ml_tot_1	3033	159.101	43.898	161	69	243	26.183	39.813	26.088	42.011	268.978	10702	10204	50	94	85.142	45.356	89.202	0.527	95.037	482552	161	0.076	-0.761	0	10718	10204	3033	1.094	128	0.145	125	160	186	0	0	1	2	0	0	0	0	0	0	0	2.432	2.546	2.771	2.899	284	3434	3.267	2.246
932	estuario2_300_07agosto2013_600ml_tot_1	973	205.758	24.291	242	146	243	29.842	15.595	29.318	15.916	167.924	7680	10215	56	38	54.512	22.726	22.424	0.434	63.530	200203	204	-0.216	-0.853	0	7719	10215	973	1.070	72	0.081	187	203	226	0	0	1	1	0	0	0	0	0	0	0	3.086	3.084	2.790	2.748	184	1199	2.244	1.533
933	estuario2_300_07agosto2013_600ml_tot_1	2892	159.399	57.836	102	77	244	63.610	25.900	65.368	28.439	448.233	7838	10223	107	105	74.257	49.587	167.959	0.181	122.004	460981	142	0.220	-1.657	0.069	7921	10223	2890	1.155	234	0.207	103	141	224	0	0	3	1	0	0	0	0	0	0	0	4.941	4.918	3.500	3.540	420	6650	10.400	1.698
934	estuario2_300_07agosto2013_600ml_tot_1	1956	180.375	54.887	243	85	245	35.053	41.782	35.346	43.888	484.441	8837	10234	115	119	56.857	43.802	95.152	0.105	138.698	352813	200	-0.319	-1.564	0.102	8863	10234	1954	1.165	232	0.149	119	198	232	0	0	1	1	0	0	0	0	0	0	0	9.293	9.332	6.153	6.259	463	7506	22.741	2.528
935	estuario2_300_07agosto2013_600ml_tot_1	2102	168.390	57.722	241	55	243	37.573	54.549	39.596	53.000	405.286	12164	10248	76	101	71.761	37.296	70.837	0.161	106.977	353956	178	-0.442	-1.045	0	12201	10248	2102	1.201	209	0.099	123	177	220	0	0	2	2	0	0	0	0	0	0	0	4.951	4.573	6.239	5.964	350	4876	6.920	2.357
936	estuario2_300_07agosto2013_600ml_tot_1	2926	164.968	59.630	92	82	247	47.953	53.934	49.084	53.795	608.181	6865	10267	114	112	79.195	47.042	89.502	0.099	114.529	482695	163	-0.002	-1.693	0.273	6899	10267	2918	1.236	376	0.220	99	161	227	0	0	1	1	0	0	0	0	0	0	0	5.805	5.852	4.041	4.093	447	6881	21.889	2.832
937	estuario2_300_07agosto2013_600ml_tot_1	1245	111.944	72.480	46	43	243	22.833	18.441	23.213	18.521	141.681	8064	10282	48	36	47.286	33.523	7.220	0.779	48.662	139370	72	0.705	-1.160	0	8087	10282	1245	1.035	26	0.120	49	71	185	0	0	1	1	0	0	0	0	0	0	0	1.925	1.990	1.813	1.910	164	1309	1.157	1.919
938	estuario2_300_07agosto2013_600ml_tot_1	3393	163.452	49.378	116	86	243	106.764	62.168	106.999	62.073	552.423	6269	10295	218	133	234.820	18.398	31.249	0.140	249.329	554594	149	0.303	-1.439	0	6478	10295	3393	1.191	219	0.199	118	148	214	0	0	6	1	0	0	0	0	0	0	0	13.600	13.237	17.380	16.928	698	5200	10.314	1.708
939	estuario2_300_07agosto2013_600ml_tot_1	4315	185.601	46.069	241	90	255	89.863	28.357	86.986	27.891	644.465	5577	10299	189	101	133.789	41.065	167.730	0.131	189.381	800868	193	-0.253	-1.375	3.244	5577	10299	4175	1.222	336	0.258	139	187	227	0	0	1	2	0	0	0	0	0	0	0	7.232	7.177	5.362	5.369	574	10268	41.590	2.073
940	estuario2_300_07agosto2013_600ml_tot_1	3225	188.822	42.607	243	97	253	52.423	37.436	51.077	38.935	465.973	5272	10315	86	141	85.401	48.081	91.488	0.187	141.287	608951	196	-0.440	-1.039	0.868	5312	10315	3197	1.169	308	0.200	153	195	227	0	0	1	2	0	0	0	0	0	0	0	5.543	5.722	2.461	2.369	450	6799	45.207	3.185
941	estuario2_300_07agosto2013_600ml_tot_1	1947	150.540	53.531	95	87	243	47.856	43.312	46.986	42.550	280.233	13285	10333	100	79	125.295	19.785	146.134	0.312	119.202	293102	130	0.503	-1.335	0	13291	10333	1947	1.137	102	0.141	101	129	205	0	0	3	1	0	0	0	0	0	0	0	5.747	5.751	7.196	7.220	354	2421	2.716	1.991
942	estuario2_300_07agosto2013_600ml_tot_1	1965	166.407	57.324	243	69	245	42.478	45.049	39.906	42.613	381.588	12896	10342	79	70	62.358	40.122	144.102	0.170	83.169	326990	166	-0.041	-1.541	0.153	12945	10342	1962	1.185	215	0.121	109	165	225	0	0	2	1	0	0	0	0	0	0	0	3.494	3.472	3.390	3.398	294	3924	24.269	2.908
943	estuario2_300_07agosto2013_600ml_tot_1	3609	142.973	59.895	73	66	243	29.882	49.537	31.897	53.613	365.345	9083	10358	62	116	108.567	42.325	111.647	0.340	125.004	515990.000	135	0.303	-1.367	0	9100	10358	3609	1.145	155	0.200	83	134	198	0	0	1	2	0	0	0	0	0	0	0	3.205	3.231	3.592	3.574	352	4544	7.547	2.730
944	estuario2_300_07agosto2013_600ml_tot_1	766	184.543	40.371	242	95	243	19.081	15.016	19.322	15.172	131.782	11450	10367	38	33	39.066	24.965	154.956	0.554	44.102	141360	184	-0.228	-0.942	0	11454	10367	766	1.041	50	0.052	155	182	221	0	0	1	1	0	0	0	0	0	0	0	2.111	2.149	1.970	2.023	138	930	1.367	1.857
945	estuario2_300_07agosto2013_600ml_tot_1	1825	192.443	32.403	243	126	243	30.441	37.018	30.827	36.991	239.078	2698	10372	63	71	76.651	30.315	48.249	0.401	84.876	351209	194	-0.127	-1.109	0	2757	10372	1825	1.124	93	0.120	164	193	219	0	0	3	1	0	0	0	0	0	0	0	3.155	3.255	3.726	3.835	264	2340	7.118	2.275
946	estuario2_300_07agosto2013_600ml_tot_1	2863	168.951	57.315	242	72	243	66.655	52.831	68.653	52.971	522.115	10931	10451	108	120	75.927	48.011	0.819	0.132	127.581	483708	175	-0.063	-1.687	0	11029	10451	2863	1.190	259	0.202	109	174	227	0	0	4	1	0	0	0	0	0	0	0	5.994	6.271	5.340	5.355	452	7122	26.511	1.649
947	estuario2_300_07agosto2013_600ml_tot_1	2014	222.534	18.083	242	162	249	30.482	27.384	30.813	27.237	338.132	6411	10455	71	59	72.254	35.490	39.516	0.221	79.177	448183	227	-0.950	0.135	1.589	6436	10455	1982	1.240	280	0.229	211	226	236	0	0	2	1	0	0	0	0	0	0	0	2.628	2.654	3.225	3.357	256	2815	38.439	2.212
948	estuario2_300_07agosto2013_600ml_tot_1	5181	163.503	52.597	243	74	245	94.953	68.492	99.533	67.138	855.904	12478	10485	253	137	175.647	37.556	18.911	0.089	269.551	847111	152	0.176	-1.440	0.019	12705	10485	5180	1.218	386	0.278	116	151	219	0	0	6	1	0	0	0	0	0	0	0	10.679	10.818	11.632	11.783	776	17934	50.886	2.915
949	estuario2_300_07agosto2013_600ml_tot_1	3071	172.814	50.177	230	91	244	30.483	41.080	30.662	43.030	313.161	5376	10486	58	97	89.275	43.798	71.069	0.394	102.883	530713	178	-0.096	-1.526	0.098	5405	10486	3068	1.145	198	0.176	118	177	221	0	0	1	1	0	0	0	0	0	0	0	2.726	2.767	3.095	3.145	306	3776	8.837	2.707
950	estuario2_300_07agosto2013_600ml_tot_1	4982	186.947	52.198	243	81	249	47.453	68.457	49.150	64.060	681.678	8629	10487	109	154	122.879	51.622	75.353	0.135	163.625	931368	210	-0.731	-0.978	0.401	8710	10487	4962	1.227	460	0.339	140	209	229	0	0	2	4	0	0	0	0	0	0	0	4.655	4.804	4.581	4.710	522	10785	79.780	2.679
951	estuario2_300_07agosto2013_600ml_tot_1	5116	183.740	44.582	240	87	244	73.917	73.821	77.838	73.972	799.159	7170	10513	158	123	124.832	52.181	168.674	0.101	166.292	940012	194	-0.309	-1.327	0.078	7210	10513	5112	1.259	443	0.297	140	193	224	0	0	4	6	0	0	0	0	0	0	0	4.964	5.030	5.515	5.638	558	11755	56.601	2.636
952	estuario2_300_07agosto2013_600ml_tot_1	2140	171.698	52.983	243	80	243	62.820	51.187	60.688	51.225	433.269	10808	10526	105	94	60.342	45.155	152.009	0.143	121.511	367433	162	0.063	-1.607	0	10883	10526	2140	1.165	178	0.151	120	161	229	0	0	3	1	0	0	0	0	0	0	0	6.096	6.065	4.481	4.596	394	5830	21.222	2.281
953	estuario2_300_07agosto2013_600ml_tot_1	3414	196.364	32.798	243	124	246	76.146	45.762	76.457	46.285	534.583	3693	10530	143	89	104.316	41.670	24.193	0.150	156.541	670388	196	-0.098	-1.334	0.293	3826	10530	3404	1.219	319	0.246	166	195	228	0	0	5	2	0	0	0	0	0	0	0	5.661	5.279	6.811	6.480	460	6880	39.369	4.825
954	estuario2_300_07agosto2013_600ml_tot_1	1037	208.823	36.880	243	116	254	25.229	17.144	26.106	17.466	133.439	3550	10536	47	35	46.322	28.503	158.350	0.732	48.847	216549	216	-1.003	0.133	15.622	3568	10536	875	1.147	81	0.072	189	208	229	0	0	1	2	0	0	0	0	0	0	0	2.027	2.119	2.016	2.130	160	1101	2.873	2.311
955	estuario2_300_07agosto2013_600ml_tot_1	2085	214.040	19.049	224	158	243	33.805	39.931	34.194	39.630	233.078	2587	10557	58	71	58.640	45.271	52.677	0.482	74.947	446273	217	-0.681	-0.148	0	2642	10557	2085	1.101	110	0.201	203	216	227	0	0	1	4	0	0	0	0	0	0	0	2.562	2.688	2.587	2.786	253	2575	6.211	2.333
956	estuario2_300_07agosto2013_600ml_tot_1	2429	170.719	51.689	243	94	251	48.276	57.642	48.058	58.857	378.777	6532	10557	77	98	86.436	35.780	80.463	0.213	107.615	414677	162	0.095	-1.616	0.453	6586	10557	2418	1.168	266	0.157	120	160	225	0	0	2	1	0	0	0	0	0	0	0	4.204	4.378	3.822	3.948	345	4169	22.721	1.722
957	estuario2_300_07agosto2013_600ml_tot_1	5576	164.860	61.219	243	47	246	34.531	84.213	35.454	83.898	635.495	12013	10558	85	156	134.323	52.855	97.005	0.174	158.493	919260.000	176	-0.247	-1.490	0.323	12025	10558	5558	1.206	436	0.296	99	174	223	0	0	2	2	0	0	0	0	0	0	0	3.700	3.624	4.290	4.288	478	9854	64.224	3.369
958	estuario2_300_07agosto2013_600ml_tot_1	8251	168.513	65.442	243	41	255	82.986	127.423	84.157	115.845	1264.219	13227	10569	167	266	163.951	64.077	70.978	0.065	276.101	1390398	187	-0.667	-0.926	1.794	13378	10569	8103	1.292	749	0.424	122	184	222	0	0	3	5	0	0	0	0	0	0	0	8.151	7.794	10.273	9.914	862	23041	142.725	1.945
959	estuario2_300_07agosto2013_600ml_tot_1	3997	128.575	55.968	79	62	243	49.465	42.350	47.168	43.777	330.617	12983	10586	104	91	130.868	38.888	36.765	0.460	128.226	513913	105	0.833	-0.739	0	13070	10586	3997	1.105	179	0.248	83	104	168	0	0	4	4	0	0	0	0	0	0	0	3.259	3.282	3.661	3.691	386	4424	10.554	1.723
960	estuario2_300_07agosto2013_600ml_tot_1	1021	203.440	21.284	202	154	243	22.256	17.663	22.198	17.529	138.853	5294	10619	46	38	40.128	32.395	162.753	0.665	47.297	207712	203	0.002	-0.745	0	5313	10619	1021	1.044	68	0.087	187	202	218	0	0	3	3	0	0	0	0	0	0	0	2.198	2.278	2.152	2.241	164	1154	0.171	2.067
961	estuario2_300_07agosto2013_600ml_tot_1	1542	209.985	28.312	241	127	243	25.043	27.780	25.092	28.026	295.848	2718	10644	71	63	52.396	37.471	123.437	0.221	77.473	323797	218	-0.818	-0.341	0	2730	10644	1542	1.143	156	0.137	190	217	233	0	0	3	1	0	0	0	0	0	0	0	3.680	3.805	3.000	3.049	263	2912	13.788	2.446
962	estuario2_300_07agosto2013_600ml_tot_1	2073	170.736	52.519	243	79	243	33.047	36.312	31.889	37.539	393.789	11568	10667	82	95	59.622	44.269	178.491	0.168	96.690	353936	157	0.090	-1.612	0	11602	10667	2073	1.177	195	0.141	120	156	228	0	0	3	1	0	0	0	0	0	0	0	4.906	4.923	3.325	3.394	349	4548	16.630	4.755
963	estuario2_300_07agosto2013_600ml_tot_1	1025	219.991	19.797	241	161	245	13.990	50.379	14.092	49.924	221.907	873	10690	32	79	59.941	21.773	102.703	0.262	79.101	225491	227	-0.752	-0.466	0.390	889	10690	1021	1.130	126	0.114	204	226	236	0	0	1	1	0	0	0	0	0	0	0	4.544	4.720	5.845	5.965	218	1764	9.258	2.370
964	estuario2_300_07agosto2013_600ml_tot_1	2940	147.172	60.628	82	70	243	60.143	70.618	59.747	70.088	406.725	8601	10697	122	141	195.472	19.150	131.363	0.223	177.102	432685.000	130	0.321	-1.485	0	8610	10697	2940	1.170	154	0.182	87	129	210	0	0	2	1	0	0	0	0	0	0	0	8.310	8.340	10.283	10.311	522	3497	19.482	1.481
965	estuario2_300_07agosto2013_600ml_tot_1	645	234.403	5.492	232	221	243	57.981	36.737	58.016	36.781	278.818	6244	10705	102	76	99.224	8.277	143.667	0.104	127.201	151190	234	-0.191	-0.896	0	6244	10705	645	1.122	108	0.121	229	233	238	0	0	0	3	0	0	0	0	0	0	0	17.375	17.115	21.669	21.420	352	1232	7.107	2
966	estuario2_300_07agosto2013_600ml_tot_1	870	205.797	26.692	239	134	243	44.049	45.601	44.793	44.776	267.203	14485	10722	89	90	120.775	9.172	47.095	0.153	123.762	179043	208	-0.495	-0.674	0	14571	10722	870	1.135	97	0.071	187	207	228	0	0	2	2	0	0	0	0	0	0	0	12.618	12.609	16.356	16.340	353	1356	0.939	1.726
967	estuario2_300_07agosto2013_600ml_tot_1	4241	170.315	61.465	91	79	255	54.580	75.575	53.643	78.845	677.453	7036	10726	118	138	110.250	48.978	73.155	0.116	140.428	722305	175	-0.095	-1.651	8.701	7095	10726	3872	1.275	556	0.276	99	162	225	0	0	1	1	0	0	0	0	0	0	0	5.129	5.147	3.786	3.872	507	8590	31.834	5.622
968	estuario2_300_07agosto2013_600ml_tot_1	1628	173.492	49.260	243	85	248	27.842	32.281	28.645	31.193	206.108	2722	10727	54	56	59.535	34.817	51.508	0.482	70.725	282445	176	-0.116	-1.385	0.123	2770	10727	1626	1.097	142	0.092	126	175	220	0	0	1	1	0	0	0	0	0	0	0	2.328	2.429	2.488	2.646	216	1955	7.820	2.508
969	estuario2_300_07agosto2013_600ml_tot_1	3761	181.843	46.374	242	96	243	63.359	41.491	65.430	40.163	577.352	3890	10729	144	93	117.078	40.901	25.609	0.142	160.552	683911	192	-0.269	-1.418	0	3915	10729	3761	1.216	270	0.225	132	191	224	0	0	1	4	0	0	0	0	0	0	0	5.118	5.096	6.237	6.253	470	7742	33.853	1.819
970	estuario2_300_07agosto2013_600ml_tot_1	3174	167.927	59.740	243	74	243	84.466	90.921	81.938	88.617	661.276	12142	10756	136	143	73.320	55.118	127.116	0.091	165.012	532999	171	-0.082	-1.673	0	12247	10756	3174	1.205	321	0.216	104	170	229	0	0	1	1	0	0	0	0	0	0	0	8.223	8.308	5.993	5.992	554	10304	51.960	2.469
971	estuario2_300_07agosto2013_600ml_tot_1	4650	177.752	50.097	243	94	243	53.496	79.046	50.853	83.516	686.465	3738	10767	126	183	104.774	56.508	71.035	0.124	184.981	826548	186	-0.227	-1.478	0	3739	10767	4650	1.194	349	0.289	125	185	226	0	0	2	3	0	0	0	0	0	0	0	6.801	6.801	3.645	3.937	614	12692	69.521	4.044
972	estuario2_300_07agosto2013_600ml_tot_1	1153	162.029	47.871	243	91	246	31.966	16.255	31.565	16.338	172.167	8553	10774	64	35	65.841	22.297	14.645	0.489	64.938	186820	146	0.438	-1.316	0.087	8600	10774	1152	1.077	68	0.076	118	145	209	0	0	3	1	0	0	0	0	0	0	0	3.028	3.082	3.419	3.483	194	1346	2.589	2.091
973	estuario2_300_07agosto2013_600ml_tot_1	1068	199.450	26.672	193	136	243	15.489	24.683	15.435	25.234	171.581	9009	10796	36	52	49.090	27.701	80.109	0.456	53.600	213013	198	-0.151	-0.751	0	9024	10796	1068	1.092	81	0.082	179	197	221	0	0	2	3	0	0	0	0	0	0	0	2.335	2.403	2.499	2.605	172	1336	1.636	2.106
974	estuario2_300_07agosto2013_600ml_tot_1	1322	153.594	50.616	109	89	243	33.362	16.815	32.969	16.464	186.610	12543	10796	70	31	74.016	22.741	168.725	0.477	72.801	203051	137	0.500	-1.249	0	12545	10796	1322	1.076	75	0.083	108	136	200	0	0	1	1	0	0	0	0	0	0	0	2.924	2.981	3.479	3.571	198	1473	2.170	1.794
975	estuario2_300_07agosto2013_600ml_tot_1	2100	182.850	49.792	239	91	243	52.971	65.743	55.308	66.191	501.671	7736	10798	102	144	54.722	48.862	159.230	0.105	145.825	383985	189	-0.137	-1.639	0	7834	10798	2100	1.162	246	0.172	133	188	233	0	0	2	1	0	0	0	0	0	0	0	9.986	10.042	3.644	3.748	488	7212	29.732	2.667
976	estuario2_300_07agosto2013_600ml_tot_1	3824	160.683	64.995	82	64	247	35.440	60.585	35.515	61.415	531.269	12621	10802	112	143	95.223	51.131	93.071	0.170	162.012	614452	174	-0.136	-1.660	0.235	12657	10802	3815	1.179	330	0.246	86	172	226	0	0	1	1	0	0	0	0	0	0	0	5.627	5.631	3.790	3.806	506	8762	25.879	2.960
977	estuario2_300_07agosto2013_600ml_tot_1	1052	163.198	51.787	104	90	243	20.075	32.125	20.172	32.116	177.966	7838	10807	43	66	78.091	17.152	61.968	0.417	73.824	171684	154	0.210	-1.513	0	7872	10807	1052	1.089	58	0.067	111	153	216	0	0	2	1	0	0	0	0	0	0	0	4.059	4.016	4.888	4.786	214	1208	2.124	1.644
978	estuario2_300_07agosto2013_600ml_tot_1	2757	137.437	65.548	64	56	243	74.239	32.873	75.395	32.589	381.647	8105	10810	153	69	175.076	20.050	20.825	0.238	160.975	378914	117	0.378	-1.438	0	8242	10810	2757	1.154	172	0.153	75	116	207	0	0	1	1	0	0	0	0	0	0	0	7.202	7.166	9.074	9.006	440	3127	7.180	1.342
979	estuario2_300_07agosto2013_600ml_tot_1	887	232.239	8.478	241	181	243	73.058	10.497	73.618	10.490	335.563	8786	10816	141	22	102.772	10.989	1.182	0.099	141.014	205996	233	-1.647	5.242	0	8910	10816	887	1.151	153	0.149	227	232	238	0	0	2	3	0	0	0	0	0	0	0	15.860	15.648	20.901	20.527	322	2024	13.686	1.800
980	estuario2_300_07agosto2013_600ml_tot_1	1655	172.007	51.573	243	88	243	20.157	40.931	20.634	41.664	305.161	10440	10826	65	78	63.684	33.089	109.904	0.223	78.237	284672	169	0.030	-1.598	0	10444	10826	1655	1.154	129	0.108	121	168	226	0	0	3	2	0	0	0	0	0	0	0	3.976	4.146	3.534	3.666	282	2934	13.639	1.690
981	estuario2_300_07agosto2013_600ml_tot_1	1179	167.183	49.864	243	82	243	23.496	23.436	22.988	23.578	163.823	12324	10864	45	48	42.703	35.153	43.014	0.552	49.477	197109.000	163	0.064	-1.391	0	12357	10864	1179	1.073	95	0.062	120	162	217	0	0	2	1	0	0	0	0	0	0	0	2.295	2.359	2.347	2.314	182	1392	2.962	1.569
982	estuario2_300_07agosto2013_600ml_tot_1	1861	201.920	31.658	223	101	244	38.172	39.603	39.326	38.582	343.747	11809	10871	94	95	100.584	23.557	44.861	0.198	130.832	375774	209	-0.892	0.191	0.054	11894	10871	1860	1.163	161	0.136	182	207	226	0	0	3	5	0	0	0	0	0	0	0	6.513	6.167	6.289	6.390	374	3771	6.164	1.636
983	estuario2_300_07agosto2013_600ml_tot_1	2002	208.624	21.153	242	149	244	41.166	20.116	41.435	20.423	304.877	2272	10876	88	53	67.777	37.609	176.533	0.271	90.028	417665	208	-0.121	-0.819	0.050	2280	10876	2001	1.168	146	0.175	192	207	225	0	0	3	2	0	0	0	0	0	0	0	3.426	3.239	4.132	3.975	278	2871	10.388	2.339
984	estuario2_300_07agosto2013_600ml_tot_1	2830	203.529	31.436	224	98	247	37.072	44.541	36.480	45.059	294.191	9023	10878	68	97	99.152	36.341	67.406	0.411	100.722	575986	212	-0.966	0.310	0.318	9068	10878	2821	1.151	194	0.212	184	211	227	0	0	3	3	0	0	0	0	0	0	0	3.295	3.348	3.485	3.645	326	3608	13.681	1.458
985	estuario2_300_07agosto2013_600ml_tot_1	2419	118.894	67.301	62	46	243	35.381	27.812	35.428	27.966	229.220	6123	10887	75	58	76.284	40.375	28.423	0.579	78.892	287605	87	0.679	-1.126	0	6163	10887	2419	1.088	128	0.169	61	86	181	0	0	1	1	0	0	0	0	0	0	0	2.511	2.480	2.756	2.737	262	2595	6.653	2.065
986	estuario2_300_07agosto2013_600ml_tot_1	1563	160.600	57.587	240	66	244	26.232	30.451	27.133	29.293	221.865	9263	10900	54	55	57.607	34.546	48.260	0.399	70.292	251018	163	-0.102	-1.359	0.064	9287	10900	1562	1.106	124	0.078	106	161	216	0	0	1	1	0	0	0	0	0	0	0	2.475	2.502	2.217	2.269	214	2021	5.215	1.786
987	estuario2_300_07agosto2013_600ml_tot_1	1495	150.286	60.470	66	45	243	24.320	25.336	24.983	27.146	197.865	13076	10900	44	60	52.619	36.175	114.175	0.480	60.299	224678	149	-0.024	-1.332	0	13107	10900	1495	1.093	104	0.067	93	148	206	0	0	1	1	0	0	0	0	0	0	0	2.369	2.481	2.374	2.499	204	1727	2.906	1.900
988	estuario2_300_07agosto2013_600ml_tot_1	2248	197.007	29.875	243	137	245	91.182	43.472	91.078	43.301	504.115	6806	10908	145	126	94.641	30.243	139.449	0.111	181.400	442872	194	0.020	-1.309	0.044	6854	10908	2247	1.191	218	0.165	170	193	225	0	0	4	3	0	0	0	0	0	0	0	11.065	10.770	14.342	14.147	538	8049	14.478	2.154
989	estuario2_300_07agosto2013_600ml_tot_1	1921	166.974	56.677	243	51	243	31.713	26.073	32.564	27.385	279.948	9135	10972	73	51	63.141	38.737	149.280	0.308	73.553	320757	179	-0.332	-1.237	0	9153	10972	1921	1.151	159	0.093	114	178	218	0	0	1	2	0	0	0	0	0	0	0	2.464	2.651	2.682	2.858	244	2719	8.352	2.411
990	estuario2_300_07agosto2013_600ml_tot_1	3088	175.864	49.217	242	79	243	55.265	67.744	54.814	67.239	563.026	9723	10984	137	126	86.369	45.523	73.795	0.122	142.720	543067	172	-0.050	-1.488	0	9723	10984	3088	1.162	292	0.192	128	171	226	0	0	3	1	0	0	0	0	0	0	0	7.681	7.841	3.878	3.927	521	9108	23.325	1.655
991	estuario2_300_07agosto2013_600ml_tot_1	1648	174.333	48.734	243	93	251	38.762	27.508	40.130	27.303	258.635	4790	10994	76	46	69.542	30.173	168.630	0.310	77.279	287301	176	-0.012	-1.508	0.971	4820	10994	1632	1.167	160	0.098	125	173	222	0	0	1	1	0	0	0	0	0	0	0	3.115	3.064	3.732	3.634	240	2212	8.325	2.641
992	estuario2_300_07agosto2013_600ml_tot_1	3827	168.278	64.913	242	66	250	58.469	44.247	58.794	45.549	691.803	11724	11005	157	128	87.039	55.983	165.024	0.100	163.322	644001	193	-0.255	-1.674	0.888	11877	11005	3793	1.223	364	0.266	94	190	229	0	0	1	1	0	0	0	0	0	0	0	7.120	7.225	6.864	6.878	566	11249	51.890	2.303
993	estuario2_300_07agosto2013_600ml_tot_1	1487	192.505	36.438	242	104	243	27.612	27.881	28.874	29.124	278.191	9541	11016	87	72	67.384	28.097	138.782	0.241	106.301	286255	195	-0.319	-1.158	0	9555	11016	1487	1.120	123	0.098	159	194	225	0	0	1	1	0	0	0	0	0	0	0	5.467	5.762	1.787	1.844	314	2721	2.017	3.121
994	estuario2_300_07agosto2013_600ml_tot_1	17671	181.748	53.754	229	45	246	424.997	211.249	411.482	205.947	2440.990	6948	11036	599	421	318.152	70.719	149.434	0.037	732.149	3211666	206	-0.772	-0.815	0.057	6948	11036	17661	1.256	1289	1.059	136	205	224	0	0	2	5	0	0	0	0	0	0	0	21.007	21.303	10.684	10.685	2036	65283	189.137	8.843
995	estuario2_300_07agosto2013_600ml_tot_1	1014	130.239	68.534	67	56	243	17.273	21.466	17.321	21.587	128.267	5891	11055	35	43	43.229	29.865	64.571	0.774	43.417	132062	101	0.487	-1.425	0	5908	11055	1014	1.027	30	0.081	66	99	204	0	0	2	1	0	0	0	0	0	0	0	2.008	2.020	2.147	2.182	152	1057	3.583	1.450
996	estuario2_300_07agosto2013_600ml_tot_1	1972	226.537	13.854	236	145	247	24.957	30.759	24.675	30.342	240.191	3049	11078	52	62	56.557	44.394	115.942	0.430	65.788	446730	230	-1.974	6.250	0.406	3062	11078	1964	1.141	200	0.261	219	228	235	0	0	2	2	0	0	0	0	0	0	0	2.191	2.178	2.434	2.485	224	2357	26.827	3.711
997	estuario2_300_07agosto2013_600ml_tot_1	1544	171.148	53.933	93	88	246	31.519	23.731	33.096	24.000	252.007	3277	11102	77	44	70.540	27.869	172.875	0.306	78.588	264252	183	-0.193	-1.486	0.130	3292	11102	1542	1.119	164	0.099	113	182	222	0	0	1	2	0	0	0	0	0	0	0	3.144	3.494	3.155	3.535	238	2314	5.496	2.333
998	estuario2_300_07agosto2013_600ml_tot_1	1320	192.923	31.641	240	119	243	18.358	37.783	18.311	37.819	181.480	9556	11109	35	66	57.608	29.174	76.338	0.504	67.082	254658.000	195	-0.193	-1.006	0	9579	11109	1320	1.085	108	0.088	167	194	218	0	0	4	1	0	0	0	0	0	0	0	2.741	2.810	2.423	2.493	198	1578	2.558	2.069
999	estuario2_300_07agosto2013_600ml_tot_1	1317	105.903	78.707	36	32	243	22.785	25.853	22.853	25.425	156.853	12054	11120	43	45	43.730	38.345	80.454	0.673	47.927	139474	60	0.666	-1.252	0	12076	11120	1317	1.046	73	0.129	38	59	188	0	0	1	1	0	0	0	0	0	0	0	1.774	1.978	1.918	2.126	172	1418	2.281	1.732
1000	estuario2_300_07agosto2013_600ml_tot_1	975	139.574	61.128	67	61	243	21.571	15.279	21.532	14.709	133.054	13562	11125	39	34	39.741	31.238	135.711	0.692	46.690	136085	122	0.436	-1.287	0	13566	11125	975	1.030	31	0.055	83	121	200	0	0	1	1	0	0	0	0	0	0	0	1.766	1.731	1.932	1.860	142	1039	0.778	3.036
1001	estuario2_300_07agosto2013_600ml_tot_1	4337	172.405	51.406	241	77	249	73.914	78.438	75.784	78.788	635.997	11241	11137	117	162	94.533	58.414	118.364	0.135	165.952	747722	170	-0.012	-1.543	0.507	11352	11137	4315	1.214	362	0.252	122	169	225	0	0	3	3	0	0	0	0	0	0	0	5.995	5.811	5.719	5.565	553	10845	45.416	2.988
1002	estuario2_300_07agosto2013_600ml_tot_1	2130	184.561	45.855	242	93	243	76.122	39.911	74.981	40.378	424.600	9557	11153	109	82	64.243	42.215	31.630	0.148	115.836	393114	183	-0.123	-1.513	0	9659	11153	2130	1.163	193	0.159	141	182	231	0	0	3	1	0	0	0	0	0	0	0	5.616	5.591	3.872	3.926	378	5156	25.559	3.579
1003	estuario2_300_07agosto2013_600ml_tot_1	1714	175.672	40.182	137	96	243	63.850	26.952	64.131	26.905	311.806	7973	11165	127	54	146.692	14.877	19.936	0.222	133.462	301101	164	0.323	-1.292	0	8092	11165	1714	1.149	129	0.116	140	163	215	0	0	6	1	0	0	0	0	0	0	0	7.790	7.767	9.663	9.680	358	1960	2.767	1.535
1004	estuario2_300_07agosto2013_600ml_tot_1	1491	151.159	60.183	238	53	243	20.452	31.402	20.504	31.086	185.865	12727	11178	39	65	55.565	34.165	92.400	0.542	65.765	225378.000	148	0.043	-1.397	0	12742	11178	1491	1.083	92	0.069	92	147	207	0	0	1	1	0	0	0	0	0	0	0	2.548	2.556	2.514	2.555	204	1689	1.925	1.565
1005	estuario2_300_07agosto2013_600ml_tot_1	5491	123.722	74.368	44	36	243	135.818	102.920	134.617	102.863	701.335	14031	11197	242	158	191.353	36.536	29.578	0.140	282.491	679357	99	0.370	-1.492	0	14258	11197	5491	1.188	318	0.358	50	98	201	0	0	3	1	0	0	0	0	0	0	0	10.612	10.019	13.652	13.060	796	13906	26.853	1.738
1006	estuario2_300_07agosto2013_600ml_tot_1	1986	124.855	72.489	55	37	244	28.001	43.701	27.612	44.861	249.463	12385	11207	54	91	97.991	25.805	66.802	0.401	95.818	247963	96	0.443	-1.419	0.050	12428	11207	1985	1.117	117	0.111	58	94	201	0	0	1	1	0	0	0	0	0	0	0	3.842	3.837	4.341	4.332	286	2271	7.349	1.632
1007	estuario2_300_07agosto2013_600ml_tot_1	811	189.338	42.543	240	88	243	19.027	35.643	19.242	34.179	171.924	11425	11230	33	58	46.258	22.323	85.173	0.345	59.228	153553	200	-0.671	-0.671	0	11438	11230	811	1.091	64	0.054	161	199	225	0	0	1	3	0	0	0	0	0	0	0	3.324	3.449	3.649	3.836	178	1256	1.428	1.895
1008	estuario2_300_07agosto2013_600ml_tot_1	1040	193.865	31.684	242	141	243	48.944	22.320	49.722	22.058	241.622	10769	11232	102	44	114.916	11.523	22.253	0.224	108.849	201620	191	0.118	-1.420	0	10862	11232	1040	1.124	98	0.080	163	190	224	0	0	2	1	0	0	0	0	0	0	0	8.277	8.321	10.151	10.209	288	1199	1.621	1.784
1009	estuario2_300_07agosto2013_600ml_tot_1	732	191.501	38.842	242	121	243	16.810	15.288	16.811	15.521	131.681	3852	11252	36	35	33.606	27.734	141.022	0.530	41.340	140179	197	-0.199	-1.438	0	3853	11252	732	1.046	71	0.056	151	196	228	0	0	1	1	0	0	0	0	0	0	0	2.145	2.292	2.016	2.136	137	903	1.368	3
1010	estuario2_300_07agosto2013_600ml_tot_1	698	209.372	27.167	210	133	255	14.811	16.172	14.547	16.086	115.882	13053	11259	28	34	34.603	25.683	104.419	0.653	35.440	146142	214	-0.662	-0.298	5.731	13062	11259	658	1.096	80	0.055	190	211	227	0	0	1	2	0	0	0	0	0	0	0	1.675	1.733	1.585	1.643	120	761	0.457	1.692
1011	estuario2_300_07agosto2013_600ml_tot_1	831	182.309	45.187	240	105	243	17.926	20.318	17.754	20.645	129.439	5162	11264	35	39	34.199	30.938	116.987	0.623	39.459	151499	189	-0.210	-1.401	0	5176	11264	831	1.039	81	0.055	138	188	224	0	0	1	1	0	0	0	0	0	0	0	2.118	2.134	2.059	2.090	144	926	1.459	2.098
1012	estuario2_300_07agosto2013_600ml_tot_1	9426	161.872	60.860	241	67	250	100.226	110.951	102.534	113.324	1664.376	10474	11269	241	232	119.585	100.360	68.197	0.043	258.056	1525806	162	-0.021	-1.641	0.074	10621	11269	9419	1.289	897	0.530	100	161	224	0	0	4	4	0	0	0	0	0	0	0	7.762	8.033	7.551	7.527	941	33594	172.172	4.635
1013	estuario2_300_07agosto2013_600ml_tot_1	3190	152.413	62.856	93	64	245	43.764	35.059	46.111	36.927	512.926	10862	11274	103	83	92.783	43.776	142.973	0.152	113.406	486197	132	0.237	-1.652	0.063	10868	11274	3188	1.218	269	0.212	92	131	223	0	0	1	1	0	0	0	0	0	0	0	3.585	3.690	3.522	3.590	368	5397	20.880	3.714
1014	estuario2_300_07agosto2013_600ml_tot_1	814	210.864	20.009	220	166	243	17.665	17.133	17.702	17.044	126.853	5506	11279	38	37	32.721	31.675	127.120	0.636	38.471	171643	214	-0.210	-1.019	0	5521	11279	814	1.036	71	0.075	192	213	226	0	0	3	1	0	0	0	0	0	0	0	2.193	2.240	2.122	2.116	146	923	1.609	1.579
1015	estuario2_300_07agosto2013_600ml_tot_1	1283	194.062	42.165	242	84	250	21.931	19.469	22.391	20.255	163.924	9476	11332	45	40	42.936	38.047	10.152	0.600	48.836	248981	203	-0.665	-0.596	4.053	9487	11332	1231	1.118	137	0.083	163	199	227	0	0	1	1	0	0	0	0	0	0	0	1.742	1.835	1.988	2.051	166	1469	5.754	2.097
1016	estuario2_300_07agosto2013_600ml_tot_1	2112	184.012	44.081	243	102	244	36.438	24.932	36.150	26.161	419.061	4255	11342	85	101	72.869	36.903	35.344	0.151	122.319	388633	180	-0.014	-1.553	0.095	4322	11342	2110	1.170	228	0.157	141	179	231	0	0	3	1	0	0	0	0	0	0	0	5.254	5.293	3.719	3.764	368	4694	20.165	2.305
1017	estuario2_300_07agosto2013_600ml_tot_1	1749	194.388	42.572	239	97	243	30.409	17.615	31.782	17.624	205.622	3699	11356	69	38	67.425	33.028	5.954	0.520	69.871	339984	207	-0.784	-0.628	0	3725	11356	1749	1.084	128	0.124	164	206	229	0	0	1	1	0	0	0	0	0	0	0	2.221	2.423	2.503	2.727	210	2009	11.973	2.887
1018	estuario2_300_07agosto2013_600ml_tot_1	2855	154.893	55.697	242	68	243	36.282	36.215	38.980	38.228	314.617	12485	11374	75	90	93.266	38.976	132.730	0.362	110.259	442220.000	152	0.125	-1.398	0	12499	11374	2855	1.137	154	0.131	102	151	206	0	0	2	2	0	0	0	0	0	0	0	3.201	3.246	3.294	3.331	325	3393	10.425	2.167
1019	estuario2_300_07agosto2013_600ml_tot_1	1205	141.511	55.251	101	68	243	16.128	20.546	16.196	20.801	149.539	10877	11385	33	42	43.869	34.973	88.595	0.677	47.707	170521	115	0.650	-1.107	0	10883	11385	1205	1.040	32	0.081	96	114	194	0	0	3	1	0	0	0	0	0	0	0	1.572	1.588	1.451	1.504	146	1289	1.614	1.968
1020	estuario2_300_07agosto2013_600ml_tot_1	1781	104.634	70.336	50	46	243	25.752	24.006	26.295	24.225	176.066	6640	11390	51	51	50.021	45.334	93.610	0.722	53.254	186354	61	0.935	-0.809	0	6667	11390	1781	1.055	80	0.214	50	60	163	0	0	3	1	0	0	0	0	0	0	0	1.871	1.966	1.928	2.024	200	1913	1.231	1.506
1021	estuario2_300_07agosto2013_600ml_tot_1	2972	192.552	42.470	242	86	249	36.187	69.766	37.833	73.978	532.441	4571	11397	88	164	141.502	26.742	112.183	0.132	175.482	572264	202	-0.669	-0.719	0.942	4590	11397	2944	1.225	278	0.194	161	200	228	0	0	2	3	0	0	0	0	0	0	0	7.569	7.791	9.969	10.130	500	5980	33.881	2.568
1022	estuario2_300_07agosto2013_600ml_tot_1	1736	95.543	77.292	35	27	244	20.365	27.174	20.350	27.240	183.723	14235	11402	43	57	56.026	39.452	84.633	0.646	59.203	165863	47	0.882	-0.905	0.058	14245	11402	1735	1.063	96	0.190	35	46	161	0	0	2	1	0	0	0	0	0	0	0	1.867	1.968	2.037	2.162	196	1844	5.400	1.529
1023	estuario2_300_07agosto2013_600ml_tot_1	2557	155.919	61.597	93	68	251	37.164	34.446	38.544	34.085	364.659	11659	11419	111	83	80.779	40.303	42.090	0.242	118.330	398685	148	0.129	-1.651	0.821	11706	11419	2536	1.161	220	0.152	95	144	220	0	0	1	1	0	0	0	0	0	0	0	4.933	4.890	4.770	4.816	384	4951	11.793	1.920
1024	estuario2_300_07agosto2013_600ml_tot_1	2845	176.164	51.034	242	99	244	60.241	30.721	62.031	31.370	494.541	3533	11423	119	105	77.081	46.994	161.729	0.146	120.433	501187	182	-0.018	-1.720	0.105	3649	11423	2842	1.186	289	0.213	123	180	228	0	0	3	1	0	0	0	0	0	0	0	5.863	6.092	4.882	4.964	444	6734	26.441	2
1025	estuario2_300_07agosto2013_600ml_tot_1	3335	187.294	54.808	242	42	253	28.194	99.499	30.277	106.928	788.230	12915	11478	100	255	136.591	31.087	100.437	0.067	259.665	624625	204	-1.110	0.350	1.109	12965	11478	3298	1.233	409	0.224	158	202	231	0	0	2	6	0	0	0	0	0	0	0	15.344	15.419	10.082	10.496	706	14074	32.811	3.372
1026	estuario2_300_07agosto2013_600ml_tot_1	2621	188.834	38.764	243	55	245	41.437	34.027	41.115	34.611	292.333	13153	11478	83	71	70.700	47.202	156.347	0.385	87.316	494933	194	-0.950	0.979	0.076	13160	11478	2619	1.142	159	0.157	166	193	217	0	0	6	7	0	0	0	0	0	0	0	2.809	2.941	3.220	3.394	304	3412	7.614	3.053
1027	estuario2_300_07agosto2013_600ml_tot_1	2130	222.754	24.518	243	125	245	91.367	51.339	95.202	51.419	715.654	10010	11480	222	74	100.885	26.882	0.415	0.052	231.603	474465	233	-1.676	1.871	0.188	10229	11480	2126	1.196	350	0.296	217	232	238	0	0	2	1	0	0	0	0	0	0	0	17.482	17.508	22.556	22.699	587	13066	73.498	2.083
1028	estuario2_300_07agosto2013_600ml_tot_1	2803	167.696	53.252	243	78	245	28.101	46.108	28.501	45.206	496.742	10549	11485	101	106	86.629	41.197	75.650	0.143	134.317	470052	157	0.111	-1.508	0.071	10569	11485	2801	1.186	297	0.172	119	155	226	0	0	3	1	0	0	0	0	0	0	0	5.056	5.081	3.607	3.675	409	5940	30.507	1.914
1029	estuario2_300_07agosto2013_600ml_tot_1	967	125.920	70.489	47	44	243	16.876	18.710	16.728	18.764	126.024	10980	11490	36	39	40.157	30.660	46.199	0.765	43.417	121765	101	0.428	-1.409	0	11002	11490	967	1.024	44	0.060	59	100	197	0	0	1	1	0	0	0	0	0	0	0	1.875	1.903	1.975	2.024	146	1012	0.409	2.148
1030	estuario2_300_07agosto2013_600ml_tot_1	1112	208.714	30.520	229	113	246	15.367	33.807	15.361	34.355	168.652	5679	11506	29	64	56.594	25.018	85.794	0.491	64.938	232090	218	-1.410	1.491	0.090	5699	11506	1111	1.088	62	0.098	196	217	229	0	0	2	4	0	0	0	0	0	0	0	2.852	2.900	3.495	3.594	182	1326	1.480	1.916
1031	estuario2_300_07agosto2013_600ml_tot_1	17605	190.081	48.421	226	56	247	216.648	368.851	224.317	360.395	2148.554	3581	11509	568	544	377.815	59.329	44.268	0.048	783.629	3346369	214	-0.868	-0.590	0.210	4148	11509	17568	1.244	1258	1.235	154	212	226	0	0	3	7	0	0	0	0	0	0	0	24.514	24.737	15.103	15.083	2219	59453	175.883	6.947
1032	estuario2_300_07agosto2013_600ml_tot_1	6022	167.471	55.049	242	68	247	157.724	66.855	162.216	65.703	965.301	6724	11534	255	111	172.047	44.566	20.070	0.081	272.121	1008513.000	163	-0.030	-1.506	0.282	6968	11534	6005	1.255	610	0.323	116	162	224	0	0	3	2	0	0	0	0	0	0	0	8.426	8.454	12.433	12.431	728	16306	60.179	2.098
1033	estuario2_300_07agosto2013_600ml_tot_1	5186	145.810	53.494	98	65	244	57.410	52.603	57.147	54.609	416.257	12359	11535	104	103	97.038	68.046	58.314	0.376	116.400	756172.000	135	0.438	-1.161	0.019	12439	11535	5185	1.140	222	0.244	97	134	191	0	0	3	3	0	0	0	0	0	0	0	2.667	2.689	2.909	2.959	410	6754	20.046	2.315
1034	estuario2_300_07agosto2013_600ml_tot_1	740	181.074	39.699	243	110	243	12.288	18.995	12.204	19.614	124.610	9721	11536	29	40	40.308	23.375	69.191	0.599	40.522	133995	180	0.046	-1.357	0	9732	11536	740	1.033	42	0.047	143	179	219	0	0	1	1	0	0	0	0	0	0	0	2.066	2.163	2.260	2.404	134	843	1.229	1.500
1035	estuario2_300_07agosto2013_600ml_tot_1	1939	206.417	21.883	212	128	243	36.523	20.747	37.158	20.908	197.380	2545	11541	67	40	63.523	38.865	176.473	0.625	68.680	400242	208	-0.615	0.447	0	2572	11541	1939	1.072	99	0.166	192	207	221	0	0	2	3	0	0	0	0	0	0	0	2.048	2.114	2.235	2.330	209	2122	2.703	2.294
1036	estuario2_300_07agosto2013_600ml_tot_1	1624	129.451	69.067	60	55	245	41.592	18.816	41.124	18.571	229.966	6407	11546	83	34	86.596	23.878	172.266	0.386	84.723	210228.000	100	0.509	-1.399	0.062	6423	11546	1623	1.106	117	0.123	66	98	205	0	0	1	1	0	0	0	0	0	0	0	3.373	3.390	3.567	3.592	230	1924	4.885	1.828
1037	estuario2_300_07agosto2013_600ml_tot_1	7751	147.706	58.836	44	41	244	36.915	84.748	37.679	89.698	681.193	6606	11559	108	187	168.120	58.701	99.687	0.210	188.939	1144870	144	-0.046	-1.082	0.026	6641	11559	7749	1.155	407	0.285	103	143	200	0	0	4	2	0	0	0	0	0	0	0	4.079	4.015	4.274	4.284	585	13029	65.199	2.504
1038	estuario2_300_07agosto2013_600ml_tot_1	1247	151.122	62.990	242	68	243	36.906	21.752	37.152	21.575	198.894	4123	11561	74	38	77.149	20.580	18.198	0.396	78.186	188449	144	0.139	-1.584	0	4187	11561	1247	1.100	83	0.079	87	143	217	0	0	1	1	0	0	0	0	0	0	0	3.717	3.591	4.501	4.421	220	1669	0.927	1.636
1039	estuario2_300_07agosto2013_600ml_tot_1	816	202.928	36.983	243	109	243	19.346	18.679	19.501	17.931	190.551	4900	11589	37	39	36.240	28.669	70.061	0.282	42.048	165589	214	-1.168	0.278	0	4917	11589	816	1.149	68	0.071	190	213	229	0	0	1	2	0	0	0	0	0	0	0	2.034	2.235	2.404	2.694	148	1061	3.476	2
1040	estuario2_300_07agosto2013_600ml_tot_1	5022	169.211	63.680	242	65	244	92.232	79.141	95.171	77.162	1180.379	9954	11605	181	171	98.653	64.815	104.255	0.045	206.693	849779	186	-0.311	-1.537	0.080	9954	11605	5018	1.277	649	0.353	98	185	230	0	0	2	3	0	0	0	0	0	0	0	8.027	8.157	5.774	5.955	700	17991	100.493	4.484
1041	estuario2_300_07agosto2013_600ml_tot_1	1449	101.825	79.296	34	30	243	21.031	23.508	21.368	23.812	172.551	10972	11617	46	49	53.802	34.291	55.064	0.612	55.606	147544	54	0.727	-1.170	0	11003	11617	1449	1.063	84	0.155	35	53	181	0	0	1	1	0	0	0	0	0	0	0	2.007	2.011	2.165	2.140	186	1589	3.232	2.143
1042	estuario2_300_07agosto2013_600ml_tot_1	3304	140.134	61.980	80	52	243	71.181	71.707	71.410	71.655	444.666	11126	11620	142	143	212.922	19.757	45.344	0.210	192.416	463004.000	116	0.459	-1.381	0	11259	11620	3304	1.176	223	0.200	83	115	205	0	0	9	1	0	0	0	0	0	0	0	8.662	8.691	11.025	11.042	566	3782	31.343	1.469
1043	estuario2_300_07agosto2013_600ml_tot_1	4568	183.198	27.196	182	109	244	51.982	38.085	51.331	38.461	306.090	5852	11629	102	77	95.205	61.091	29.757	0.613	104.120	836847	180	0.248	0.028	0.022	5919	11629	4567	1.089	159	0.383	167	179	195	0	0	6	3	0	0	0	0	0	0	0	2.411	2.342	2.747	2.604	353	5141	4.020	2.094
1044	estuario2_300_07agosto2013_600ml_tot_1	2231	182.331	34.811	165	111	243	31.229	35.367	32.294	34.156	256.534	6889	11642	58	66	68.507	41.464	54.940	0.426	74.061	406780	175	0.182	-1.085	0	6930	11642	2231	1.129	200	0.141	154	174	211	0	0	1	2	0	0	0	0	0	0	0	2.274	2.233	2.456	2.368	244	2707	6.722	1.543
1045	estuario2_300_07agosto2013_600ml_tot_1	1196	200.310	29.040	243	125	244	43.496	22.294	43.944	22.190	250.978	9777	11674	85	36	79.090	19.254	10.347	0.239	85.988	239571	199	-0.205	-0.954	0.084	9841	11674	1195	1.146	136	0.092	177	198	226	0	0	4	2	0	0	0	0	0	0	0	4.796	4.609	5.756	5.577	238	2015	8.193	1.779
1046	estuario2_300_07agosto2013_600ml_tot_1	1582	148.482	62.048	61	50	243	17.968	31.769	18.029	33.215	211.179	13038	11704	43	67	56.244	35.813	88.739	0.446	69.570	234899	144	0.074	-1.376	0	13043	11704	1582	1.104	104	0.077	91	143	208	0	0	1	1	0	0	0	0	0	0	0	2.525	2.592	2.489	2.612	216	1999	4.088	2.467
1047	estuario2_300_07agosto2013_600ml_tot_1	2215	200.928	24.349	204	138	243	30.740	24.555	31.111	23.605	187.865	12112	11730	63	54	58.799	47.964	21.896	0.789	63.789	445055	203	-0.414	-0.481	0	12145	11730	2215	1.055	27	0.176	185	202	219	0	0	1	1	0	0	0	0	0	0	0	2.026	2.128	2.211	2.228	230	2320	1.945	1.608
1048	estuario2_300_07agosto2013_600ml_tot_1	2410	169.039	53.434	242	81	243	57.442	35.571	59.177	35.297	398.960	8624	11751	107	81	79.402	38.645	173.052	0.190	109.238	407385	162	0.049	-1.652	0	8727	11751	2410	1.170	192	0.154	115	161	224	0	0	2	1	0	0	0	0	0	0	0	4.943	4.996	4.634	4.739	372	4688	9.334	1.921
1049	estuario2_300_07agosto2013_600ml_tot_1	3316	178.686	49.582	243	90	244	39.365	69.582	37.425	69.378	713.075	6820	11770	107	149	69.410	60.828	129.818	0.082	149.121	592524	184	-0.153	-1.542	0.030	6834	11770	3315	1.251	438	0.222	126	182	227	0	0	2	3	0	0	0	0	0	0	0	6.383	6.502	5.213	5.193	508	9618	53.335	5.012
1050	estuario2_300_07agosto2013_600ml_tot_1	1328	197.206	40.310	238	102	245	31.112	27.267	31.665	26.696	298.233	12699	11803	79	58	59.682	28.331	31.721	0.188	80.062	261889	209	-0.756	-0.604	0.075	12745	11803	1327	1.175	160	0.099	168	208	231	0	0	2	2	0	0	0	0	0	0	0	4.549	4.595	2.338	2.354	270	2844	6.490	2.750
1051	estuario2_300_07agosto2013_600ml_tot_1	1353	233.618	9.415	242	198	251	26.596	43.318	26.430	43.492	473.654	1795	11813	52	87	66.079	26.070	65.703	0.076	88.645	316085	237	-1.146	0.670	2.365	1832	11813	1321	1.285	340	0.240	227	236	240	0	0	1	3	0	0	0	0	0	0	0	4.816	4.914	3.440	3.367	274	2592	128.277	3.833
1052	estuario2_300_07agosto2013_600ml_tot_1	836	231.817	9.465	242	200	250	20.103	26.161	20.142	26.098	168.794	12944	11813	40	50	53.723	19.813	118.824	0.369	63.411	193799	234	-0.691	-0.251	4.306	12944	11813	800	1.147	138	0.125	224	233	238	0	0	2	3	0	0	0	0	0	0	0	3.109	3.172	3.750	3.866	176	994	5.358	2.722
1053	estuario2_300_07agosto2013_600ml_tot_1	2645	201.811	29.424	243	115	245	26.322	40.406	26.075	40.150	269.262	2687	11815	58	73	73.564	45.779	110.177	0.458	77.621	533790	205	-0.525	-0.517	0.151	2714	11815	2641	1.135	162	0.192	179	204	227	0	0	4	1	0	0	0	0	0	0	0	2.087	2.153	2.195	2.307	258	3165	19.624	3.158
1054	estuario2_300_07agosto2013_600ml_tot_1	3277	222.217	20.678	240	147	247	47.911	105.110	47.771	105.077	656.164	1414	11816	91	205	122.455	34.073	81.906	0.096	210.278	728205	229	-1.490	1.697	0.854	1465	11816	3249	1.234	426	0.386	214	228	236	0	0	5	5	0	0	0	0	0	0	0	10.461	10.151	8.192	8.486	588	9382	121.867	3.567
1055	estuario2_300_07agosto2013_600ml_tot_1	1658	180.569	48.807	239	76	245	27.662	26.444	29.292	26.015	231.865	3443	11825	65	48	60.388	34.958	19.095	0.388	71.197	299383	191	-0.453	-1.102	0.060	3504	11825	1657	1.118	124	0.095	137	190	224	0	0	1	1	0	0	0	0	0	0	0	2.414	2.521	2.814	2.994	222	2205	6.788	2.416
1056	estuario2_300_07agosto2013_600ml_tot_1	1761	164.764	49.517	240	92	243	59.026	24.472	59.573	24.463	305.463	7532	11850	124	53	136.683	16.404	19.884	0.237	131.244	290149	152	0.281	-1.467	0	7636	11850	1761	1.147	128	0.109	117	151	216	0	0	4	1	0	0	0	0	0	0	0	7.206	7.167	8.393	8.323	350	2135	3.069	1.544
1057	estuario2_300_07agosto2013_600ml_tot_1	3307	169.983	55.184	101	97	246	34.102	58.573	34.853	60.524	503.855	2541	11901	118	132	83.575	50.381	108.614	0.164	149.723	562135	173	-0.008	-1.691	0.060	2589	11901	3305	1.160	348	0.263	108	171	226	0	0	1	1	0	0	0	0	0	0	0	6.259	6.247	3.175	3.252	496	7597	31.627	2.568
1058	estuario2_300_07agosto2013_600ml_tot_1	3484	173.610	52.463	242	98	243	67.398	64.494	71.336	65.614	627.411	2847	11913	140	165	75.606	58.672	165.440	0.111	170.018	604857	171	0.014	-1.724	0	2984	11913	3484	1.174	287	0.256	119	170	228	0	0	1	1	0	0	0	0	0	0	0	9.068	9.350	5.933	6.055	606	11666	21.315	2.033
1059	estuario2_300_07agosto2013_600ml_tot_1	3400	165.083	60.555	243	75	252	40.642	53.819	38.690	53.525	375.044	9308	11937	98	98	107.567	40.245	126.281	0.304	118.714	561283	166	0.006	-1.697	2.471	9327	11937	3316	1.199	325	0.233	100	159	226	0	0	1	1	0	0	0	0	0	0	0	3.813	3.851	4.300	4.315	386	4642	47.813	1.746
1060	estuario2_300_07agosto2013_600ml_tot_1	1175	133.273	66.185	70	57	244	23.464	19.375	23.847	19.496	144.510	9537	11965	45	40	42.649	35.079	44.593	0.707	47.170	156596	105	0.486	-1.388	0.170	9560	11965	1173	1.050	87	0.078	72	104	203	0	0	2	1	0	0	0	0	0	0	0	1.957	2.005	2.060	2.115	166	1276	2.385	2.048
1061	estuario2_300_07agosto2013_600ml_tot_1	3722	163.471	59.185	243	72	243	69.563	78.570	71.769	78.182	641.980	8074	11980	149	143	87.681	54.048	178.117	0.113	165.484	608440	163	0.031	-1.670	0	8219	11980	3722	1.188	329	0.242	102	162	226	0	0	1	1	0	0	0	0	0	0	0	7.623	7.631	4.665	4.654	580	10343	61.183	2.035
1062	estuario2_300_07agosto2013_600ml_tot_1	7608	172.618	47.723	201	79	246	76.892	56.516	75.757	57.565	699.276	5291	11981	141	129	107.282	90.293	165.100	0.196	152.013	1313276	183	-0.300	-1.197	0.053	5385	11981	7604	1.184	537	0.355	129	181	212	0	0	4	5	0	0	0	0	0	0	0	3.108	2.982	2.691	2.599	536	13188	52.984	2.306
1063	estuario2_300_07agosto2013_600ml_tot_1	4261	183.178	47.796	243	84	246	111.257	46.868	107.233	44.882	693.536	6134	12008	173	109	111.448	48.680	160.554	0.111	185.162	780520	195	-0.348	-1.347	0.141	6289	12008	4255	1.214	410	0.258	136	194	227	0	0	3	4	0	0	0	0	0	0	0	6.185	6.273	4.576	4.584	560	11410	51.881	3.932
1064	estuario2_300_07agosto2013_600ml_tot_1	726	230.518	10.729	234	198	248	25.342	14.836	25.221	14.822	189.037	5632	12016	49	30	48.586	19.026	160.923	0.255	52	167356	234	-0.986	0.197	1.653	5639	12016	714	1.134	116	0.111	223	233	237	0	0	2	2	0	0	0	0	0	0	0	2.810	2.848	3.573	3.708	154	972	5.047	1.733
1065	estuario2_300_07agosto2013_600ml_tot_1	1064	205.275	25.314	230	133	243	17.473	23.257	17.244	23.524	143.581	3105	12017	36	48	46.867	28.906	112.422	0.649	49.336	218413	207	-0.514	-0.395	0	3117	12017	1064	1.051	54	0.086	188	206	226	0	0	2	2	0	0	0	0	0	0	0	2.245	2.282	2.564	2.547	164	1166	1.824	1.684
1066	estuario2_300_07agosto2013_600ml_tot_1	1723	173.963	53.306	242	60	244	27.676	25.267	29.757	25.997	277.605	6480	12021	73	53	62.470	35.118	150.960	0.281	81.633	299739	183	-0.419	-1.115	0.058	6494	12021	1722	1.148	178	0.092	128	182	222	0	0	1	1	0	0	0	0	0	0	0	2.929	3.170	2.918	3.165	248	2410	7.914	3.545
1067	estuario2_300_07agosto2013_600ml_tot_1	3487	206.184	29.595	243	94	243	172.319	84.044	172.650	84.135	996.230	8600	12025	321	158	152.413	29.130	19.606	0.044	323.569	718962	211	-0.976	1.050	0	8901	12025	3487	1.228	441	0.282	185	210	230	0	0	4	12	0	0	0	0	0	0	0	25.445	25.432	34.435	34.445	953	23458	50.687	2.965
1068	estuario2_300_07agosto2013_600ml_tot_1	2573	163.085	60.045	238	67	243	57.562	57.828	59.997	57.383	471.730	12273	12069	110	114	69.288	47.281	17.079	0.145	119.854	419618	166	-0.002	-1.708	0	12345	12069	2573	1.178	225	0.171	101	165	224	0	0	2	1	0	0	0	0	0	0	0	6.517	6.812	5.083	5.088	444	6425	10.383	2.054
1069	estuario2_300_07agosto2013_600ml_tot_1	1206	152.727	64.857	243	64	244	19.466	21.183	20.795	21.700	164.066	8191	12083	40	44	43.424	35.361	116.991	0.563	48.270	184189	147	0.067	-1.620	0.249	8204	12083	1203	1.068	115	0.073	85	145	220	0	0	1	1	0	0	0	0	0	0	0	1.933	1.950	1.890	1.892	164	1345	3.773	4.359
1070	estuario2_300_07agosto2013_600ml_tot_1	1280	142.002	63.252	239	58	243	22.154	36.446	22.304	36.415	191.622	13993	12089	43	68	77.053	21.151	65.619	0.438	73.926	181763	124	0.316	-1.445	0	14025	12089	1280	1.096	81	0.067	84	123	208	0	0	2	1	0	0	0	0	0	0	0	3.362	3.462	4.001	4.080	218	1507	2.078	1.888
1071	estuario2_300_07agosto2013_600ml_tot_1	2831	164.523	51.818	109	92	244	23.382	45.038	24.159	46.596	292.191	4552	12093	49	100	90.630	39.772	74.634	0.417	102.840	465765	162	0.146	-1.580	0.035	4584	12093	2830	1.121	191	0.175	112	161	217	0	0	2	1	0	0	0	0	0	0	0	2.921	2.973	3.155	3.227	294	3428	8.430	1.692
1072	estuario2_300_07agosto2013_600ml_tot_1	3475	140.473	62.489	66	59	245	46.339	34.318	51.413	35.874	423.002	13674	12098	109	80	106.289	41.627	149.920	0.244	129.275	488142	135	0.266	-1.407	0.029	13699	12098	3474	1.179	227	0.188	76	133	199	0	0	1	2	0	0	0	0	0	0	0	3.497	3.544	3.747	3.771	374	4508	10.414	2.645
1073	estuario2_300_07agosto2013_600ml_tot_1	3769	176.398	59.254	242	83	250	76.689	88.903	82.786	91.423	843.904	5748	12123	146	191	82.279	58.324	134.918	0.067	193.342	664845	201	-0.240	-1.708	0.610	5864	12123	3746	1.237	442	0.315	108	199	233	0	0	1	1	0	0	0	0	0	0	0	10.094	10.179	6.958	7.136	668	13177	68.219	4.750
1074	estuario2_300_07agosto2013_600ml_tot_1	879	216.937	20.921	243	143	243	20.635	23.825	20.811	23.561	209.865	2917	12138	53	52	37.060	30.199	21.308	0.251	56.303	190688	221	-1.184	1.195	0	2922	12138	879	1.129	101	0.091	207	220	232	0	0	3	3	0	0	0	0	0	0	0	3.737	4.048	4.652	5.023	206	1620	4.308	2.966
1075	estuario2_300_07agosto2013_600ml_tot_1	4226	146.240	52.075	95	78	247	55.157	30.313	56.040	31.582	333.605	7920	12162	118	59	118.980	45.223	162.795	0.477	122.262	618009	131	0.548	-1.103	0.260	7947	12162	4215	1.111	252	0.232	99	130	189	0	0	4	3	0	0	0	0	0	0	0	2.833	2.865	2.937	2.953	350	4565	16.177	2.348
1076	estuario2_300_07agosto2013_600ml_tot_1	6655	136.828	66.799	62	47	245	75.684	41.350	74.391	40.706	437.186	12641	12164	150	88	160.856	52.677	154.394	0.438	160.462	910590	125	0.249	-1.521	0.060	12653	12164	6651	1.105	328	0.358	69	123	203	0	0	2	1	0	0	0	0	0	0	0	3.116	3.167	3.433	3.522	472	7341	42.547	1.634
1077	estuario2_300_07agosto2013_600ml_tot_1	1780	191.828	21.261	184	161	243	22.681	28.297	22.819	28.548	191.865	5452	12168	43	65	63.331	35.786	93.837	0.608	66.098	341453	185	0.982	-0.067	0	5465	12168	1780	1.078	62	0.182	176	184	200	0	0	3	1	0	0	0	0	0	0	0	2.187	2.265	2.299	2.398	212	1986	1.980	1.926
1078	estuario2_300_07agosto2013_600ml_tot_1	2578	173.853	48.451	115	102	245	34.582	57.921	34.943	58.248	367.002	3580	12174	60	106	90.278	36.359	64.744	0.241	111.328	448194	176	0.028	-1.602	0.155	3615	12174	2574	1.170	228	0.172	123	175	221	0	0	1	1	0	0	0	0	0	0	0	3.820	3.823	4.696	4.719	328	3641	19.757	2.087
1079	estuario2_300_07agosto2013_600ml_tot_1	2075	182.613	46.015	242	90	253	36.916	39.497	37.782	39.277	592.073	6941	12189	77	81	69.793	37.854	37.651	0.074	97.801	378923	191	-0.337	-1.247	0.530	7014	12189	2064	1.326	323	0.119	141	190	224	0	0	2	1	0	0	0	0	0	0	0	3.755	3.856	3.612	3.726	312	4010	24.120	2.917
1080	estuario2_300_07agosto2013_600ml_tot_1	3468	150.327	52.023	109	57	243	95.418	55.571	94.989	55.397	486.098	11561	12192	186	119	224.188	19.696	149.073	0.184	214.140	521334.000	126	0.584	-1.116	0	11569	12192	3468	1.178	191	0.232	110	125	201	0	0	4	1	0	0	0	0	0	0	0	9.894	9.731	12.602	12.408	605	4582	20.606	1.484
1081	estuario2_300_07agosto2013_600ml_tot_1	4713	133.299	62.798	80	45	244	59.737	119.036	60.201	118.404	609.051	12363	12206	115	236	277.470	21.627	66.099	0.160	254.615	628236	106	0.540	-1.241	0.021	12465	12206	4712	1.185	348	0.253	80	105	194	0	0	6	1	0	0	0	0	0	0	0	10.413	10.334	13.354	13.258	698	5830	33.319	1.452
1082	estuario2_300_07agosto2013_600ml_tot_1	3254	167.965	55.804	242	69	244	59.806	32.107	58.724	33.415	494.115	10812	12210	121	111	78.894	52.515	12.075	0.167	137.830	546557	164	-0.066	-1.529	0.092	10862	12210	3251	1.171	267	0.180	115	163	225	0	0	1	1	0	0	0	0	0	0	0	5.402	5.371	3.596	3.633	460	7682	18.480	2.720
1083	estuario2_300_07agosto2013_600ml_tot_1	3079	161.146	48.733	243	91	243	59.886	78.873	59.835	78.915	436.583	3058	12225	118	158	210.970	18.582	125.327	0.203	193.215	496169	145	0.427	-1.348	0	3069	12225	3079	1.175	162	0.194	117	144	209	0	0	6	1	0	0	0	0	0	0	0	8.912	8.940	11.320	11.356	548	3474	23.883	1.512
1084	estuario2_300_07agosto2013_600ml_tot_1	1876	163.916	57.438	242	69	244	24.324	41.286	24.898	39.411	247.664	8080	12235	44	81	67.150	35.571	77.984	0.384	81.744	307506	174	-0.220	-1.387	0.053	8100	12235	1875	1.118	165	0.093	106	173	216	0	0	1	1	0	0	0	0	0	0	0	2.898	2.973	2.925	2.997	246	2438	4.201	1.875
1085	estuario2_300_07agosto2013_600ml_tot_1	1071	230.025	11.340	241	174	250	16.930	23.132	16.849	23.171	161.380	6168	12240	35	50	45.412	30.028	75.324	0.517	50.249	246357	231	-1.184	2.362	6.069	6184	12240	1006	1.175	138	0.146	223	230	236	0	0	4	4	0	0	0	0	0	0	0	2.133	2.239	3.449	3.465	166	1218	8.358	1.615
1086	estuario2_300_07agosto2013_600ml_tot_1	1504	205.928	28.492	233	99	243	59.019	26.975	58.868	27.424	348.735	12211	12252	113	57	51.549	37.148	24.622	0.155	113.635	309715	210	-0.903	0.551	0	12281	12252	1504	1.132	169	0.120	188	209	229	0	0	6	2	0	0	0	0	0	0	0	7.019	7.012	2.631	2.717	335	3668	2.184	2.973
1087	estuario2_300_07agosto2013_600ml_tot_1	4462	144.485	62.500	241	62	243	68.688	108.752	68.913	109.952	583.720	7391	12256	139	200	230.783	24.617	122.153	0.165	238.315	644690	131	0.275	-1.476	0	7397	12256	4462	1.191	243	0.250	82	130	207	0	0	3	2	0	0	0	0	0	0	0	9.189	9.269	11.590	11.688	674	6532	39.881	2.291
1088	estuario2_300_07agosto2013_600ml_tot_1	1647	167.531	55.693	243	51	243	23.722	26.536	24.045	26.776	196.208	7652	12275	56	58	66.447	31.559	47.341	0.538	72.622	275924	172	-0.292	-1.179	0	7685	12275	1647	1.081	79	0.080	123	171	220	0	0	1	1	0	0	0	0	0	0	0	2.587	2.619	2.673	2.786	224	1870	5.356	2.333
1089	estuario2_300_07agosto2013_600ml_tot_1	5204	124.557	71.020	55	43	243	131.311	93.851	131.919	93.617	678.732	12966	12279	254	176	300.170	22.074	33.475	0.142	303.152	648196	97	0.491	-1.386	0	13212	12279	5204	1.192	288	0.342	58	95	199	0	0	5	1	0	0	0	0	0	0	0	13.039	12.721	16.947	16.538	856	7554	36.982	1.427
1090	estuario2_300_07agosto2013_600ml_tot_1	2801	171.537	48.603	243	93	243	42.686	50.702	43.332	51.367	503.754	5524	12287	116	124	91.655	38.911	130.198	0.139	130.602	480475	157	0.213	-1.510	0	5526	12287	2801	1.174	275	0.183	128	156	224	0	0	1	1	0	0	0	0	0	0	0	6.986	7.137	4.379	4.469	475	6370	46.346	2.433
1091	estuario2_300_07agosto2013_600ml_tot_1	2198	179.962	42.911	243	102	243	56.045	55.793	55.701	55.301	374.742	2773	12290	92	99	82.518	33.915	127.807	0.197	101.415	395557.000	168	0.160	-1.453	0	2838	12290	2198	1.151	158	0.155	141	167	225	0	0	4	1	0	0	0	0	0	0	0	5.643	5.811	4.066	4.148	377	4495	34.341	1.806
1092	estuario2_300_07agosto2013_600ml_tot_1	5673	190.470	43.543	243	74	249	52.065	81.160	52.640	84.135	776.230	2849	12290	98	154	124.157	58.177	91.743	0.118	155.081	1080534	202	-0.724	-0.519	0.423	2895	12290	5649	1.279	521	0.346	159	201	226	0	0	4	3	0	0	0	0	0	0	0	3.658	3.695	4.713	4.805	500	11345	111.654	3.064
1093	estuario2_300_07agosto2013_600ml_tot_1	2161	180.473	41.588	241	104	243	46.836	32.701	47.281	32.955	372.943	3379	12300	104	87	78.948	34.852	147.002	0.195	106.099	390003	168	0.200	-1.410	0	3379	12300	2161	1.154	168	0.154	144	167	225	0	0	2	1	0	0	0	0	0	0	0	5.709	5.880	4.089	4.216	378	4317	12	2.981
1094	estuario2_300_07agosto2013_600ml_tot_1	2310	172.396	47.893	240	102	245	42.357	43.787	42.744	44.751	376.943	4204	12300	92	92	85.895	34.242	129.165	0.204	99.539	398235.000	159	0.206	-1.578	0.043	4215	12300	2309	1.173	188	0.156	127	158	223	0	0	3	1	0	0	0	0	0	0	0	4.933	5.118	4.368	4.469	364	4169	14.744	1.465
1095	estuario2_300_07agosto2013_600ml_tot_1	6143	172.780	51.287	242	91	245	109.353	69.049	112.127	69.645	1076.278	4147	12373	228	194	147.586	52.996	14.761	0.067	253.622	1061385	163	0.045	-1.576	0.065	4345	12373	6139	1.231	540	0.402	127	162	228	0	0	2	2	0	0	0	0	0	0	0	9.801	9.924	4.865	4.967	840	25127	99.706	2.686
1096	estuario2_300_07agosto2013_600ml_tot_1	3193	155.658	59.193	242	75	243	64.061	85.838	64.573	83.506	545.269	7888	12389	122	153	92.412	43.993	99.983	0.135	157.648	497017	137	0.260	-1.592	0	8005	12389	3193	1.157	263	0.210	98	136	220	0	0	1	1	0	0	0	0	0	0	0	8.135	8.130	4.754	4.855	545	8943	33.963	2.113
1097	estuario2_300_07agosto2013_600ml_tot_1	2468	149.005	50.296	107	77	243	30.021	31.155	30.744	30.165	252.635	8047	12391	65	65	66.279	47.411	62.126	0.486	77.466	367744	128	0.638	-1.083	0	8088	12391	2468	1.111	145	0.162	107	127	195	0	0	3	1	0	0	0	0	0	0	0	2.214	2.225	2.458	2.438	256	2885	8.648	1.654
1098	estuario2_300_07agosto2013_600ml_tot_1	1255	221.688	20.124	242	144	246	22.895	31.771	22.921	31.945	283.463	6775	12431	49	63	60.361	26.473	121.999	0.196	68.425	278219	229	-1.342	1.536	1.036	6784	12431	1242	1.202	194	0.145	211	227	235	0	0	1	3	0	0	0	0	0	0	0	3.166	3.239	3.247	3.415	220	1907	17.654	1.815
1099	estuario2_300_07agosto2013_600ml_tot_1	1949	198.018	34.220	243	125	243	37.268	41.340	36.802	42.141	270.333	2109	12449	67	77	87.668	28.306	57.352	0.335	92.022	385937	205	-0.440	-1.041	0	2160	12449	1949	1.134	176	0.137	170	204	228	0	0	1	1	0	0	0	0	0	0	0	3.482	3.462	3.842	3.834	284	2638	21.524	2.030
1100	estuario2_300_07agosto2013_600ml_tot_1	1416	167.629	53.918	243	64	244	24.659	23.328	26.200	22.659	212.392	6541	12452	59	48	52.459	34.368	22.971	0.394	60.877	237362.000	171	-0.194	-1.271	0.071	6578	12452	1415	1.119	135	0.075	120	170	219	0	0	1	1	0	0	0	0	0	0	0	2.555	2.766	2.420	2.586	210	1797	6.700	3.280
1101	estuario2_300_07agosto2013_600ml_tot_1	1577	210.958	25.471	243	117	245	31.103	26.130	31.284	26.162	271.765	8466	12476	60	58	55.573	36.131	3.849	0.268	68.411	332680	218	-0.767	-0.097	0.127	8514	12476	1575	1.141	161	0.140	190	217	231	0	0	1	3	0	0	0	0	0	0	0	2.798	2.836	2.681	2.740	232	2532	12.251	1.582
1102	estuario2_300_07agosto2013_600ml_tot_1	730	194.863	34.692	242	114	243	24.704	16.097	25.090	15.832	149.338	8299	12479	54	34	57.459	16.176	34.977	0.411	60.374	142250	198	-0.311	-1.063	0	8329	12479	730	1.069	55	0.052	167	197	226	0	0	2	2	0	0	0	0	0	0	0	3.616	3.683	4.014	4.065	171	904	0.539	2.532
1103	estuario2_300_07agosto2013_600ml_tot_1	1911	226.440	19.730	242	150	253	35.485	21.745	34.901	21.907	235.563	1952	12481	69	42	65.792	36.983	175.157	0.433	71.840	432726	233	-1.335	1.417	14.129	1999	12481	1641	1.242	235	0.203	213	229	237	0	0	1	3	0	0	0	0	0	0	0	2.039	2.109	2.397	2.444	218	2329	55.690	4.327
1104	estuario2_300_07agosto2013_600ml_tot_1	2420	204.933	30.185	202	83	244	34.740	28.112	35.287	27.756	303.605	13630	12485	99	54	75.073	41.043	156.890	0.330	103.446	495939.000	208	-1.734	3.932	0.041	13650	12485	2419	1.121	160	0.204	193	207	225	0	0	2	1	0	0	0	0	0	0	0	3.412	3.517	3.645	3.729	302	3329	9.843	3.692
1105	estuario2_300_07agosto2013_600ml_tot_1	2011	179.207	47.980	242	101	245	57.936	44.908	57.348	46.315	416.843	4097	12486	97	99	62.106	41.228	71.290	0.145	113.534	360385	175	0.038	-1.657	0.149	4171	12486	2008	1.164	208	0.157	130	174	230	0	0	4	1	0	0	0	0	0	0	0	6.362	6.422	4.090	4.142	387	4942	18.771	2.351
1106	estuario2_300_07agosto2013_600ml_tot_1	2312	193.406	36.429	243	100	247	31.961	36.665	32.856	36.034	267.321	5988	12498	76	70	83.756	35.146	34.276	0.407	96.938	447154	201	-0.714	-0.294	0.173	6061	12498	2308	1.128	166	0.146	169	200	222	0	0	3	4	0	0	0	0	0	0	0	2.812	3.014	2.987	3.158	288	3042	9.149	3.536
1107	estuario2_300_07agosto2013_600ml_tot_1	2794	168.963	43.475	243	80	243	50.266	65.096	48.430	63.368	363.002	3481	12509	108	113	133.213	26.705	136.926	0.266	151.427	472084	160	0.245	-1.103	0	3483	12509	2794	1.151	142	0.152	134	159	208	0	0	3	4	0	0	0	0	0	0	0	5.909	5.733	7.331	7.169	438	4308	10.205	2.160
1108	estuario2_300_07agosto2013_600ml_tot_1	3107	160.320	55.070	243	58	246	32.767	33.764	34.516	34.715	348.860	4506	12513	83	75	63.788	62.017	177.932	0.321	87.710	498113	160	-0.052	-1.310	0.097	4527	12513	3104	1.165	221	0.133	108	159	211	0	0	1	1	0	0	0	0	0	0	0	2.492	2.596	2.912	2.803	312	4287	19.055	2.853
1109	estuario2_300_07agosto2013_600ml_tot_1	1553	211.167	30.870	222	83	251	24.422	23.806	24.702	24.173	166.894	3710	12524	51	48	53.659	36.850	134.009	0.701	57.428	327942	218	-1.998	4.602	2.640	3732	12524	1512	1.121	96	0.140	201	217	230	0	0	3	4	0	0	0	0	0	0	0	2.051	2.106	1.967	2.076	194	1648	4.705	3.173
1110	estuario2_300_07agosto2013_600ml_tot_1	1710	172.557	53.204	241	63	243	31.293	35.033	33.129	33.470	254.534	6084	12554	72	60	66.877	32.556	36.980	0.332	82.620	295072	186	-0.413	-1.175	0	6151	12554	1710	1.128	154	0.092	123	185	218	0	0	1	1	0	0	0	0	0	0	0	3.161	3.501	3.296	3.585	260	2574	6.881	2.428
1111	estuario2_300_07agosto2013_600ml_tot_1	2795	230.776	9.804	240	191	248	119.789	34.739	121.180	34.660	714.181	1187	12567	281	55	145.056	24.533	1.558	0.069	281.114	645019	233	-0.856	0.094	0.894	1192	12567	2770	1.218	417	0.418	223	232	237	0	0	4	3	0	0	0	0	0	0	0	20.481	20.081	26.026	25.876	668	11243	136.753	2.827
1112	estuario2_300_07agosto2013_600ml_tot_1	2906	172.435	51.175	243	76	243	65.312	57.311	67.593	58.380	584.825	12240	12567	148	153	73.187	50.556	154.831	0.107	167.027	501095	161	0.073	-1.545	0	12384	12567	2906	1.161	276	0.194	125	160	228	0	0	4	1	0	0	0	0	0	0	0	10.697	10.929	4.722	4.830	597	10832	29.352	1.812
1113	estuario2_300_07agosto2013_600ml_tot_1	1827	177.742	40.348	203	93	243	28.271	29.308	28.578	29.222	227.321	10731	12695	53	73	62.756	37.067	109.900	0.444	77.162	324735	181	-0.182	-1.007	0	10744	12695	1827	1.113	114	0.099	144	180	208	0	0	3	1	0	0	0	0	0	0	0	2.880	2.863	3.322	3.285	248	2277	2.097	2.070
1114	estuario2_300_07agosto2013_600ml_tot_1	2085	99.653	73.242	35	30	243	28.688	28.296	28.121	28.269	203.037	11285	12753	55	55	60.154	44.132	120.303	0.636	63.246	207777	62	0.884	-0.813	0	11302	12753	2085	1.065	64	0.165	40	61	157	0	0	1	1	0	0	0	0	0	0	0	1.944	1.961	1.856	1.883	216	2229	4.304	1.672
1115	estuario2_300_07agosto2013_600ml_tot_1	2747	155.925	52.099	241	63	243	53.067	62.200	55.289	64.746	388.257	6761	12773	117	116	152.269	22.970	134.686	0.229	159.113	428325	142	0.303	-1.136	0	6770	12773	2747	1.168	154	0.147	114	141	206	0	0	3	4	0	0	0	0	0	0	0	6.832	6.602	8.485	8.211	462	4090	10.474	1.615
1116	estuario2_300_07agosto2013_600ml_tot_1	729	220.187	13.169	231	185	243	19.998	17.861	20.078	17.905	130.995	14088	12782	45	31	38.533	24.088	172.525	0.534	45.277	160516	221	-0.200	-0.833	0	14104	12782	729	1.052	64	0.085	209	220	230	0	0	1	2	0	0	0	0	0	0	0	2.518	2.672	2.244	2.301	148	857	0.974	2.583
1117	estuario2_300_07agosto2013_600ml_tot_1	7759	194.034	48.942	242	88	254	102.750	95.582	102.990	100.382	1393.239	7244	12789	228	180	122.364	80.735	36.791	0.050	230.521	1505512	218	-0.576	-1.272	4.730	7357	12789	7392	1.329	999	0.627	139	213	234	0	0	4	5	0	0	0	0	0	0	0	7.004	7.301	6.280	6.270	812	22862	247.907	7.425
1118	estuario2_300_07agosto2013_600ml_tot_1	2260	144.277	64.129	61	58	243	27.591	26.214	27.212	26.770	197.522	3398	12793	58	53	55.650	51.708	163.533	0.728	61.033	326065	146	0.049	-1.530	0	3417	12793	2260	1.060	106	0.129	73	145	205	0	0	1	1	0	0	0	0	0	0	0	1.856	1.863	1.815	1.883	218	2395	4.258	1.864
1119	estuario2_300_07agosto2013_600ml_tot_1	1332	196.463	35.545	243	93	250	16.106	53.985	16.200	53.507	252.392	11567	12814	36	94	78.863	21.505	90.064	0.263	95.037	261689	201	-0.684	-0.124	1.201	11586	12814	1316	1.152	124	0.090	172	199	226	0	0	2	3	0	0	0	0	0	0	0	4.798	4.950	6.201	6.501	256	2113	4.877	1.847
1120	estuario2_300_07agosto2013_600ml_tot_1	2457	167.360	54.369	243	84	248	23.121	39.293	23.997	39.496	380.860	6538	12843	57	92	77.723	40.250	74.968	0.213	93.557	411203	162	0.088	-1.646	0.326	6561	12843	2449	1.200	275	0.159	113	160	224	0	0	1	1	0	0	0	0	0	0	0	3.061	3.116	3.623	3.716	294	3833	26.358	3.009
1121	estuario2_300_07agosto2013_600ml_tot_1	5020	175.186	49.880	243	63	255	68.047	62.630	70.548	64.647	596.666	10956	12843	155	110	130.865	48.842	148.597	0.177	169.664	879432	177	-0.137	-1.301	3.068	10960	12843	4866	1.242	384	0.247	128	173	219	0	0	3	5	0	0	0	0	0	0	0	4.766	4.718	6.236	6.270	526	8442	52.169	3.118
1122	estuario2_300_07agosto2013_600ml_tot_1	7278	177.996	50.737	242	86	254	64.176	77.848	64.671	79.780	1113.190	5625	12855	146	203	113.659	81.530	107.729	0.074	215.260	1295456	182	-0.242	-1.356	0.563	5640	12855	7237	1.273	752	0.452	135	180	228	0	0	3	2	0	0	0	0	0	0	0	5.655	5.703	3.721	3.906	694	17209	155.986	6.938
1123	estuario2_300_07agosto2013_600ml_tot_1	2214	172.433	49.640	243	89	246	32.092	39.502	32.888	37.842	322.718	6700	12858	67	73	83.648	33.700	45.967	0.267	87.727	381766	160	0.125	-1.555	0.452	6740	12858	2204	1.182	210	0.147	126	159	225	0	0	2	1	0	0	0	0	0	0	0	2.874	2.956	3.277	3.375	276	2752	21.886	1.852
1124	estuario2_300_07agosto2013_600ml_tot_1	2190	179.703	44.248	241	111	244	49.455	57.714	49.064	56.463	381.186	3753	12908	81	103	73.471	37.952	117.745	0.189	103.947	393549	169	0.176	-1.613	0.046	3816	12908	2189	1.164	180	0.169	136	168	228	0	0	5	1	0	0	0	0	0	0	0	5.194	5.242	3.861	3.948	364	4619	12.870	1.946
1125	estuario2_300_07agosto2013_600ml_tot_1	1133	216.275	15.653	220	164	243	24.970	22.285	24.868	22.216	154.995	4053	12912	50	43	58.185	24.793	142.754	0.593	60	245040	217	-0.355	-0.187	0	4065	12912	1133	1.062	40	0.122	205	216	226	0	0	3	4	0	0	0	0	0	0	0	2.582	2.605	2.796	2.834	182	1240	3.785	3.130
1126	estuario2_300_07agosto2013_600ml_tot_1	1146	202.916	30.314	231	111	243	18.857	25.791	18.500	26.636	179.380	12192	12924	38	56	49.324	29.583	65.643	0.448	58.873	232542	210	-0.560	-0.729	0	12204	12924	1146	1.092	71	0.088	176	209	228	0	0	3	1	0	0	0	0	0	0	0	2.577	2.480	3.035	2.946	184	1430	2.111	2.442
1127	estuario2_300_07agosto2013_600ml_tot_1	893	213.801	19.166	242	150	243	15.453	55.797	15.398	55.412	247.279	11937	12975	32	104	107.511	10.576	106.588	0.184	107.968	190924	213	-0.288	-0.610	0	11937	12975	893	1.122	99	0.088	199	212	230	0	0	5	1	0	0	0	0	0	0	0	9.120	9.178	9.204	9.204	268	1156	1.795	2.449
1128	estuario2_300_07agosto2013_600ml_tot_1	3374	159.598	60.873	242	74	244	102.972	57.343	101.947	55.708	622.423	8331	12979	155	115	83.275	51.587	132.513	0.109	168.077	538483	149	0.117	-1.690	0.059	8474	12979	3372	1.178	314	0.228	97	147	226	0	0	1	1	0	0	0	0	0	0	0	7.431	7.503	5.270	5.347	535	10598	37.511	2.335
1129	estuario2_300_07agosto2013_600ml_tot_1	3689	225.964	15.619	242	152	251	44.343	53.885	44.172	54.092	553.838	4840	12989	85	110	102.237	45.942	65.441	0.151	117	833582	230	-1.257	1.821	3.090	4910	12989	3575	1.308	558	0.452	216	228	237	0	0	6	4	0	0	0	0	0	0	0	3.286	3.403	2.574	2.496	386	5384	235.828	2.339
1130	estuario2_300_07agosto2013_600ml_tot_1	3407	154.137	50.986	242	79	245	33.696	47.056	35.012	48.019	330.375	7456	13001	75	99	110.963	39.094	121.052	0.392	115.935	525145	140	0.422	-1.267	0.088	7474	13001	3404	1.134	255	0.181	109	139	200	0	0	3	3	0	0	0	0	0	0	0	3.029	3.122	3.604	3.702	344	3925	15.860	1.939
1131	estuario2_300_07agosto2013_600ml_tot_1	1935	173.613	44.518	243	104	243	34.617	44.492	34.576	44.351	281.706	3963	13006	57	91	84.101	29.295	112.529	0.306	92.801	335941	158	0.307	-1.462	0	4002	13006	1935	1.130	136	0.135	133	157	222	0	0	3	1	0	0	0	0	0	0	0	3.988	4.123	3.174	3.232	292	2691	14.189	1.676
1132	estuario2_300_07agosto2013_600ml_tot_1	5452	221.505	21.527	241	119	251	47.240	60.216	47.910	59.252	599.294	8818	13008	103	119	114.939	60.395	51.951	0.191	130.300	1207644	229	-1.409	1.991	4.054	8856	13008	5231	1.343	750	0.591	209	227	236	0	0	10	8	0	0	0	0	0	0	0	2.789	2.931	3.097	3.203	440	7274	167.654	3.903
1133	estuario2_300_07agosto2013_600ml_tot_1	1286	125.434	73.449	47	45	247	20.079	25.358	20.178	26.358	173.723	7105	13016	39	54	48.190	33.978	114.220	0.535	54.918	161308	97	0.423	-1.477	0.078	7114	13016	1285	1.087	122	0.096	56	96	204	0	0	1	1	0	0	0	0	0	0	0	2.175	2.229	2.340	2.376	182	1525	5.776	1.742
1134	estuario2_300_07agosto2013_600ml_tot_1	1881	159.694	52.016	242	74	248	40.589	18.579	42.644	19.196	236.794	13952	13016	83	39	82.086	29.176	170.177	0.422	84.528	300384	139	0.356	-1.423	0.266	13980	13016	1876	1.122	163	0.115	115	137	216	0	0	3	1	0	0	0	0	0	0	0	3.046	3.095	3.265	3.337	240	2200	5.168	3.115
1135	estuario2_300_07agosto2013_600ml_tot_1	1156	217.200	16.803	214	172	243	15.670	36.293	15.651	35.739	185.480	2624	13035	32	71	56.882	25.876	100.432	0.422	71.449	251083	219	-0.542	-0.369	0	2630	13035	1156	1.089	84	0.118	205	218	230	0	0	2	2	0	0	0	0	0	0	0	3.511	3.355	3.993	3.864	202	1402	2.073	2.633
1136	estuario2_300_07agosto2013_600ml_tot_1	1650	171.636	49.062	242	73	248	20.281	28.146	20.481	26.876	185.723	3627	13046	40	54	55.339	37.963	80.130	0.601	58.600	283199	178	-0.268	-1.112	0.545	3650	13046	1641	1.086	123	0.083	130	177	213	0	0	1	1	0	0	0	0	0	0	0	1.741	1.801	1.804	1.950	184	1800	2.612	1.376
1137	estuario2_300_07agosto2013_600ml_tot_1	794	196.152	31.726	242	117	243	24.264	27.899	24.652	27.738	153.439	9421	13052	43	46	49.857	20.277	42.670	0.424	54.918	155745	198	-0.287	-0.890	0	9454	13052	794	1.067	52	0.057	171	197	224	0	0	2	2	0	0	0	0	0	0	0	3.297	3.047	3.478	3.173	174	1104	0.953	1.702
1138	estuario2_300_07agosto2013_600ml_tot_1	1577	173.948	50.086	243	82	245	26.249	39.790	27.174	38.081	221.463	4746	13075	50	68	62.105	32.330	66.910	0.404	72.007	274316	181	-0.293	-1.202	0.127	4788	13075	1575	1.124	147	0.085	132	180	218	0	0	1	1	0	0	0	0	0	0	0	2.834	3.031	2.729	2.913	231	1992	7.536	3.111
1139	estuario2_300_07agosto2013_600ml_tot_1	1140	174.437	42.831	243	92	243	19.220	20.296	19.816	20.024	155.338	7403	13083	43	45	46.271	31.370	47.399	0.594	49.930	198858	172	0.036	-1.171	0	7429	13083	1140	1.058	71	0.064	137	171	212	0	0	1	2	0	0	0	0	0	0	0	2.160	2.164	2.236	2.203	172	1344	3.267	1.569
1140	estuario2_300_07agosto2013_600ml_tot_1	11686	167.977	51.947	243	74	247	136.088	72.386	134.071	71.507	1725.613	6353	13108	258	163	198.849	74.826	148.989	0.049	296.709	1962979	164	-0.015	-1.395	0.111	6437	13108	11673	1.272	1113	0.580	121	163	220	0	0	8	4	0	0	0	0	0	0	0	5.276	5.199	6.756	6.700	838	33458	177.147	2.967
1141	estuario2_300_07agosto2013_600ml_tot_1	928	216.497	26.119	233	132	245	31.922	11.925	32.887	11.922	208.794	12843	13108	73	22	68.028	17.369	174.913	0.267	73.062	200909	226	-1.403	1.023	0.108	12863	13108	927	1.129	107	0.101	208	225	234	0	0	1	3	0	0	0	0	0	0	0	4.040	4.199	4.542	4.784	186	1279	4.847	2.066
1142	estuario2_300_07agosto2013_600ml_tot_1	3234	181.291	41.635	242	104	247	54.177	57.187	53.515	57.804	424.174	3840	13122	79	119	108.383	37.992	107.559	0.226	128.222	586296	175	0.068	-1.467	0.216	3905	13122	3227	1.167	284	0.203	142	174	223	0	0	2	1	0	0	0	0	0	0	0	4.228	4.234	4.336	4.349	391	5473	15.328	1.960
1143	estuario2_300_07agosto2013_600ml_tot_1	1614	160.234	52.929	100	86	243	53.372	11.817	53.553	11.977	259.723	5325	13143	105	25	114.568	17.937	6.118	0.301	106.532	258618	148	0.262	-1.490	0	5405	13143	1614	1.123	113	0.101	107	147	216	0	0	3	1	0	0	0	0	0	0	0	5.014	4.988	6.123	6.117	256	1823	4.109	1.186
1144	estuario2_300_07agosto2013_600ml_tot_1	2214	174.926	52.506	241	80	243	41.049	38.004	41.848	39.836	446.642	12026	13153	97	122	67.327	41.869	122.901	0.139	125.399	387287	175	-0.039	-1.630	0	12029	13153	2214	1.165	208	0.155	123	174	230	0	0	3	1	0	0	0	0	0	0	0	7.344	7.301	4.131	4.269	434	5974	19.322	3.275
1145	estuario2_300_07agosto2013_600ml_tot_1	4601	183.937	37.564	162	98	247	59.762	97.564	59.727	96.990	719.678	883	13162	143	161	138.405	42.326	129.164	0.112	199.409	846293.000	171	0.179	-1.160	0.043	891	13162	4599	1.211	363	0.340	156	170	222	0	0	2	2	0	0	0	0	0	0	0	6.672	6.567	7.515	7.397	604	11775	66.970	3.537
1146	estuario2_300_07agosto2013_600ml_tot_1	2781	161.314	62.785	243	79	245	46.056	41.404	49.243	45.229	590.039	8990	13164	148	143	69.818	50.716	130.647	0.100	164.770	448615	149	0.086	-1.751	0.036	8994	13164	2780	1.164	274	0.215	96	147	230	0	0	1	1	0	0	0	0	0	0	0	10.312	10.415	5.928	5.977	577	10547	44.808	1.754
1147	estuario2_300_07agosto2013_600ml_tot_1	1454	141.219	64.034	241	45	245	21.877	41.158	21.963	41.081	210.836	13143	13168	43	77	78.086	23.708	112.571	0.411	84.172	205332.000	120	0.302	-1.411	0.069	13149	13168	1453	1.104	103	0.071	86	118	206	0	0	1	1	0	0	0	0	0	0	0	3.581	3.596	3.754	3.805	236	1717	3.845	1.785
1148	estuario2_300_07agosto2013_600ml_tot_1	3264	161.419	65.360	243	71	246	101.816	96.545	100.709	92.105	644.850	9105	13169	156	151	77.420	53.679	101.943	0.099	167.869	526870	164	-0.015	-1.766	0.031	9254	13169	3263	1.170	355	0.248	92	163	230	0	0	1	1	0	0	0	0	0	0	0	9.815	9.991	4.460	4.551	610	12057	60.461	4.710
1149	estuario2_300_07agosto2013_600ml_tot_1	2145	157.396	47.779	133	67	243	59.528	16.460	59.690	16.627	286.309	11870	13178	118	33	131.279	20.804	8.450	0.329	120.221	337615	137	0.475	-1.012	0	11975	13178	2145	1.118	114	0.145	123	136	203	0	0	4	2	0	0	0	0	0	0	0	4.917	4.948	6.056	6.038	298	2338	2.713	2.129
1150	estuario2_300_07agosto2013_600ml_tot_1	1417	159.456	61.640	242	53	243	19.876	31.219	20.588	31.954	204.593	9686	13219	46	57	53.796	33.538	126.986	0.425	67.801	225949.000	168	-0.156	-1.455	0	9691	13219	1417	1.096	120	0.073	96	167	219	0	0	1	1	0	0	0	0	0	0	0	2.487	2.435	2.249	2.210	201	1740	2.656	2.168
1151	estuario2_300_07agosto2013_600ml_tot_1	665	209.367	32.299	242	116	243	31.070	17.264	32.709	17.674	212.451	3390	13224	74	34	60.221	14.060	162.967	0.185	75.505	139229	219	-1.263	0.682	0	3400	13224	665	1.112	84	0.062	197	218	233	0	0	1	2	0	0	0	0	0	0	0	6.220	6.410	8.284	8.416	212	1507	0.898	2.509
1152	estuario2_300_07agosto2013_600ml_tot_1	3009	172.563	52.781	241	81	244	64.052	85.706	66.605	86.068	610.156	11401	13231	119	170	71.552	53.544	156.132	0.102	171.686	519241.000	165	-0.010	-1.591	0.033	11495	13231	3008	1.172	316	0.191	123	164	227	0	0	2	1	0	0	0	0	0	0	0	9.801	9.788	4.460	4.495	574	9729	30.215	3.314
1153	estuario2_300_07agosto2013_600ml_tot_1	2892	218.100	23.008	243	145	248	27.782	36.423	28.176	36.368	390.943	11891	13262	70	81	68.770	53.544	79.307	0.238	84.900	630745	225	-0.925	0.065	1.798	11911	13262	2840	1.186	449	0.310	200	224	236	0	0	1	1	0	0	0	0	0	0	0	2.530	2.579	2.441	2.362	298	3820	209.023	2.909
1154	estuario2_300_07agosto2013_600ml_tot_1	952	146.970	73.338	42	40	243	17.410	23.804	18.652	22.646	126.853	13016	13312	34	45	41.352	29.313	71.617	0.743	46.325	139915	159	-0.147	-1.590	0	13036	13312	952	1.034	48	0.053	71	157	219	0	0	1	1	0	0	0	0	0	0	0	2.169	2.182	2.282	2.342	154	1032	0.899	1.784
1155	estuario2_300_07agosto2013_600ml_tot_1	3318	233.472	6.270	238	202	246	48.872	32.979	49.065	32.967	266.919	10126	13313	89	61	80.579	52.428	4.695	0.585	89.090	774660	234	-0.601	-0.044	0.723	10175	13313	3294	1.186	288	0.584	228	233	237	0	0	5	9	0	0	0	0	0	0	0	2.270	2.228	2.710	2.874	295	3715	51.096	2.871
1156	estuario2_300_07agosto2013_600ml_tot_1	660	208.591	32.233	240	124	243	30.862	27.977	30.432	26.676	209.723	4889	13325	46	56	45.206	18.589	108.809	0.189	63.127	137670	217	-1.189	0.432	0	4901	13325	660	1.108	82	0.064	199	216	233	0	0	1	2	0	0	0	0	0	0	0	4.691	4.848	5.800	6.090	199	1630	1.798	2.308
1157	estuario2_300_07agosto2013_600ml_tot_1	1896	176.326	51.527	239	63	243	30.057	28.714	31.925	28.420	304.617	6774	13361	81	57	62.953	38.347	178.093	0.257	82	334314	190	-0.453	-1.119	0	6799	13361	1896	1.176	172	0.100	129	189	221	0	0	1	2	0	0	0	0	0	0	0	3.187	3.443	3.750	3.993	272	2902	7.510	2.452
1158	estuario2_300_07agosto2013_600ml_tot_1	1633	96.952	75.152	36	32	243	21.601	25.736	22.055	26.169	167.924	14088	13364	47	48	49.645	41.881	125.087	0.728	55.444	158323	52	0.881	-0.890	0	14099	13364	1633	1.048	48	0.186	37	51	160	0	0	1	1	0	0	0	0	0	0	0	1.805	1.806	1.793	1.815	186	1741	1.676	2.267
1159	estuario2_300_07agosto2013_600ml_tot_1	3314	168.891	57.968	101	84	244	61.015	85.660	62.845	84.846	613.696	6576	13367	132	144	77.298	54.588	34.497	0.111	154.871	559704	176	-0.059	-1.729	0.030	6650	13367	3313	1.196	329	0.243	105	175	228	0	0	1	1	0	0	0	0	0	0	0	7.809	7.876	5.389	5.353	548	9381	30.389	2.667
1160	estuario2_300_07agosto2013_600ml_tot_1	2473	177.575	46.353	243	106	243	42.904	48.228	41.538	48.650	412.434	2753	13369	102	93	78.606	40.057	179.780	0.183	111.485	439142	169	0.086	-1.671	0	2766	13369	2473	1.160	184	0.177	131	168	225	0	0	2	1	0	0	0	0	0	0	0	5.080	5.180	4.623	4.752	386	5233	13.970	1.521
1161	estuario2_300_07agosto2013_600ml_tot_1	1302	191.004	49.045	235	96	243	77.876	34.425	75.898	33.953	393.730	1424	13371	111	62	56.306	29.442	22.729	0.106	125.240	248687	212	-0.549	-1.242	0	1531	13371	1302	1.176	166	0.114	145	211	234	0	0	1	1	0	0	0	0	0	0	0	8.084	8.251	4.407	4.387	341	3036	7.408	3.250
1162	estuario2_300_07agosto2013_600ml_tot_1	3894	176.485	43.474	243	91	243	86.160	61.005	84.337	62.897	531.495	4255	13387	165	120	130.256	38.063	34.911	0.173	182.508	687231	176	-0.044	-1.291	0	4404	13387	3894	1.191	275	0.202	137	175	216	0	0	3	3	0	0	0	0	0	0	0	6.980	7.271	9.098	9.399	566	7723	20.298	4.281
1163	estuario2_300_07agosto2013_600ml_tot_1	5417	207.604	39.895	243	94	250	133.902	141.325	136.081	146.857	1450.428	7487	13410	222	263	103.266	66.790	90.625	0.032	266.528	1124589	225	-1.305	0.342	0.295	7593	13410	5401	1.256	725	0.535	197	224	235	0	0	1	16	0	0	0	0	0	0	0	14.603	14.902	4.841	4.953	966	35513	240.002	2.005
1164	estuario2_300_07agosto2013_600ml_tot_1	1307	212.327	22.226	226	145	245	25.087	19.909	25.406	19.674	158.167	838	13423	49	45	47.521	35.019	130.785	0.657	51.865	277512	218	-0.848	-0.010	0.153	859	13423	1305	1.077	99	0.121	196	217	228	0	0	2	2	0	0	0	0	0	0	0	2.148	2.169	2.078	2.130	184	1485	1.082	2.900
1165	estuario2_300_07agosto2013_600ml_tot_1	2893	134.866	69.698	242	41	243	30.777	35.112	31.510	35.946	304.475	11877	13486	62	75	74.330	49.556	69.746	0.392	84.291	390168	119	0.261	-1.500	0	11912	13486	2893	1.144	201	0.140	66	118	208	0	0	2	1	0	0	0	0	0	0	0	2.020	2.108	2.250	2.357	270	3496	6.806	2.060
1166	estuario2_300_07agosto2013_600ml_tot_1	926	116.463	75.913	45	39	243	19.761	15.653	19.682	16.072	121.782	12157	13497	37	35	35.514	33.198	155.606	0.785	37.947	107845	79	0.548	-1.382	0	12169	13497	926	1.020	22	0.083	47	77	197	0	0	1	1	0	0	0	0	0	0	0	1.788	1.900	1.782	1.916	140	973	1.767	1.591
1167	estuario2_300_07agosto2013_600ml_tot_1	1697	154.177	60.689	83	69	243	61.971	25.716	61.748	26.100	296.978	13772	13506	123	50	137.387	15.727	18.721	0.242	130.300	261639.000	145	0.141	-1.591	0	13884	13506	1697	1.145	125	0.099	93	144	217	0	0	3	1	0	0	0	0	0	0	0	7.273	7.246	8.886	8.878	342	1974	7.816	1.842
1168	estuario2_300_07agosto2013_600ml_tot_1	1953	172.133	53.441	243	59	243	29.428	32.174	30.463	34.124	297.362	8250	13521	57	92	68.599	36.249	107.762	0.278	94.366	336175	180	-0.336	-1.201	0	8275	13521	1953	1.135	170	0.103	123	179	221	0	0	1	1	0	0	0	0	0	0	0	3.727	4.109	3.134	3.458	293	3193	13.781	2.406
1169	estuario2_300_07agosto2013_600ml_tot_1	2248	172.538	48.420	122	92	246	29.157	39.611	28.773	37.827	226.735	7365	13524	58	75	85.661	33.414	125.137	0.550	86.608	387866	176	0.016	-1.578	0.267	7374	13524	2242	1.101	115	0.142	122	175	220	0	0	3	1	0	0	0	0	0	0	0	2.727	2.743	2.949	2.946	262	2398	7.006	1.492
1170	estuario2_300_07agosto2013_600ml_tot_1	790	144.944	64.944	241	56	243	14.266	18.446	14.675	18.816	128.024	10769	13528	32	38	39.683	25.347	76.411	0.606	39.395	114506.000	135	0.196	-1.513	0	10783	13528	790	1.032	48	0.046	81	134	212	0	0	1	1	0	0	0	0	0	0	0	2.056	1.988	2.038	1.949	136	917	1.125	1.568
1171	estuario2_300_07agosto2013_600ml_tot_1	2024	169.203	46.895	243	83	243	59.286	14.948	58.392	15.102	357.144	7104	13607	116	31	116.376	22.144	2.050	0.199	117.686	342467	160	0.206	-1.389	0	7212	13607	2024	1.199	191	0.116	126	159	216	0	0	2	1	0	0	0	0	0	0	0	4.833	4.749	5.724	5.610	290	3076	11.353	1.395
1172	estuario2_300_07agosto2013_600ml_tot_1	1755	171.112	49.144	243	83	247	24.922	28.111	25.532	27.701	212.936	4875	13668	56	53	62.955	35.494	45.067	0.486	70.434	300301	176	-0.181	-1.279	0.057	4910	13668	1754	1.086	113	0.091	128	175	213	0	0	1	1	0	0	0	0	0	0	0	2.218	2.279	2.157	2.222	214	1959	4.765	1.662
1173	estuario2_300_07agosto2013_600ml_tot_1	1755	197.836	36.930	234	102	244	30.161	20.936	30.083	21.192	214.350	11104	13696	64	46	67.511	33.099	158.636	0.480	72.719	347202	205	-0.713	-0.419	0.057	11118	13696	1754	1.092	111	0.126	173	204	230	0	0	2	1	0	0	0	0	0	0	0	2.300	2.322	2.146	2.120	216	2006	11.689	1.510
1174	estuario2_300_07agosto2013_600ml_tot_1	2757	219.975	9.382	220	184	243	35.579	34.399	35.681	34.445	242.350	1327	13750	65	69	69.513	50.499	59.555	0.590	78.102	606472	220	4.041E-4	0.758	0	1374	13750	2757	1.085	116	0.414	214	219	224	0	0	5	7	0	0	0	0	0	0	0	2.106	2.129	2.297	2.289	264	3188	5.382	2.118
1175	estuario2_300_07agosto2013_600ml_tot_1	919	199.943	34.328	243	115	243	21.092	21.904	21.320	22.139	175.238	10391	13758	49	44	52.902	22.119	48.764	0.376	58.523	183748	208	-0.657	-0.666	0	10419	13758	919	1.093	79	0.068	174	207	228	0	0	1	1	0	0	0	0	0	0	0	3.085	3.084	3.276	3.283	182	1253	2.763	3.500
1176	estuario2_300_07agosto2013_600ml_tot_1	1991	175.441	48.731	243	102	245	37.005	47.276	37.564	46.454	327.245	5647	13834	84	83	75.138	33.738	46.731	0.234	89.538	349304	168	0.114	-1.650	0.151	5677	13834	1988	1.153	187	0.147	127	167	227	0	0	2	1	0	0	0	0	0	0	0	4.660	4.843	4.246	4.336	330	3509	22.726	2.818
1177	estuario2_300_07agosto2013_600ml_tot_1	2678	164.517	55.250	243	89	244	42.768	56.639	43.347	57.789	477.085	9271	13868	106	116	80.250	42.489	104.285	0.148	120.071	440577	147	0.211	-1.632	0.037	9301	13868	2677	1.159	253	0.188	110	145	225	0	0	1	1	0	0	0	0	0	0	0	6.239	6.368	3.525	3.603	440	6200	40.056	2.200
1178	estuario2_300_07agosto2013_600ml_tot_1	2868	178.630	50.596	241	87	246	93.445	96.061	91.505	94.449	598.607	8239	13875	145	140	67.572	54.041	136.859	0.101	172.734	512311.000	172	-0.040	-1.619	0.070	8346	13875	2866	1.170	285	0.216	129	171	232	0	0	3	1	0	0	0	0	0	0	0	9.613	9.791	4.304	4.366	565	10454	41.030	2.932
1179	estuario2_300_07agosto2013_600ml_tot_1	642	236.511	4.979	241	219	245	79.114	25.600	78.902	25.549	353.161	4117	13901	140	66	94.943	8.610	158.012	0.065	153.935	151840	237	-0.754	0.066	0.312	4121	13901	640	1.126	150	0.134	232	236	240	0	0	0	2	0	0	0	0	0	0	0	25.954	25.673	26.443	26.167	407	2126	20.447	1.735
1180	estuario2_300_07agosto2013_600ml_tot_1	3074	171.213	50.556	243	103	243	72.461	62.758	72.999	61.375	569.186	2068	13927	145	131	88.243	44.354	88.276	0.119	147.679	526309	161	0.155	-1.647	0	2208	13927	3074	1.158	258	0.234	119	160	225	0	0	1	1	0	0	0	0	0	0	0	8.475	8.497	4.128	4.232	547	9297	41.535	1.697
1181	estuario2_300_07agosto2013_600ml_tot_1	1533	178.464	38.541	153	106	243	21.181	27.143	21.541	26.962	200.108	13867	13945	47	53	48.811	39.988	61.927	0.481	58.181	273585	173	0.093	-1.150	0	13903	13945	1533	1.103	118	0.088	147	172	213	0	0	3	1	0	0	0	0	0	0	0	2.105	2.098	1.868	2.017	196	1844	1.529	3.360
1182	estuario2_300_07agosto2013_600ml_tot_1	4112	212.344	28.013	240	127	246	155.723	64.833	153.185	63.426	723.519	1409	13952	224	112	149.793	34.952	155.198	0.099	240.302	873157	220	-0.876	-0.097	0.413	1415	13952	4095	1.195	416	0.405	193	219	236	0	0	2	1	0	0	0	0	0	0	0	10.146	10.598	2.299	2.335	668	8988	247.533	3.208
1183	estuario2_300_07agosto2013_600ml_tot_1	1539	208.603	25.109	242	147	246	23.636	29.851	23.568	30.159	194.836	12161	13983	45	61	62.518	31.343	59.529	0.509	66.310	321040	212	-0.416	-0.915	0.195	12196	13983	1536	1.089	132	0.129	187	211	230	0	0	1	1	0	0	0	0	0	0	0	2.461	2.513	2.398	2.424	208	1682	10.560	1.656
1184	estuario2_300_07agosto2013_600ml_tot_1	685	215.365	22.185	242	153	243	33.173	20.055	33.827	19.876	275.078	11763	14052	95	40	55.067	15.838	23.920	0.114	96.509	147525	220	-0.533	-0.783	0	11808	14052	685	1.131	119	0.070	197	219	235	0	0	3	2	0	0	0	0	0	0	0	10.033	10.170	5.733	5.912	265	1995	3.937	2.683
1185	estuario2_300_07agosto2013_600ml_tot_1	1058	149.495	51.766	241	71	243	17.644	19.272	17.528	19.626	130.711	11050	14133	37	39	38.652	34.852	60.237	0.778	41.785	158166	143	0.349	-1.048	0	11062	14133	1058	1.023	59	0.052	105	142	186	0	0	2	2	0	0	0	0	0	0	0	1.778	1.792	1.756	1.828	148	1098	0.924	1.532
1186	estuario2_300_07agosto2013_600ml_tot_1	897	229.523	11.692	240	177	245	25.235	30.032	25.328	30.089	262.877	4204	14208	53	56	51.903	22.005	135.667	0.163	66.603	205882	232	-1.459	2.626	0.334	4206	14208	894	1.169	142	0.133	223	231	237	0	0	3	3	0	0	0	0	0	0	0	4.114	4.328	5.433	5.750	214	1688	11.596	2.353
1187	estuario2_300_07agosto2013_600ml_tot_1	2721	168.555	55.898	243	88	249	57.048	59.159	57.364	60.500	518.843	10772	14306	115	112	82.642	41.922	81.614	0.127	126.127	458637	167	9.643E-4	-1.658	0.294	10828	14306	2713	1.183	341	0.188	109	166	225	0	0	1	1	0	0	0	0	0	0	0	6.334	6.540	4.455	4.509	449	7068	56.782	1.630
1188	estuario2_300_07agosto2013_600ml_tot_1	1038	221.149	16.649	241	162	248	26.676	20.884	26.930	21.026	230.735	14493	14330	64	49	51.688	25.569	157.052	0.245	70.214	229553	223	-0.643	-0.073	1.638	14497	14330	1021	1.160	136	0.114	208	222	234	0	0	3	1	0	0	0	0	0	0	0	3.926	3.927	3.594	3.843	222	1749	5.774	2.052
1189	estuario2_300_07agosto2013_600ml_tot_1	1857	181.129	48.839	241	81	244	42.570	36.329	40.918	36.690	274.919	3580	14372	72	69	66.590	35.507	32.241	0.309	81.123	336356	191	-0.440	-1.193	0.162	3618	14372	1854	1.144	199	0.113	135	190	224	0	0	1	1	0	0	0	0	0	0	0	3.328	3.549	3.192	3.379	277	2826	10.694	2.156
1190	estuario2_300_07agosto2013_600ml_tot_1	5018	162.144	58.443	243	81	245	49.523	125.611	49.517	125.371	810.899	20784	161	110	260	271.499	23.533	68.852	0.096	277.800	813639	151	0.161	-1.648	0.179	20884	161	5009	1.231	655	0.370	102	150	227	0	0	6	1	0	0	0	0	0	0	0	11.183	10.957	14.380	14.035	736	8133	194.416	1.390
1191	estuario2_300_07agosto2013_600ml_tot_1	1586	171.610	51.226	243	86	244	25.342	26.988	25.042	26.636	236.635	23259	210	53	51	53.651	37.639	151.258	0.356	65.115	272174	171	-0.049	-1.455	0.063	23274	210	1585	1.118	127	0.094	123	170	223	0	0	1	1	0	0	0	0	0	0	0	2.212	2.280	1.772	1.799	204	1903	12.221	2.891
1192	estuario2_300_07agosto2013_600ml_tot_1	2689	154.303	55.548	94	91	243	32.368	30.476	31.418	32.216	291.505	22744	215	68	83	76.586	44.705	39.051	0.398	94.154	414921	137	0.378	-1.481	0	22783	215	2689	1.116	247	0.230	99	136	213	0	0	1	1	0	0	0	0	0	0	0	2.765	2.825	2.237	2.301	298	3488	24.357	2.333
1193	estuario2_300_07agosto2013_600ml_tot_1	3776	176.278	54.253	242	93	249	55.233	36.811	56.316	36.393	553.252	21758	219	162	91	96.855	49.639	24.262	0.155	162.373	665627	189	-0.157	-1.674	0.424	21828	219	3760	1.193	380	0.290	114	188	230	0	0	1	1	0	0	0	0	0	0	0	5.971	5.984	4.179	4.151	501	8445	63.659	2.907
1194	estuario2_300_07agosto2013_600ml_tot_1	636	203.646	33.477	243	120	243	17.992	30.082	17.232	31.597	196.551	23706	226	36	72	63.505	12.751	63.042	0.207	76.217	129519	211	-0.902	-0.161	0	23731	226	636	1.094	72	0.053	189	210	230	0	0	1	1	0	0	0	0	0	0	0	6.451	6.617	8.384	8.528	212	1281	1.667	2.550
1195	estuario2_300_07agosto2013_600ml_tot_1	900	231.811	10.304	242	193	246	20.579	25.252	20.546	25.322	297.647	15549	240	46	51	47.720	24.013	56.693	0.128	59.682	208630	234	-1.372	1.719	1.222	15579	240	889	1.218	187	0.145	227	233	239	0	0	3	2	0	0	0	0	0	0	0	3.133	3.164	4.372	4.432	190	1603	24.439	3
1196	estuario2_300_07agosto2013_600ml_tot_1	2227	178.409	38.756	238	85	246	36.562	28.791	36.985	28.890	228.735	17175	251	65	56	59.033	48.032	31.492	0.535	66.708	397317	178	-0.098	-0.889	0.045	17212	251	2226	1.089	121	0.122	149	177	208	0	0	1	1	0	0	0	0	0	0	0	2.150	2.205	1.939	1.973	238	2659	8.172	2.450
1197	estuario2_300_07agosto2013_600ml_tot_1	3862	157.682	52.490	243	63	247	85.896	74.822	86.034	74.410	522.607	17488	253	169	146	233.357	21.072	39.778	0.178	215.523	608967	136	0.411	-1.350	0.026	17648	253	3861	1.187	264	0.266	113	135	213	0	0	5	1	0	0	0	0	0	0	0	9.101	9.033	11.687	11.576	626	4745	61.692	1.839
1198	estuario2_300_07agosto2013_600ml_tot_1	880	229.497	13.063	240	179	246	27.577	24.251	27.637	24.326	294.375	16207	284	56	50	53.223	21.052	146.386	0.128	63.812	201957	233	-1.302	1.327	1.477	16225	284	867	1.203	187	0.130	222	232	238	0	0	2	2	0	0	0	0	0	0	0	3.870	4.116	3.032	3.156	208	1623	25.205	2.513
1199	estuario2_300_07agosto2013_600ml_tot_1	3303	177.193	53.815	101	89	246	55.663	63.461	56.743	62.137	498.725	20619	291	94	102	97.577	43.099	45.314	0.167	123.227	585268	192	-0.287	-1.553	0.151	20695	291	3298	1.216	305	0.243	113	191	228	0	0	1	2	0	0	0	0	0	0	0	3.823	3.824	3.960	4.024	387	4759	65.527	2.072
1200	estuario2_300_07agosto2013_600ml_tot_1	4052	144.148	58.321	80	70	244	55.726	34.764	58.109	33.561	391.144	16966	328	120	60	118.317	43.604	3.719	0.333	120.104	584089	127	0.438	-1.336	0.074	17012	328	4049	1.140	282	0.230	89	126	201	0	0	3	2	0	0	0	0	0	0	0	2.864	3.021	3.116	3.269	356	5174	31.410	2.294
1201	estuario2_300_07agosto2013_600ml_tot_1	1956	189.643	46.636	243	99	244	57.895	37.577	56.461	38.286	464.926	20152	441	100	106	52.441	47.491	34.506	0.114	126.479	370941	207	-0.295	-1.570	0.051	20152	441	1955	1.180	275	0.168	140	206	234	0	0	2	1	0	0	0	0	0	0	0	7.148	7.404	5.360	5.570	408	5381	42.016	1.683
1202	estuario2_300_07agosto2013_600ml_tot_1	2563	182.662	51.485	243	95	244	41.191	44.338	42.388	45.747	556.507	20997	469	115	121	60.120	54.280	104.808	0.104	154.858	468162	197	-0.211	-1.656	0.039	21002	469	2562	1.190	294	0.208	127	196	233	0	0	2	1	0	0	0	0	0	0	0	7.118	7.134	4.453	4.573	468	7869	53.861	2.798
1203	estuario2_300_07agosto2013_600ml_tot_1	1886	178.398	52.429	243	69	251	21.568	28.280	21.691	29.864	233.907	21492	536	45	62	60.529	39.673	88.071	0.433	65.299	336458	185	-0.345	-1.210	2.651	21505	536	1836	1.151	177	0.109	131	181	227	0	0	1	1	0	0	0	0	0	0	0	1.939	2.036	1.953	2.124	210	2143	14.647	1.867
1204	estuario2_300_07agosto2013_600ml_tot_1	3555	164.946	48.924	104	96	245	43.248	40.314	45.862	41.874	389.872	23702	660	96	98	107.367	42.158	137.701	0.294	126.669	586382	164	0.176	-1.404	0.084	23719	660	3552	1.145	277	0.233	114	163	209	0	0	1	3	0	0	0	0	0	0	0	3.506	3.546	3.572	3.626	384	4488	44.045	1.973
1205	estuario2_300_07agosto2013_600ml_tot_1	4595	163.760	48.237	243	94	246	31.712	128.215	31.559	128.053	702.992	23033	687	80	260	217.352	26.917	75.115	0.117	267.524	752476	145	0.431	-1.359	0.087	23102	687	4591	1.204	454	0.302	121	143	213	0	0	4	2	0	0	0	0	0	0	0	11.182	10.809	14.512	14.143	676	8580	104.742	1.697
1206	estuario2_300_07agosto2013_600ml_tot_1	2013	169.807	46.110	243	97	244	18.177	53.254	18.204	52.955	303.889	21652	693	36	109	116.941	21.917	99.389	0.274	109.895	341822	154	0.329	-1.382	0.050	21665	693	2012	1.147	199	0.132	130	153	217	0	0	4	1	0	0	0	0	0	0	0	4.498	4.530	5.454	5.487	286	2371	25.696	1.430
1207	estuario2_300_07agosto2013_600ml_tot_1	1803	163.519	55.610	243	86	246	49.092	24.949	49.389	24.817	285.019	21218	740	98	50	112.909	20.332	158.771	0.279	105.603	294824	147	0.211	-1.626	0.166	21221	740	1800	1.147	177	0.128	110	146	224	0	0	3	1	0	0	0	0	0	0	0	4.657	4.695	5.670	5.689	292	2192	28.460	1.641
1208	estuario2_300_07agosto2013_600ml_tot_1	2167	129.662	75.836	49	46	245	17.976	48.185	18.021	48.148	301.103	17876	784	36	97	102.243	26.986	81.633	0.300	97.329	280977	99	0.372	-1.565	0.092	17896	784	2165	1.146	275	0.171	56	98	215	0	0	1	1	0	0	0	0	0	0	0	3.392	3.423	4.086	4.087	262	2490	30.623	1.555
1209	estuario2_300_07agosto2013_600ml_tot_1	5707	169.864	57.000	243	84	247	79.740	97.502	78.028	99.195	1002.278	22698	800	151	172	135.051	53.805	49.042	0.071	209.402	969415.000	172	-0.020	-1.704	0.140	22820	800	5699	1.244	634	0.412	109	171	230	0	0	4	2	0	0	0	0	0	0	0	5.929	5.972	4.666	4.754	642	17938	164.841	2.694
1210	estuario2_300_07agosto2013_600ml_tot_1	3009	204.821	32.582	242	105	247	40.898	72.279	41.281	71.361	468.340	19522	814	84	124	115.902	33.055	64.372	0.172	143.694	616307	214	-0.795	-0.342	0.731	19604	814	2987	1.213	326	0.236	182	213	231	0	0	2	2	0	0	0	0	0	0	0	4.923	5.058	5.041	5.213	412	4917	53.863	2.260
1211	estuario2_300_07agosto2013_600ml_tot_1	1198	221.844	17.633	222	141	244	18.316	25.038	18.393	24.525	192.451	15034	816	34	59	54.274	28.104	80.280	0.406	61.351	265769	225	-2.354	6.362	0.083	15057	816	1197	1.103	71	0.172	219	224	229	0	0	3	2	0	0	0	0	0	0	0	2.322	2.556	1.890	1.969	182	1494	3.716	2.093
1212	estuario2_300_07agosto2013_600ml_tot_1	5402	182.567	39.625	243	96	244	132.115	113.007	131.970	112.828	858.781	21429	820	267	204	261.885	26.264	36.861	0.092	332.800	986226	174	0.137	-1.316	0.074	21687	820	5398	1.228	479	0.374	147	173	222	0	0	12	2	0	0	0	0	0	0	0	14.664	14.374	19.202	18.881	938	11620	133.744	1.700
1213	estuario2_300_07agosto2013_600ml_tot_1	3413	134.695	68.637	243	39	246	37.605	38.450	37.446	37.091	353.688	17665	852	80	67	78.334	55.475	5.712	0.343	89.889	459714	113	0.342	-1.410	0.146	17672	852	3408	1.146	362	0.165	73	111	205	0	0	3	1	0	0	0	0	0	0	0	2.051	2.057	2.154	2.204	290	4349	37.387	3.069
1214	estuario2_300_07agosto2013_600ml_tot_1	2540	164.617	53.555	243	90	244	27.824	37.794	29.082	39.425	366.902	21813	918	54	104	81.791	39.540	102.556	0.237	105.991	418126.000	162	0.108	-1.572	0.079	21833	918	2538	1.175	331	0.174	108	160	217	0	0	1	1	0	0	0	0	0	0	0	3.530	3.655	3.430	3.541	311	3441	43.901	3.634
1215	estuario2_300_07agosto2013_600ml_tot_1	2620	161.910	54.818	243	87	245	45.255	48.049	44.956	46.395	323.103	20371	924	79	87	96.914	34.421	127.362	0.315	110.318	424204	147	0.238	-1.555	0.267	20377	924	2613	1.144	239	0.168	109	145	221	0	0	1	1	0	0	0	0	0	0	0	3.543	3.641	3.632	3.711	328	3239	32.253	1.966
1216	estuario2_300_07agosto2013_600ml_tot_1	3666	168.127	54.627	243	87	247	70.553	94.790	70.803	94.898	602.732	21885	961	144	186	243.604	19.161	127.330	0.127	229.020	616353	164	0.055	-1.596	0.164	21890	961	3660	1.209	329	0.247	111	162	225	0	0	5	1	0	0	0	0	0	0	0	10.663	10.597	13.813	13.671	656	5428	120.990	1.609
1217	estuario2_300_07agosto2013_600ml_tot_1	1661	184.261	38.940	240	118	246	26.351	39.289	26.533	38.917	315.948	24042	964	66	87	71.926	29.403	75.321	0.209	88.284	306057	172	0.237	-1.453	0.181	24043	964	1658	1.137	164	0.128	150	171	225	0	0	4	1	0	0	0	0	0	0	0	4.834	5.020	3.385	3.445	301	3052	14.556	1.656
1218	estuario2_300_07agosto2013_600ml_tot_1	1253	197.469	35.214	243	127	244	31.142	67.213	31.031	66.775	362.960	24112	976	49	127	74.118	21.525	86.489	0.120	128.269	247429	202	-0.309	-1.257	0.080	24128	976	1252	1.174	164	0.096	165	201	230	0	0	2	4	0	0	0	0	0	0	0	9.748	9.674	12.871	12.882	348	3785	9.696	1.820
1219	estuario2_300_07agosto2013_600ml_tot_1	21123	160.026	51.891	243	63	250	118.606	145.249	130.951	153.549	1645.489	23622	1025	345	308	307.071	87.584	144.076	0.098	430.850	3380230	160	-0.113	-0.966	0.142	23651	1025	21093	1.196	1660	0.916	124	159	202	0	0	5	13	0	0	0	0	0	0	0	6.499	6.676	4.210	4.113	1302	44373	165.935	2.896
1220	estuario2_300_07agosto2013_600ml_tot_1	2451	111.916	75.639	48	41	246	25.288	37.347	25.149	36.170	252.919	18140	1037	54	68	64.069	48.709	88.833	0.481	72.111	274305	68	0.733	-1.184	0.041	18168	1037	2450	1.096	304	0.229	49	67	191	0	0	1	1	0	0	0	0	0	0	0	2.000	2.037	2.120	2.169	240	2677	19.933	3.275
1221	estuario2_300_07agosto2013_600ml_tot_1	2874	172.825	51.371	109	100	246	37.541	27.045	39.774	27.323	328.475	23763	1048	89	59	81.741	44.767	28.805	0.335	95.383	496698	174	-0.022	-1.607	0.139	23839	1048	2870	1.139	299	0.205	117	173	225	0	0	1	1	0	0	0	0	0	0	0	2.577	2.707	2.359	2.493	291	3405	31.182	2.183
1222	estuario2_300_07agosto2013_600ml_tot_1	4925	154.517	55.649	243	69	247	100.531	77.686	99.521	78.055	688.330	18885	1099	209	168	255.196	24.572	37.926	0.131	258.213	760998	133	0.391	-1.396	0.081	19083	1099	4921	1.205	500	0.295	105	132	214	0	0	5	2	0	0	0	0	0	0	0	10.304	10.024	13.335	12.954	750	7441	100.420	1.406
1223	estuario2_300_07agosto2013_600ml_tot_1	2204	142.621	70.596	243	55	245	43.508	27.263	41.108	26.952	264.676	19269	1135	83	51	76.662	36.605	15.869	0.395	83.487	314337	121	0.222	-1.679	0.181	19321	1135	2200	1.136	218	0.165	73	120	219	0	0	1	1	0	0	0	0	0	0	0	2.749	2.780	2.563	2.579	264	2663	40.518	1.892
1224	estuario2_300_07agosto2013_600ml_tot_1	1796	169.109	52.538	242	88	244	60.706	14.444	60.304	14.121	309.321	19507	1157	120	24	127.573	17.925	1.336	0.236	120.416	303720	160	0.103	-1.585	0.111	19548	1157	1794	1.152	163	0.117	118	158	225	0	0	2	1	0	0	0	0	0	0	0	5.741	5.780	7.411	7.457	284	2383	14.074	1.518
1225	estuario2_300_07agosto2013_600ml_tot_1	1102	203.711	28.218	243	122	245	39.361	12.959	39.776	13.052	197.137	21090	1187	76	24	72.456	19.365	179.599	0.356	76.236	224490	207	-0.528	-0.429	0.091	21128	1187	1101	1.105	105	0.086	182	206	228	0	0	4	2	0	0	0	0	0	0	0	3.813	3.801	4.566	4.535	196	1372	5.341	1.602
1226	estuario2_300_07agosto2013_600ml_tot_1	17710	145.954	69.413	243	33	252	120.039	188.933	120.539	193.148	2073.735	14553	1188	201	460	287.029	78.560	78.427	0.052	477.766	2584851	142	0.087	-1.461	1.824	14681	1188	17387	1.287	2292	0.923	79	139	217	0	0	18	7	0	0	0	0	0	0	0	9.530	9.426	13.383	13.251	1318	49112	167.921	3.774
1227	estuario2_300_07agosto2013_600ml_tot_1	3273	158.294	59.593	243	76	244	18.812	98.539	18.910	98.685	547.654	22903	1206	43	198	208.500	19.987	98.116	0.137	199.449	518097	147	0.168	-1.591	0.092	22913	1206	3270	1.198	348	0.216	98	146	223	0	0	1	1	0	0	0	0	0	0	0	8.845	8.723	11.342	11.159	478	5120	81.135	1.409
1228	estuario2_300_07agosto2013_600ml_tot_1	1938	171.701	56.378	243	71	243	29.666	27.795	30.415	26.617	307.304	19895	1210	76	53	60.482	40.798	2.416	0.258	76.792	332756	178	-0.326	-1.269	0	19914	1210	1938	1.159	243	0.116	122	177	226	0	0	1	1	0	0	0	0	0	0	0	2.760	2.943	2.724	2.931	254	2551	30.498	2.887
1229	estuario2_300_07agosto2013_600ml_tot_1	1557	163.784	64.771	243	56	247	27.531	31.169	27.585	30.037	224.877	15348	1238	52	55	51.860	38.226	124.946	0.387	59.093	255011	174	-0.198	-1.573	0.257	15364	1238	1553	1.125	187	0.098	94	173	228	0	0	1	1	0	0	0	0	0	0	0	2.364	2.405	2.500	2.552	209	1843	21.983	3.562
1230	estuario2_300_07agosto2013_600ml_tot_1	2762	153.969	62.383	242	46	246	27.531	37.912	27.798	35.387	296.090	16341	1272	57	72	69.001	50.965	85.145	0.396	81.006	425263	152	-0.050	-1.416	0.036	16367	1272	2761	1.123	272	0.130	94	150	214	0	0	1	2	0	0	0	0	0	0	0	2.013	2.052	1.785	1.865	254	3240	21.565	2.208
1231	estuario2_300_07agosto2013_600ml_tot_1	3180	176.549	53.610	243	89	244	68.841	60.810	70.473	60.749	590.926	20639	1274	111	137	77.232	52.426	171.567	0.114	137.819	561427	187	-0.134	-1.666	0.063	20747	1274	3178	1.198	332	0.235	118	186	230	0	0	1	2	0	0	0	0	0	0	0	6.467	6.713	5.536	5.687	491	7975	80.491	3.695
1232	estuario2_300_07agosto2013_600ml_tot_1	3663	148.755	61.719	69	64	246	50.396	31.290	55.269	32.148	389.144	17496	1277	116	68	109.692	42.518	157.024	0.304	127.910	544889	148	0.115	-1.474	0.164	17517	1277	3657	1.152	312	0.210	83	147	206	0	0	1	2	0	0	0	0	0	0	0	3.287	3.333	3.332	3.368	364	4460	41.876	1.858
1233	estuario2_300_07agosto2013_600ml_tot_1	8691	152.796	67.658	243	46	249	112.265	72.302	108.824	72.294	1149.859	17304	1318	207	137	144.493	76.583	163.554	0.083	207.118	1327949	144	0.035	-1.616	0.782	17374	1318	8623	1.287	959	0.486	86	141	224	0	0	4	3	0	0	0	0	0	0	0	4.393	4.410	5.723	5.679	683	17203	176.717	2.686
1234	estuario2_300_07agosto2013_600ml_tot_1	8775	163.167	54.233	243	73	248	116.022	54.285	112.633	56.323	924.212	16951	1356	217	124	176.612	63.261	18.113	0.129	220.132	1431789	158	0.068	-1.458	0.342	17085	1356	8745	1.217	955	0.451	109	157	217	0	0	5	5	0	0	0	0	0	0	0	4.630	4.598	5.191	5.160	678	16599	192.548	2.132
1235	estuario2_300_07agosto2013_600ml_tot_1	3888	133.836	70.223	243	50	246	30.524	58.868	30.753	59.966	481.411	15642	1363	60	143	125.944	39.306	87.999	0.211	143.014	520354	107	0.407	-1.490	0.103	15664	1363	3884	1.179	390	0.263	67	105	211	0	0	2	2	0	0	0	0	0	0	0	3.951	3.947	4.687	4.694	402	6088	77.164	2.274
1236	estuario2_300_07agosto2013_600ml_tot_1	767	237.703	4.116	242	228	247	19.358	21.990	19.365	21.975	203.563	14902	1377	39	42	48.269	20.232	128.590	0.233	50.931	182318	238	-0.315	-0.970	2.608	14910	1377	747	1.147	182	0.171	233	237	240	0	0	1	1	0	0	0	0	0	0	0	2.674	2.700	2.750	2.838	158	1019	38.901	2.436
1237	estuario2_300_07agosto2013_600ml_tot_1	2015	137.941	57.535	88	83	248	32.036	22.625	32.111	22.515	206.693	23896	1384	63	45	60.385	42.487	16.543	0.593	64.537	277951	106	0.756	-1.087	0.099	23925	1384	2013	1.080	146	0.207	89	105	193	0	0	1	1	0	0	0	0	0	0	0	1.927	1.980	2.081	2.126	212	2195	6.019	3.205
1238	estuario2_300_07agosto2013_600ml_tot_1	1660	150.172	49.432	118	83	246	24.690	22.339	24.545	21.636	181.865	17705	1405	51	46	48.257	43.798	158.637	0.631	53.235	249285	125	0.858	-0.876	0.241	17715	1405	1656	1.074	170	0.144	114	124	192	0	0	1	2	0	0	0	0	0	0	0	1.886	1.815	1.831	1.730	190	1801	7.414	1.789
1239	estuario2_300_07agosto2013_600ml_tot_1	885	232.487	8.748	241	196	249	18.871	18.499	18.922	18.522	156.894	19016	1406	39	40	37.196	30.294	60.761	0.452	41.761	205751	235	-1.127	0.962	1.356	19038	1406	873	1.137	148	0.146	227	234	238	0	0	4	4	0	0	0	0	0	0	0	2.256	2.219	2.223	2.180	154	1043	6.013	3.750
1240	estuario2_300_07agosto2013_600ml_tot_1	1902	170.047	51.779	243	57	243	35.270	22.689	34.996	22.361	217.765	18611	1426	68	46	60.543	39.999	158.588	0.504	73.164	323430	172	-0.310	-1.068	0	18639	1426	1902	1.090	92	0.088	130	171	217	0	0	1	1	0	0	0	0	0	0	0	2.335	2.345	2.156	2.252	224	2197	6.370	1.853
1241	estuario2_300_07agosto2013_600ml_tot_1	3690	159.660	60.584	242	51	245	62.616	39.112	62.435	37.275	450.600	21065	1433	102	68	88.404	53.145	3.285	0.228	105.948	589144	164	-0.287	-1.118	0.136	21159	1433	3685	1.170	385	0.184	114	162	213	0	0	1	2	0	0	0	0	0	0	0	2.591	2.782	2.704	2.865	335	5382	60.669	3.522
1242	estuario2_300_07agosto2013_600ml_tot_1	1437	226.640	10.094	225	191	244	13.962	42.212	14.060	42.132	254.492	15780	1443	32	82	78.423	23.331	92.057	0.279	82.735	325682	227	-0.418	-0.323	0.070	15794	1443	1436	1.143	132	0.192	218	226	234	0	0	3	2	0	0	0	0	0	0	0	3.522	3.406	4.549	4.326	224	2180	5.795	1.772
1243	estuario2_300_07agosto2013_600ml_tot_1	908	134.401	68.407	65	61	243	17.743	19.328	17.708	18.781	140.551	22431	1480	35	37	34.955	33.074	86.383	0.578	37.537	122036	102	0.477	-1.474	0	22447	1480	908	1.041	63	0.076	71	101	212	0	0	1	1	0	0	0	0	0	0	0	1.844	1.914	1.781	1.881	140	983	1.978	2
1244	estuario2_300_07agosto2013_600ml_tot_1	3718	150.290	64.398	243	66	247	53.811	43.144	51.877	47.179	444.299	18031	1499	90	103	102.587	46.145	50.926	0.237	131.137	558778	140	0.162	-1.599	0.215	18096	1499	3710	1.179	420	0.238	83	139	219	0	0	1	1	0	0	0	0	0	0	0	3.265	3.359	3.525	3.616	382	5227	46.626	2.372
1245	estuario2_300_07agosto2013_600ml_tot_1	1778	166.164	57.534	243	53	245	37.939	29.092	36.624	29.846	250.191	15617	1516	66	57	58.936	38.411	27.809	0.357	74.303	295440	171	-0.257	-1.265	0.056	15650	1516	1777	1.129	192	0.095	114	170	221	0	0	1	2	0	0	0	0	0	0	0	2.646	2.845	2.925	3.114	242	2258	17.696	2.438
1246	estuario2_300_07agosto2013_600ml_tot_1	1845	133.454	67.195	243	52	246	30.022	21.821	29.651	21.135	197.279	21415	1532	57	44	57.408	40.920	166.356	0.596	60.033	246222.000	107	0.480	-1.360	0.163	21451	1532	1842	1.075	142	0.109	73	106	205	0	0	1	1	0	0	0	0	0	0	0	1.861	1.913	1.836	1.886	198	1971	11.416	2.478
1247	estuario2_300_07agosto2013_600ml_tot_1	1705	145.475	68.257	242	58	245	11.986	50.446	11.940	50.370	296.274	16536	1575	25	102	108.853	19.943	85.698	0.244	102.591	248035	130	0.202	-1.598	0.059	16554	1575	1704	1.155	241	0.112	77	129	220	0	0	1	1	0	0	0	0	0	0	0	4.496	4.511	5.415	5.404	250	1961	20.318	1.570
1248	estuario2_300_07agosto2013_600ml_tot_1	1064	140.742	60.079	85	74	243	22.996	17.468	22.952	17.046	140.995	23728	1582	44	38	44.962	30.130	33.436	0.673	46.487	149749	116	0.555	-1.314	0	23757	1582	1064	1.042	57	0.086	86	114	201	0	0	2	1	0	0	0	0	0	0	0	2.022	2.126	2.075	2.195	159	1121	3.224	1.908
1249	estuario2_300_07agosto2013_600ml_tot_1	2038	146.914	63.020	242	58	245	50.003	25.096	49.368	24.890	290.434	15468	1606	99	51	112.066	23.155	20.654	0.304	103.730	299411	128	0.324	-1.470	0.147	15548	1606	2035	1.136	233	0.120	88	127	217	0	0	2	1	0	0	0	0	0	0	0	4.196	4.223	5.069	5.098	296	2325	27.895	1.432
1250	estuario2_300_07agosto2013_600ml_tot_1	3299	101.919	74.870	42	39	245	36.526	34.616	36.485	34.436	315.103	19500	1608	71	70	67.051	62.645	116.388	0.418	73.082	336232	58	0.946	-0.811	0.061	19525	1608	3297	1.111	374	0.369	44	57	165	0	0	1	1	0	0	0	0	0	0	0	2.017	2.045	1.916	1.920	278	3576	37.034	2.149
1251	estuario2_300_07agosto2013_600ml_tot_1	2447	174.031	56.820	243	61	247	46.411	32.753	45.503	33.680	385.730	15229	1615	84	74	81.617	38.173	41.204	0.207	104.652	425853	188	-0.486	-1.123	0.409	15311	1615	2437	1.182	283	0.136	125	187	223	0	0	1	1	0	0	0	0	0	0	0	3.336	3.506	3.181	3.397	312	3804	33.079	2.681
1252	estuario2_300_07agosto2013_600ml_tot_1	5634	167.681	51.690	243	82	245	52.748	69.927	54.954	69.223	838.916	23218	1625	184	166	100.157	71.622	7.813	0.101	201.698	944713	157	0.066	-1.344	0.018	23233	1625	5633	1.223	464	0.338	127	156	222	0	0	4	4	0	0	0	0	0	0	0	6.886	7.019	8.913	9.028	695	17201	148.699	3.735
1253	estuario2_300_07agosto2013_600ml_tot_1	3759	155.350	59.965	78	74	246	53.109	27.454	57.234	26.209	412.416	19708	1628	130	51	108.867	43.963	179.985	0.278	131.529	583960	159	0.046	-1.545	0.266	19765	1628	3749	1.160	379	0.236	90	158	212	0	0	1	1	0	0	0	0	0	0	0	3.462	3.508	3.397	3.437	357	4724	36.982	2.083
1254	estuario2_300_07agosto2013_600ml_tot_1	2193	179.720	63.798	243	65	250	89.571	51.681	83.803	51.636	552.406	18853	1642	128	106	66.386	42.060	160.711	0.090	145.691	394126	220	-0.532	-1.442	0.137	18854	1642	2190	1.211	306	0.195	106	219	234	0	0	1	1	0	0	0	0	0	0	0	8.032	8.527	9.922	10.392	464	6521	68.761	3.051
1255	estuario2_300_07agosto2013_600ml_tot_1	1996	225.516	14.009	243	172	248	43.397	21.590	43.270	21.638	382.073	22010	1648	88	44	80.000	31.767	169.985	0.172	88.814	450129	229	-0.916	0.431	0.902	22017	1648	1978	1.235	267	0.244	216	227	235	0	0	6	4	0	0	0	0	0	0	0	3.163	3.085	3.620	3.681	260	2705	50.576	1.609
1256	estuario2_300_07agosto2013_600ml_tot_1	1343	159.831	49.892	113	97	243	25.504	17.009	25.547	16.828	176.794	19971	1679	56	38	56.277	30.385	17.319	0.540	60.008	214653	141	0.445	-1.396	0	20002	1679	1343	1.072	92	0.099	113	140	210	0	0	2	1	0	0	0	0	0	0	0	2.196	2.337	2.299	2.444	184	1493	6.785	1.815
1257	estuario2_300_07agosto2013_600ml_tot_1	1014	165.785	54.234	242	89	243	17.357	23.158	16.968	22.585	156.066	21923	1687	35	43	44.305	29.141	118.057	0.523	50.478	168106	161	0.104	-1.579	0	21930	1687	1014	1.056	105	0.067	110	159	224	0	0	1	1	0	0	0	0	0	0	0	1.974	1.987	1.859	1.861	152	1147	3.357	1.689
1258	estuario2_300_07agosto2013_600ml_tot_1	2026	143.685	55.877	90	81	247	25.959	32.787	26.202	32.570	236.877	20822	1692	57	60	57.480	44.878	78.757	0.454	62.241	291105	116	0.694	-1.149	0.148	20849	1692	2023	1.104	214	0.162	96	115	198	0	0	1	1	0	0	0	0	0	0	0	2.206	2.209	2.312	2.324	230	2341	18.151	2.604
1259	estuario2_300_07agosto2013_600ml_tot_1	2133	152.980	55.899	243	80	246	22.634	50.269	22.388	49.327	299.304	21301	1696	43	101	111.902	24.270	103.393	0.299	103.740	326306	125	0.478	-1.401	0.047	21315	1696	2132	1.144	223	0.150	105	124	213	0	0	2	1	0	0	0	0	0	0	0	3.885	3.891	4.636	4.613	284	2501	30.029	1.694
1260	estuario2_300_07agosto2013_600ml_tot_1	979	227.574	12.958	243	169	244	28.957	36.963	29.354	36.566	386.617	16663	1701	92	90	51.414	24.244	49.114	0.082	112.071	222795	230	-1.187	1.700	0.204	16697	1701	977	1.161	174	0.133	219	229	237	0	0	1	5	0	0	0	0	0	0	0	11.075	11.051	10.081	10.104	360	4232	23.777	1.857
1261	estuario2_300_07agosto2013_600ml_tot_1	2137	179.964	51.516	243	89	248	34.294	71.761	34.801	70.269	424.500	17785	1704	77	108	69.314	39.255	125.631	0.149	111.400	384582	187	-0.106	-1.677	0.140	17825	1704	2134	1.185	248	0.171	126	185	232	0	0	3	1	0	0	0	0	0	0	0	5.253	5.289	4.594	4.633	366	4620	47.405	1.851
1262	estuario2_300_07agosto2013_600ml_tot_1	1848	108.601	77.177	43	40	243	27.425	28.744	27.399	27.884	212.635	17367	1706	50	55	52.825	44.542	71.634	0.514	56.613	200694	62	0.756	-1.160	0	17400	1706	1848	1.086	174	0.220	44	61	189	0	0	1	1	0	0	0	0	0	0	0	1.907	2.056	1.713	1.888	206	2011	15.485	2.423
1263	estuario2_300_07agosto2013_600ml_tot_1	1756	119.400	74.666	48	44	243	25.158	24.633	24.819	24.331	196.836	19251	1708	51	49	52.635	42.478	42.004	0.570	55.973	209666	79	0.585	-1.348	0	19270	1708	1756	1.076	136	0.143	53	78	200	0	0	1	1	0	0	0	0	0	0	0	1.860	1.912	1.864	1.917	196	1890	13.209	2.200
1264	estuario2_300_07agosto2013_600ml_tot_1	4782	191.043	51.047	240	85	245	47.468	62.178	50.984	58.325	616.507	21465	1711	122	116	101.947	59.723	41.353	0.158	145.344	913566	218	-0.556	-1.324	0.251	21579	1711	4770	1.212	581	0.447	135	216	235	0	0	1	1	0	0	0	0	0	0	0	3.526	3.966	4.141	4.336	472	8941	118.829	4.418
1265	estuario2_300_07agosto2013_600ml_tot_1	2272	111.776	77.144	44	41	245	31.668	33.015	31.897	32.719	231.948	19404	1736	64	61	64.706	44.707	140.103	0.531	67.543	253954	65	0.693	-1.254	0.088	19428	1736	2270	1.094	220	0.237	47	63	195	0	0	1	1	0	0	0	0	0	0	0	2.243	2.368	2.199	2.361	246	2498	14.346	1.358
1266	estuario2_300_07agosto2013_600ml_tot_1	85262	227.933	28.855	241	67	253	172.361	197.828	173.262	196.442	4563.956	23965	1740	321	412	372.080	291.763	107.194	0.051	437.010	19434059	235	-3.604	12.540	5.158	24219	1740	80864	1.517	13754	13.798	228	234	238	0	0	33	39	0	0	0	0	0	0	0	2.033	2.090	2.087	2.116	1462	106532	325.266	10.658
1267	estuario2_300_07agosto2013_600ml_tot_1	4252	132.008	70.645	243	40	246	52.360	55.528	50.780	57.735	491.269	15329	1743	79	125	106.880	50.653	95.799	0.221	125.399	561299	115	0.295	-1.433	0.118	15386	1743	4247	1.179	438	0.219	65	114	203	0	0	1	1	0	0	0	0	0	0	0	3.231	3.384	3.820	3.966	403	6239	61.153	2.368
1268	estuario2_300_07agosto2013_600ml_tot_1	2147	165.996	58.363	243	80	247	35.038	61.752	34.361	59.924	375.889	15506	1743	83	85	66.551	41.076	157.962	0.191	99.489	356393	167	0.035	-1.731	0.140	15520	1743	2144	1.165	256	0.158	105	165	227	0	0	2	1	0	0	0	0	0	0	0	4.122	4.107	3.344	3.400	332	4134	27.515	2.149
1269	estuario2_300_07agosto2013_600ml_tot_1	1493	229.222	12.446	241	161	252	15.853	37.279	15.765	37.111	213.522	15784	1750	33	70	67.811	28.033	97.338	0.412	71.805	342229	231	-1.074	1.927	6.899	15801	1750	1390	1.223	245	0.190	220	229	237	0	0	3	4	0	0	0	0	0	0	0	2.553	2.601	3.352	3.462	202	1766	16.574	2.506
1270	estuario2_300_07agosto2013_600ml_tot_1	2871	128.618	73.697	45	39	245	26.702	42.346	27.401	46.015	289.990	19169	1750	49	87	89.522	40.833	97.789	0.429	88.295	369261	128	0.206	-1.493	0.104	19185	1750	2868	1.114	275	0.208	49	127	196	0	0	1	2	0	0	0	0	0	0	0	2.284	2.306	2.418	2.476	268	3319	17.824	2.548
1271	estuario2_300_07agosto2013_600ml_tot_1	1753	122.687	62.398	73	69	243	25.167	24.710	25.381	24.417	177.723	23864	1750	49	50	49.946	44.688	114.041	0.697	54.406	215071	86	0.916	-0.846	0	23885	1750	1753	1.057	94	0.202	74	85	176	0	0	1	1	0	0	0	0	0	0	0	1.849	1.885	1.770	1.811	194	1878	3.647	1.958
1272	estuario2_300_07agosto2013_600ml_tot_1	3193	160.203	52.745	243	70	247	76.124	33.706	76.280	33.432	458.357	20125	1761	152	68	173.044	23.494	161.090	0.191	159.703	511528.000	138	0.381	-1.313	0.094	20135	1761	3190	1.177	296	0.222	119	137	219	0	0	6	1	0	0	0	0	0	0	0	6.068	6.086	7.459	7.442	436	3901	65.789	1.227
1273	estuario2_300_07agosto2013_600ml_tot_1	2868	145.835	60.790	243	70	244	48.864	57.931	48.793	57.551	384.399	16035	1776	93	120	152.761	23.904	126.150	0.244	144.267	418256	118	0.469	-1.438	0.035	16046	1776	2867	1.166	203	0.202	91	117	213	0	0	6	1	0	0	0	0	0	0	0	5.628	5.579	6.964	6.894	422	3470	64.815	1.313
1274	estuario2_300_07agosto2013_600ml_tot_1	4342	161.717	70.018	41	36	245	39.391	53.053	35.049	59.596	446.014	17432	1779	89	119	134.556	41.086	58.612	0.274	134.317	702175	188	-0.707	-0.991	0.115	17487	1779	4337	1.173	364	0.265	105	186	216	0	0	1	6	0	0	0	0	0	0	0	3.384	3.415	3.882	3.875	412	5648	46.497	1.610
1275	estuario2_300_07agosto2013_600ml_tot_1	3949	149.558	60.821	76	68	243	32.166	66.986	34.713	63.286	394.500	18646	1798	65	117	111.453	45.113	68.674	0.319	127.122	590606	145	0.184	-1.487	0	18707	1798	3949	1.144	341	0.237	86	144	211	0	0	1	2	0	0	0	0	0	0	0	3.040	3.107	3.324	3.342	360	4614	49.037	2.248
1276	estuario2_300_07agosto2013_600ml_tot_1	815	165.960	54.114	240	80	243	15.896	16.964	16.361	16.260	123.054	16714	1824	35	32	35.351	29.354	168.192	0.676	39.661	135257	171	-0.079	-1.454	0	16718	1824	815	1.024	70	0.046	111	170	218	0	0	1	1	0	0	0	0	0	0	0	1.693	1.766	1.655	1.718	130	899	1.515	1.615
1277	estuario2_300_07agosto2013_600ml_tot_1	9520	166.620	56.919	243	47	247	71.612	70.167	72.601	69.830	1205.918	19468	1853	160	160	154.993	78.205	126.249	0.082	188.831	1586227	168	-0.166	-1.326	0.200	19492	1853	9501	1.307	1036	0.510	115	167	223	0	0	3	7	0	0	0	0	0	0	0	3.386	3.432	4.963	5.300	636	15941	228.095	2.777
1278	estuario2_300_07agosto2013_600ml_tot_1	2263	119.883	75.153	50	45	245	39.433	17.248	38.927	16.836	250.635	17275	1859	79	35	83.568	34.479	179.737	0.453	79.511	271295	81	0.582	-1.364	0.133	17294	1859	2260	1.102	193	0.219	52	79	203	0	0	1	1	0	0	0	0	0	0	0	2.238	2.260	2.561	2.568	224	2462	16.435	1.333
1279	estuario2_300_07agosto2013_600ml_tot_1	1551	151.493	49.674	116	96	246	19.474	26.666	19.422	26.212	181.765	22604	1872	44	52	49.383	39.989	86.831	0.590	53.151	234965.000	126	0.793	-0.994	0.258	22618	1872	1547	1.079	166	0.129	113	125	195	0	0	2	1	0	0	0	0	0	0	0	1.956	1.917	2.048	1.978	188	1702	12.111	1.854
1280	estuario2_300_07agosto2013_600ml_tot_1	1544	137.525	62.049	81	64	243	21.849	25.880	22.157	26.018	168.551	20288	1875	44	50	51.645	38.065	120.454	0.683	53.852	212338.000	107	0.606	-1.274	0	20306	1875	1544	1.058	105	0.114	83	106	201	0	0	1	1	0	0	0	0	0	0	0	1.897	1.910	1.935	1.938	184	1625	8.198	1.443
1281	estuario2_300_07agosto2013_600ml_tot_1	7772	172.595	54.178	243	53	247	98.120	137.905	97.831	137.607	1293.883	15899	1890	170	270	154.440	64.074	104.431	0.058	271.553	1341409	179	-0.268	-1.306	0.129	16046	1890	7762	1.274	826	0.413	121	178	224	0	0	5	2	0	0	0	0	0	0	0	8.441	8.822	12.834	12.697	876	29640	224.096	4.189
1282	estuario2_300_07agosto2013_600ml_tot_1	2093	169.779	49.393	243	82	243	69.622	45.986	68.925	46.177	368.316	17939	1904	132	81	140.201	19.008	29.578	0.194	148.862	355348	161	0.152	-1.434	0	18064	1904	2093	1.170	172	0.126	125	160	222	0	0	4	1	0	0	0	0	0	0	0	7.973	7.639	10.105	9.701	421	3141	23.257	1.463
1283	estuario2_300_07agosto2013_600ml_tot_1	1130	228.580	20.624	238	130	246	53.966	58.630	55.209	58.465	529.127	16630	1920	121	80	52.881	27.207	19.808	0.051	144.506	258295	235	-2.830	8.064	0.177	16747	1920	1128	1.198	229	0.193	228	234	238	0	0	1	3	0	0	0	0	0	0	0	12.201	12.450	11.098	11.493	398	5547	16.211	3.797
1284	estuario2_300_07agosto2013_600ml_tot_1	3533	153.474	57.229	84	75	245	38.464	51.642	40.491	47.971	386.943	20037	1948	92	94	105.531	42.626	49.875	0.297	124.523	542223	145	0.213	-1.468	0.226	20126	1948	3525	1.162	348	0.216	94	144	208	0	0	1	3	0	0	0	0	0	0	0	3.230	3.269	3.430	3.445	368	4471	41.496	2.927
1285	estuario2_300_07agosto2013_600ml_tot_1	1684	180.087	50.456	243	74	246	35.831	24.935	34.062	25.264	285.546	21832	1961	63	59	58.612	36.582	35.312	0.260	76.577	303266	188	-0.431	-1.127	0.238	21853	1961	1680	1.164	199	0.104	137	186	226	0	0	1	3	0	0	0	0	0	0	0	2.674	2.931	3.057	3.384	240	2622	19.116	2.222
1286	estuario2_300_07agosto2013_600ml_tot_1	1731	164.054	57.381	242	61	246	29.555	24.850	30.533	23.762	223.563	20351	1969	57	50	51.438	42.848	56.511	0.435	58.694	283978	169	-0.136	-1.406	0.058	20386	1969	1730	1.103	199	0.093	106	168	220	0	0	1	1	0	0	0	0	0	0	0	2.132	2.195	2.134	2.144	210	2005	11.905	2.016
1287	estuario2_300_07agosto2013_600ml_tot_1	1750	174.656	54.017	243	69	244	45.067	27.942	43.090	27.133	291.161	21209	1971	73	55	59.466	37.470	176.949	0.259	73.980	305648	183	-0.358	-1.262	0.114	21243	1971	1748	1.169	178	0.105	124	182	225	0	0	1	1	0	0	0	0	0	0	0	2.943	3.150	3.251	3.533	252	2538	20.893	5.100
1288	estuario2_300_07agosto2013_600ml_tot_1	2857	154.831	40.947	131	72	243	32.373	29.722	32.331	29.855	216.007	18300	1977	65	59	63.717	57.091	25.232	0.769	66.940	442352	144	0.635	-0.346	0	18332	1977	2857	1.057	122	0.185	125	143	177	0	0	3	1	0	0	0	0	0	0	0	1.861	1.864	1.822	1.847	244	2962	3.348	1.611
1289	estuario2_300_07agosto2013_600ml_tot_1	753	167.744	53.941	243	78	245	20.707	15.349	20.757	15.029	127.924	17777	1988	40	30	42.532	22.542	32.494	0.578	44.721	126311.000	164	-0.036	-1.399	0.133	17800	1988	752	1.040	78	0.049	116	163	222	0	0	1	1	0	0	0	0	0	0	0	2.210	2.221	2.307	2.343	136	830	5.353	1.667
1290	estuario2_300_07agosto2013_600ml_tot_1	2001	169.858	55.192	242	57	244	30.415	51.754	31.433	50.178	292.434	19198	1992	63	85	66.854	38.109	75.392	0.294	85.212	339886	175	-0.268	-1.272	0.150	19234	1992	1998	1.139	197	0.107	118	174	223	0	0	1	1	0	0	0	0	0	0	0	3.482	3.801	3.570	3.857	292	3249	14.462	2.714
1291	estuario2_300_07agosto2013_600ml_tot_1	1790	188.672	45.144	242	84	244	36.345	19.963	36.371	19.786	213.765	14760	1997	71	37	69.268	32.902	4.794	0.492	71.344	337723	200	-0.592	-0.894	0.056	14800	1997	1789	1.084	143	0.114	151	199	228	0	0	1	1	0	0	0	0	0	0	0	2.417	2.429	2.433	2.421	212	1952	10.440	1.821
1292	estuario2_300_07agosto2013_600ml_tot_1	1789	172.903	54.201	242	62	244	26.464	24.522	27.905	23.080	214.250	20288	2018	61	57	61.357	37.124	38.938	0.490	69.405	309323	178	-0.313	-1.249	0.224	20344	2018	1785	1.120	155	0.099	126	177	223	0	0	1	1	0	0	0	0	0	0	0	2.515	2.607	2.696	2.885	232	2069	11.959	2.133
1293	estuario2_300_07agosto2013_600ml_tot_1	1913	233.933	13.854	243	141	255	19.760	47.629	19.715	47.897	327.487	16577	2033	47	87	77.675	31.358	102.572	0.224	90.802	447514	237	-2.060	7.271	20.073	16594	2033	1529	1.283	320	0.241	225	233	238	0	0	5	2	0	0	0	0	0	0	0	3.190	3.136	3.340	3.310	264	2928	86.604	1.619
1294	estuario2_300_07agosto2013_600ml_tot_1	810	211.128	45.431	242	83	248	18.111	19.377	19.117	20.268	207.865	18151	2043	38	38	37.762	27.312	139.572	0.236	45.804	171014	233	-1.615	1.237	3.827	18158	2043	779	1.151	148	0.104	204	231	238	0	0	1	1	0	0	0	0	0	0	0	2.032	2.175	3.045	2.908	148	1043	11.933	2.361
1295	estuario2_300_07agosto2013_600ml_tot_1	826	199.107	41.644	242	99	246	42.080	23.252	40.607	21.842	228.936	21692	2044	67	49	53.255	19.748	140.723	0.198	73.355	164462	212	-0.985	-0.183	0.121	21714	2044	825	1.124	99	0.069	179	211	233	0	0	1	3	0	0	0	0	0	0	0	5.059	5.222	6.113	6.409	228	1849	3.969	1.674
1296	estuario2_300_07agosto2013_600ml_tot_1	4094	158.782	54.154	243	77	250	53.516	27.496	56.146	26.710	352.818	16722	2050	116	53	115.348	45.190	172.926	0.413	119.570	650055	147	0.263	-1.429	2.345	16768	2050	3998	1.155	259	0.212	107	142	207	0	0	2	2	0	0	0	0	0	0	0	2.638	2.705	3.113	3.189	334	4793	32.376	2.915
1297	estuario2_300_07agosto2013_600ml_tot_1	1765	169.410	55.359	243	59	243	39.841	26.018	37.827	26.777	264.978	14707	2064	67	50	62.766	35.804	27.849	0.316	72.945	299009	175	-0.305	-1.212	0	14753	2064	1765	1.137	167	0.094	120	174	222	0	0	1	2	0	0	0	0	0	0	0	2.459	2.639	2.706	2.893	230	2251	12.527	2.452
1298	estuario2_300_07agosto2013_600ml_tot_1	4010	169.722	51.752	243	84	247	87.724	121.013	86.352	122.831	711.200	16950	2081	185	239	282.826	18.052	54.238	0.100	294.613	680586	165	0.087	-1.565	0.025	17129	2081	4009	1.218	369	0.255	117	164	224	0	0	10	2	0	0	0	0	0	0	0	16.033	15.822	21.002	20.702	844	7310	89.447	1.900
1299	estuario2_300_07agosto2013_600ml_tot_1	3497	160.102	52.698	95	89	247	47.927	35.483	50.750	33.276	392.558	21990	2092	118	68	106.622	41.760	26.030	0.285	125.252	559876	156	0.186	-1.437	0.143	22062	2092	3492	1.159	313	0.229	104	155	208	0	0	1	1	0	0	0	0	0	0	0	3.546	3.593	3.833	3.844	368	4464	65.813	1.833
1300	estuario2_300_07agosto2013_600ml_tot_1	1839	127.340	74.315	60	53	245	21.410	34.933	21.223	34.241	228.250	21530	2100	43	66	65.420	35.792	71.229	0.444	68.007	234179	83	0.537	-1.477	0.218	21554	2100	1835	1.103	232	0.178	61	82	214	0	0	1	1	0	0	0	0	0	0	0	2.268	2.264	2.074	2.102	214	2063	13.164	2.400
1301	estuario2_300_07agosto2013_600ml_tot_1	3338	144.290	57.411	78	70	248	39.637	55.745	41.796	52.440	364.215	16745	2111	92	96	105.492	40.288	47.385	0.316	125.992	481640	135	0.392	-1.265	0.120	16835	2111	3334	1.150	306	0.194	87	134	195	0	0	1	3	0	0	0	0	0	0	0	3.534	3.565	3.704	3.691	372	4160	31.965	2.464
1302	estuario2_300_07agosto2013_600ml_tot_1	1619	108.189	79.357	39	37	251	22.878	23.835	22.930	23.720	185.622	16681	2126	44	50	51.296	40.186	108.158	0.590	56.303	175158	59	0.712	-1.242	0.371	16700	2126	1613	1.075	194	0.175	42	58	194	0	0	1	1	0	0	0	0	0	0	0	1.759	1.806	1.732	1.788	184	1762	8.498	1.538
1303	estuario2_300_07agosto2013_600ml_tot_1	1613	184.759	36.652	240	97	243	16.755	29.163	16.628	28.508	184.309	17174	2127	37	59	57.418	35.768	88.040	0.597	61.033	298017	184	-0.183	-0.967	0	17182	2127	1613	1.070	90	0.095	157	183	216	0	0	3	1	0	0	0	0	0	0	0	2.003	1.951	2.218	2.240	188	1742	2.302	1.351
1304	estuario2_300_07agosto2013_600ml_tot_1	6626	140.499	71.406	243	54	248	167.067	69.744	166.805	69.504	915.401	18999	2127	329	128	356.837	23.642	19.387	0.099	346.919	930948	114	0.300	-1.627	0.181	19320	2127	6614	1.210	630	0.495	70	113	222	0	0	5	1	0	0	0	0	0	0	0	13.346	13.135	17.426	17.122	910	9566	226.556	1.430
1305	estuario2_300_07agosto2013_600ml_tot_1	818	195.691	35.469	243	116	244	33.930	15.576	33.289	15.319	171.823	21280	2131	55	38	45.806	22.737	159.925	0.348	55.543	160075	198	-0.322	-1.039	0.122	21313	2131	817	1.090	91	0.062	167	197	229	0	0	1	1	0	0	0	0	0	0	0	3.406	3.554	3.554	3.676	181	1213	8.002	1.935
1306	estuario2_300_07agosto2013_600ml_tot_1	988	124.443	73.155	56	53	243	16.795	18.852	16.746	18.497	138.853	20218	2141	36	37	37.404	33.632	92.967	0.644	40.311	122950	83	0.562	-1.405	0	20235	2141	988	1.030	76	0.105	58	82	206	0	0	1	1	0	0	0	0	0	0	0	1.749	1.786	1.564	1.600	142	1065	4.610	1.467
1307	estuario2_300_07agosto2013_600ml_tot_1	2108	144.350	52.152	103	79	243	23.091	37.959	22.821	38.058	241.806	17913	2154	43	75	73.578	36.478	71.341	0.453	80.957	304290	118	0.833	-0.899	0	17949	2154	2108	1.102	196	0.162	104	117	190	0	0	4	2	0	0	0	0	0	0	0	2.339	2.377	2.530	2.569	232	2354	15.480	1.358
1308	estuario2_300_07agosto2013_600ml_tot_1	7189	161.189	54.227	243	59	246	81.015	104.380	81.998	108.551	912.580	21534	2175	169	248	207.867	44.035	118.555	0.108	276.669	1158785	150	0.011	-1.061	0.153	21599	2175	7178	1.221	612	0.453	127	149	214	0	0	6	1	0	0	0	0	0	0	0	8.275	8.624	10.571	10.936	830	13771	201.239	3.510
1309	estuario2_300_07agosto2013_600ml_tot_1	3220	133.724	55.541	83	67	246	34.803	34.788	33.978	35.523	285.647	18222	2176	77	66	69.447	59.035	0.778	0.496	77.782	430592	116	0.782	-0.764	0.155	18242	2176	3215	1.105	368	0.207	86	114	165	0	0	3	1	0	0	0	0	0	0	0	2.037	2.134	2.107	2.241	282	3511	24.817	1.851
1310	estuario2_300_07agosto2013_600ml_tot_1	2380	154.863	61.410	243	56	244	45.707	36.478	44.308	37.053	327.688	14967	2218	77	66	61.724	49.095	2.662	0.279	78.090	368574	148	0.096	-1.484	0.042	15007	2218	2379	1.150	291	0.131	95	147	219	0	0	1	1	0	0	0	0	0	0	0	2.781	2.872	2.841	2.875	281	3076	39.083	2.356
1311	estuario2_300_07agosto2013_600ml_tot_1	2570	116.231	72.472	56	53	244	27.443	34.464	27.253	34.138	255.362	20148	2226	55	67	67.572	48.426	69.903	0.495	69.971	298713	72	0.792	-1.119	0.195	20176	2226	2565	1.099	292	0.297	57	71	191	0	0	1	1	0	0	0	0	0	0	0	1.992	1.978	1.906	1.877	240	2801	34.180	1.480
1312	estuario2_300_07agosto2013_600ml_tot_1	2743	204.145	16.589	197	167	243	41.850	34.368	41.575	34.395	272.191	17266	2230	81	63	66.840	52.252	173.549	0.465	82.201	559971	201	0.712	-0.086	0	17304	2230	2743	1.115	140	0.305	192	200	211	0	0	3	4	0	0	0	0	0	0	0	2.539	2.454	2.675	2.539	284	3292	6.548	2.601
1313	estuario2_300_07agosto2013_600ml_tot_1	3987	146.571	70.400	243	49	245	37.698	104.873	36.439	100.648	615.377	17741	2234	74	199	222.338	22.832	106.502	0.132	206.828	584378	130	0.141	-1.598	0.100	17750	2234	3983	1.211	528	0.269	79	129	226	0	0	1	1	0	0	0	0	0	0	0	7.847	7.949	9.818	9.900	542	5101	147.308	1.951
1314	estuario2_300_07agosto2013_600ml_tot_1	1219	173.881	35.515	149	121	243	20.468	23.352	20.440	23.323	161.723	15507	2244	40	47	44.481	34.893	112.728	0.586	47.043	211961	154	0.852	-0.839	0	15527	2244	1219	1.060	104	0.143	147	153	204	0	0	3	1	0	0	0	0	0	0	0	2.071	2.132	2.109	2.189	170	1331	4.511	1.875
1315	estuario2_300_07agosto2013_600ml_tot_1	1538	187.220	35.242	243	104	255	19.349	32.478	19.176	32.755	198.492	18253	2244	43	61	54.944	35.640	83.129	0.491	61.814	287944	187	-0.218	-0.658	0.260	18265	2244	1534	1.111	129	0.098	162	185	214	0	0	4	2	0	0	0	0	0	0	0	2.370	2.228	2.560	2.399	204	1763	7.832	1.815
1316	estuario2_300_07agosto2013_600ml_tot_1	2554	130.838	67.024	52	44	244	30.718	27.569	31.651	28.308	252.919	15829	2251	62	62	57.462	56.591	30.941	0.502	65	334161	121	0.360	-1.297	0.039	15853	2251	2553	1.100	199	0.135	64	120	191	0	0	1	1	0	0	0	0	0	0	0	1.994	2.053	2.186	2.240	244	2885	23.746	2.854
1317	estuario2_300_07agosto2013_600ml_tot_1	2738	164.068	60.946	243	78	252	34.880	27.424	37.847	28.103	303.789	19248	2253	82	55	72.171	48.304	15.764	0.373	82.873	449218	163	0.033	-1.634	6.099	19288	2253	2571	1.185	270	0.169	97	152	221	0	0	1	1	0	0	0	0	0	0	0	2.291	2.324	2.683	2.753	270	3416	38.202	3.267
1318	estuario2_300_07agosto2013_600ml_tot_1	11254	182.496	48.865	242	93	251	143.724	127.972	144.706	128.147	1850.567	21833	2257	308	270	182.452	78.536	134.592	0.041	379.444	2053807	188	-0.169	-1.555	0.817	21970	2257	11162	1.268	1363	0.780	135	186	231	0	0	8	3	0	0	0	0	0	0	0	9.959	9.915	5.444	5.463	1151	41970	217.222	4.878
1319	estuario2_300_07agosto2013_600ml_tot_1	1806	139.352	57.927	101	71	244	23.487	32.405	23.408	31.886	196.149	16708	2261	48	61	56.228	40.895	100.282	0.590	61.984	251669	109	0.713	-1.120	0.055	16725	2261	1805	1.080	181	0.129	93	108	196	0	0	2	1	0	0	0	0	0	0	0	2.206	2.271	2.382	2.469	214	1962	10.602	2.337
1320	estuario2_300_07agosto2013_600ml_tot_1	3220	178.654	48.352	243	85	244	84.517	28.413	84.293	28.828	477.512	16431	2266	141	82	94.056	43.589	179.832	0.177	149.345	575266	182	-0.081	-1.560	0.093	16496	2266	3217	1.173	300	0.213	131	181	227	0	0	5	1	0	0	0	0	0	0	0	5.385	5.414	3.587	3.610	442	6353	40.905	1.835
1321	estuario2_300_07agosto2013_600ml_tot_1	2350	169.845	51.741	243	88	247	24.568	41.923	25.687	41.203	327.789	21708	2271	55	76	71.379	41.919	84.203	0.275	76.903	399136	164	0.059	-1.506	0.468	21735	2271	2339	1.182	257	0.146	119	163	223	0	0	1	1	0	0	0	0	0	0	0	2.354	2.470	2.634	2.741	258	3003	45.765	2.708
1322	estuario2_300_07agosto2013_600ml_tot_1	5847	187.032	49.875	243	82	255	56.135	67.159	57.075	65.860	762.472	22308	2275	124	155	139.734	53.277	60.206	0.126	167.765	1093574	202	-0.387	-1.409	4.139	22377	2275	5605	1.248	605	0.391	131	197	231	0	0	2	3	0	0	0	0	0	0	0	4.424	4.524	5.609	5.596	554	13492	134.597	2.221
1323	estuario2_300_07agosto2013_600ml_tot_1	1954	170.932	54.624	243	61	244	29.272	26.318	31.431	26.858	292.434	18884	2333	79	52	68.130	36.517	154.612	0.287	86.313	334001	178	-0.273	-1.293	0.102	18895	2333	1952	1.152	203	0.108	119	176	222	0	0	1	3	0	0	0	0	0	0	0	2.796	3.082	2.969	3.231	257	2960	14.901	2.368
1324	estuario2_300_07agosto2013_600ml_tot_1	2956	128.525	76.578	53	48	246	45.336	56.518	44.937	56.658	376.985	16095	2336	90	114	147.402	25.534	53.431	0.261	139.201	379919	91	0.415	-1.577	0.068	16173	2336	2954	1.159	291	0.287	56	89	218	0	0	3	1	0	0	0	0	0	0	0	4.989	4.992	6.256	6.201	404	3415	42.855	1.298
1325	estuario2_300_07agosto2013_600ml_tot_1	2473	139.773	54.393	243	62	245	30.932	33.637	31.524	33.193	242.191	17909	2340	60	67	60.350	52.174	100.962	0.530	67.365	345659	126	0.627	-0.862	0.040	17941	2340	2472	1.089	280	0.131	93	125	174	0	0	3	2	0	0	0	0	0	0	0	2.162	2.187	2.099	2.126	250	2688	21.748	1.716
1326	estuario2_300_07agosto2013_600ml_tot_1	2001	172.137	56.330	243	56	245	36.328	47.331	34.499	45.856	320.517	15209	2346	64	79	72.261	35.258	125.259	0.245	92.439	344446	180	-0.413	-1.181	0.050	15216	2346	2000	1.161	193	0.114	120	179	224	0	0	1	2	0	0	0	0	0	0	0	3.229	3.515	3.421	3.740	282	3232	21.731	2.890
1327	estuario2_300_07agosto2013_600ml_tot_1	1323	169.849	55.261	243	60	243	27.505	21.916	26.743	21.164	189.037	17172	2351	50	47	50.562	33.315	138.033	0.465	60.465	224710.000	178	-0.252	-1.357	0	17172	2351	1323	1.091	105	0.074	116	177	221	0	0	1	1	0	0	0	0	0	0	0	2.244	2.383	2.245	2.410	190	1550	8.052	1.928
1328	estuario2_300_07agosto2013_600ml_tot_1	2201	151.498	56.091	96	79	243	28.678	34.120	30.391	35.490	299.546	18413	2366	78	79	80.023	35.020	126.879	0.308	104.661	333448	133	0.383	-1.423	0	18427	2366	2201	1.127	212	0.147	97	132	206	0	0	1	1	0	0	0	0	0	0	0	3.694	3.783	3.524	3.596	309	2951	19.853	2.056
1329	estuario2_300_07agosto2013_600ml_tot_1	790	199.106	39.929	243	98	243	26.043	29.908	25.679	31.374	199.380	16294	2367	39	63	52.396	19.197	74.230	0.250	68.476	157294	211	-1.043	0.103	0	16323	2367	790	1.105	69	0.063	180	210	229	0	0	1	1	0	0	0	0	0	0	0	4.104	4.282	4.902	5.189	200	1513	3.591	2.032
1330	estuario2_300_07agosto2013_600ml_tot_1	3679	169.881	43.046	243	88	244	105.918	50.909	105.293	51.034	527.813	22571	2373	206	97	238.946	19.604	22.584	0.166	220.239	624994	156	0.387	-1.049	0.027	22768	2373	3678	1.182	274	0.255	140	155	211	0	0	5	3	0	0	0	0	0	0	0	9.981	9.910	12.676	12.562	602	4765	56.368	1.420
1331	estuario2_300_07agosto2013_600ml_tot_1	1720	170.544	41.024	134	98	243	40.713	37.301	40.698	37.146	242.818	23191	2380	81	75	110.401	19.837	137.730	0.367	101.863	293336	157	0.495	-1.123	0	23201	2380	1720	1.126	100	0.124	136	156	208	0	0	3	1	0	0	0	0	0	0	0	4.934	4.960	5.920	5.951	308	1905	11.127	1.269
1332	estuario2_300_07agosto2013_600ml_tot_1	3697	149.593	59.290	243	70	245	29.009	44.789	30.617	47.448	341.002	18746	2390	60	108	98.637	47.722	95.927	0.400	109.238	553047	140	0.256	-1.473	0.081	18769	2390	3694	1.122	284	0.207	92	139	207	0	0	1	1	0	0	0	0	0	0	0	2.696	2.839	2.780	2.860	332	4291	48.003	2.120
1333	estuario2_300_07agosto2013_600ml_tot_1	7762	158.922	56.096	243	72	253	98.906	46.182	97.976	44.628	786.874	19994	2393	193	90	167.030	59.168	5.566	0.158	194.250	1233549	154	0.161	-1.497	1.301	20164	2393	7661	1.241	767	0.432	101	151	212	0	0	3	3	0	0	0	0	0	0	0	3.865	3.619	3.259	3.304	562	13109	171.880	2.138
1334	estuario2_300_07agosto2013_600ml_tot_1	1139	163.386	53.561	243	72	243	17.970	21.100	18.265	21.428	149.338	15604	2397	42	40	39.724	36.507	25.902	0.642	46.648	186097	163	-0.028	-1.384	0	15618	2397	1139	1.047	87	0.058	113	162	214	0	0	1	1	0	0	0	0	0	0	0	1.947	1.882	1.959	2.048	160	1233	3.206	1.525
1335	estuario2_300_07agosto2013_600ml_tot_1	2863	132.434	62.603	243	56	244	32.417	41.838	32.926	40.858	285.203	18073	2408	66	89	98.153	37.139	55.926	0.442	99.985	379159	104	0.655	-1.152	0.035	18125	2408	2862	1.114	296	0.178	80	103	191	0	0	2	1	0	0	0	0	0	0	0	2.915	2.922	3.212	3.206	306	3146	33.588	2.812
1336	estuario2_300_07agosto2013_600ml_tot_1	2164	149.969	50.587	243	82	244	31.817	30.370	30.992	29.723	226.149	22085	2426	60	60	61.657	44.688	138.158	0.532	66.888	324533	130	0.702	-0.978	0.046	22103	2426	2163	1.091	142	0.144	111	128	193	0	0	1	1	0	0	0	0	0	0	0	2.159	2.205	2.385	2.399	236	2404	15.488	1.987
1337	estuario2_300_07agosto2013_600ml_tot_1	3979	170.790	56.690	243	81	243	98.909	55.594	100.398	54.875	785.762	17556	2427	163	119	92.872	54.551	137.604	0.081	189.169	679574	175	-0.145	-1.580	0	17609	2427	3979	1.214	438	0.258	108	174	228	0	0	1	3	0	0	0	0	0	0	0	6.588	6.677	4.326	4.427	560	12572	65.838	5.534
1338	estuario2_300_07agosto2013_600ml_tot_1	2790	178.609	48.693	242	94	250	58.771	28.342	58.449	26.900	366.174	15435	2438	98	58	84.583	41.998	175.883	0.261	101.390	498319	178	-0.029	-1.548	2.151	15505	2438	2730	1.203	382	0.182	131	173	227	0	0	1	1	0	0	0	0	0	0	0	2.984	3.065	3.260	3.343	308	3708	49.971	2.867
1339	estuario2_300_07agosto2013_600ml_tot_1	877	199.878	39.248	242	99	243	15.209	35.527	15.331	37.557	238.693	14696	2441	25	88	75.571	14.776	94.517	0.193	88.278	175293	210	-1.028	0.149	0	14704	2441	877	1.126	100	0.072	182	209	232	0	0	1	1	0	0	0	0	0	0	0	6.133	6.289	7.365	7.528	222	1842	3.485	3.310
1340	estuario2_300_07agosto2013_600ml_tot_1	1534	172.859	47.618	243	84	248	34.876	18.025	33.606	17.656	176.409	23758	2460	60	40	53.195	36.717	166.606	0.619	60.671	265166	174	-0.109	-1.224	0.782	23777	2460	1522	1.093	133	0.084	131	173	214	0	0	1	1	0	0	0	0	0	0	0	2.154	2.235	2.291	2.429	196	1738	4.118	2.459
1341	estuario2_300_07agosto2013_600ml_tot_1	4194	147.957	54.087	87	78	246	59.396	25.915	61.923	25.150	390.759	17839	2462	124	49	126.859	42.094	178.059	0.345	124.064	620530	132	0.480	-1.217	0.095	17890	2462	4190	1.132	396	0.243	99	130	195	0	0	2	1	0	0	0	0	0	0	0	2.822	2.900	3.287	3.385	342	4819	58.935	1.908
1342	estuario2_300_07agosto2013_600ml_tot_1	3583	153.006	57.039	84	78	246	22.650	72.406	22.694	68.156	407.973	19702	2471	47	123	109.287	41.743	97.139	0.271	124.459	548220	145	0.228	-1.452	0.223	19713	2471	3575	1.166	362	0.229	94	144	207	0	0	1	2	0	0	0	0	0	0	0	3.252	3.304	3.408	3.417	336	4255	43.127	2.702
1343	estuario2_300_07agosto2013_600ml_tot_1	2385	155.346	59.775	243	53	244	29.730	33.649	31.730	33.259	328.676	18917	2477	84	64	65.920	46.066	8.314	0.277	84.291	370500	154	0.016	-1.360	0.042	18928	2477	2384	1.156	209	0.121	99	153	216	0	0	1	2	0	0	0	0	0	0	0	2.932	3.108	2.744	2.937	292	3221	21.299	2.743
1344	estuario2_300_07agosto2013_600ml_tot_1	5004	153.109	67.648	243	47	246	77.781	74.090	76.834	68.131	695.335	19178	2482	131	138	109.606	58.129	121.185	0.130	159.289	766158.000	149	-0.130	-1.377	0.120	19306	2482	4998	1.207	452	0.304	91	148	224	0	0	1	2	0	0	0	0	0	0	0	4.710	4.657	4.170	4.263	533	11299	129.580	2.727
1345	estuario2_300_07agosto2013_600ml_tot_1	1877	174.620	40.758	243	113	243	35.423	55.655	34.812	56.676	296.333	23640	2485	61	104	115.723	20.652	65.983	0.269	116.276	327761	164	0.346	-1.309	0	23689	2485	1877	1.148	152	0.125	138	163	212	0	0	2	1	0	0	0	0	0	0	0	5.302	5.299	6.704	6.745	326	2458	11.089	1.508
1346	estuario2_300_07agosto2013_600ml_tot_1	5806	142.271	64.491	79	39	246	44.137	73.646	48.033	79.486	583.980	17332	2491	95	159	155.686	47.483	116.345	0.214	175.377	826026.000	131	0.217	-1.433	0.138	17353	2491	5798	1.188	532	0.303	81	130	205	0	0	2	2	0	0	0	0	0	0	0	4.031	3.979	4.478	4.413	504	7729	73.228	2.260
1347	estuario2_300_07agosto2013_600ml_tot_1	3685	149.932	57.810	79	74	245	44.294	49.341	43.339	53.053	410.600	14877	2494	76	113	104.509	44.895	67.367	0.275	128.631	552501	140	0.282	-1.402	0.054	14931	2494	3683	1.168	345	0.212	92	139	206	0	0	1	2	0	0	0	0	0	0	0	3.310	3.348	3.272	3.319	374	4861	34.262	2.107
1348	estuario2_300_07agosto2013_600ml_tot_1	3453	150.250	56.550	81	74	247	49.637	27.442	53.220	27.147	337.161	19366	2494	116	51	106.606	41.240	167.677	0.382	120.333	518812	146	0.252	-1.377	0.116	19387	2494	3449	1.128	222	0.207	91	145	202	0	0	1	2	0	0	0	0	0	0	0	3.136	3.159	3.494	3.498	330	4081	26.379	1.568
1349	estuario2_300_07agosto2013_600ml_tot_1	1020	149.241	52.571	243	70	243	18.600	20.240	18.392	20.539	126.368	16092	2500	36	39	38.922	33.366	84.251	0.803	40.262	152226	136	0.444	-1.145	0	16108	2500	1020	1.019	27	0.055	103	135	194	0	0	1	1	0	0	0	0	0	0	0	1.785	1.862	1.872	1.955	146	1059	0.956	1.545
1350	estuario2_300_07agosto2013_600ml_tot_1	819	183.872	44.136	243	96	245	19.258	24.596	19.211	24.142	159.924	18284	2500	33	46	35.982	28.980	87.677	0.402	46.390	150591	187	-0.259	-1.235	0.122	18306	2500	818	1.096	63	0.055	145	186	225	0	0	2	2	0	0	0	0	0	0	0	2.327	2.261	2.911	2.669	154	1020	3.886	2.556
1351	estuario2_300_07agosto2013_600ml_tot_1	3027	143.010	52.217	100	81	248	53.418	31.142	53.463	31.014	301.505	18983	2503	102	61	109.150	35.310	23.873	0.418	109.252	432891.000	116	0.841	-0.876	0.099	19066	2503	3024	1.118	245	0.261	101	114	186	0	0	4	2	0	0	0	0	0	0	0	3.196	3.218	3.584	3.591	322	3346	21.620	1.903
1352	estuario2_300_07agosto2013_600ml_tot_1	2830	156.075	52.398	106	82	244	86.496	31.755	86.382	31.458	433.546	17093	2504	178	53	179.704	20.051	166.750	0.189	181.805	441691	131	0.528	-1.352	0.035	17100	2504	2829	1.169	217	0.204	110	130	212	0	0	5	1	0	0	0	0	0	0	0	8.549	8.302	11.064	10.753	458	4019	25.310	1.604
1353	estuario2_300_07agosto2013_600ml_tot_1	2316	214.756	22.692	243	143	248	47.272	40.735	47.793	40.789	458.299	22565	2504	102	64	81.181	36.324	172.184	0.139	106.452	497374	218	-0.734	-0.297	0.561	22663	2504	2303	1.225	315	0.218	199	217	233	0	0	4	2	0	0	0	0	0	0	0	4.067	4.049	3.981	4.032	328	5014	44.687	2.699
1354	estuario2_300_07agosto2013_600ml_tot_1	1207	145.086	65.000	69	65	243	18.807	20.353	19.021	20.349	158.652	20162	2519	38	44	42.538	36.128	71.005	0.603	46.819	175119	145	0.160	-1.547	0	20176	2519	1207	1.057	106	0.097	75	144	208	0	0	1	1	0	0	0	0	0	0	0	1.825	1.853	1.952	2.017	160	1322	3.149	2.035
1355	estuario2_300_07agosto2013_600ml_tot_1	1811	187.774	46.435	243	86	247	53.673	29.418	52.629	28.197	355.831	15158	2529	80	59	54.119	42.607	22.681	0.180	80.231	340058	198	-0.581	-0.901	0.331	15209	2529	1805	1.197	251	0.120	151	197	230	0	0	2	4	0	0	0	0	0	0	0	3.430	3.469	2.889	2.810	274	3106	21.160	4.042
1356	estuario2_300_07agosto2013_600ml_tot_1	1899	193.272	37.131	243	106	244	77.670	45.181	77.766	45.022	422.357	14564	2539	153	89	160.460	15.068	28.265	0.134	174.416	367024	198	-0.357	-1.031	0.053	14711	2539	1898	1.183	198	0.127	161	196	227	0	0	5	4	0	0	0	0	0	0	0	11.390	11.572	14.933	15.151	480	3551	19.861	4.119
1357	estuario2_300_07agosto2013_600ml_tot_1	1919	151.753	56.436	96	83	243	57.579	22.061	57.209	21.953	300.877	23062	2556	114	46	127.916	19.101	17.073	0.266	118.680	291214	131	0.439	-1.436	0	23166	2556	1919	1.141	150	0.136	99	130	213	0	0	4	1	0	0	0	0	0	0	0	5.494	5.492	6.778	6.765	316	2223	10.897	1.857
1358	estuario2_300_07agosto2013_600ml_tot_1	1297	140.911	59.841	94	72	247	32.576	16.559	32.326	16.214	165.581	15842	2569	60	34	61.368	26.910	161.822	0.594	63.325	182761	106	0.624	-1.297	0.154	15856	2569	1295	1.065	98	0.114	91	104	204	0	0	2	1	0	0	0	0	0	0	0	2.394	2.493	2.604	2.716	184	1380	4.436	2
1359	estuario2_300_07agosto2013_600ml_tot_1	2963	174.804	48.940	242	67	247	34.334	29.891	35.330	29.522	299.806	16032	2574	99	57	77.133	48.910	173.493	0.414	103.740	517945.000	185	-0.438	-0.995	0.034	16037	2574	2962	1.104	166	0.141	136	184	216	0	0	1	1	0	0	0	0	0	0	0	2.951	2.981	2.144	2.239	307	3636	8.455	5.104
1360	estuario2_300_07agosto2013_600ml_tot_1	724	218.783	26.275	243	128	243	30.169	25.927	31.295	26.753	252.593	21250	2575	73	48	49.670	18.559	152.682	0.143	77.492	158399	227	-1.738	2.309	0	21253	2575	724	1.131	96	0.084	213	226	235	0	0	1	2	0	0	0	0	0	0	0	6.532	6.523	8.880	8.947	238	2134	5.570	2.571
1361	estuario2_300_07agosto2013_600ml_tot_1	3691	122.002	71.594	50	47	247	43.018	33.907	44.945	35.103	306.818	19427	2577	82	68	84.508	55.610	148.077	0.493	90.050	450309	93	0.464	-1.404	0.135	19453	2577	3686	1.103	350	0.330	53	92	191	0	0	1	1	0	0	0	0	0	0	0	2.055	2.077	2.055	2.103	296	4081	30.106	2.828
1362	estuario2_300_07agosto2013_600ml_tot_1	2075	141.576	75.278	50	46	245	25.320	37.461	25.102	40.498	309.546	18714	2599	55	87	68.101	38.795	91.273	0.272	87.693	293771	139	0.040	-1.693	0.145	18734	2599	2072	1.155	261	0.144	59	137	219	0	0	1	1	0	0	0	0	0	0	0	3.351	3.390	3.908	3.929	280	2925	17.222	2.676
1363	estuario2_300_07agosto2013_600ml_tot_1	1522	113.999	79.274	45	42	244	20.332	26.267	20.398	25.877	188.350	16659	2610	40	53	51.789	37.419	90.296	0.539	54.083	173507	63	0.639	-1.365	0.066	16682	2610	1521	1.078	149	0.171	47	62	206	0	0	1	1	0	0	0	0	0	0	0	1.910	1.950	1.751	1.800	182	1661	12.298	1.421
1364	estuario2_300_07agosto2013_600ml_tot_1	962	199.985	33.823	243	109	243	17.213	19.560	17.198	19.923	140.024	18085	2619	34	41	40.769	30.044	76.263	0.617	45.453	192386	212	-0.728	-0.569	0	18110	2619	962	1.044	61	0.073	175	210	226	0	0	1	1	0	0	0	0	0	0	0	1.869	1.875	1.907	1.951	146	1062	3.092	1.500
1365	estuario2_300_07agosto2013_600ml_tot_1	1162	166.154	52.544	243	94	244	17.452	22.069	17.955	21.573	158.409	22668	2641	38	43	42.394	34.899	119.089	0.582	45.343	193071	160	0.124	-1.535	0.258	22676	2641	1159	1.069	106	0.079	111	159	219	0	0	1	1	0	0	0	0	0	0	0	1.758	1.858	1.886	1.999	158	1302	6.494	1.644
1366	estuario2_300_07agosto2013_600ml_tot_1	2692	167.117	58.199	243	52	248	35.086	32.759	36.257	35.116	345.546	16224	2649	84	72	72.997	46.955	136.391	0.283	98.407	449880	171	-0.296	-1.225	0.966	16256	2649	2666	1.183	299	0.141	115	169	221	0	0	1	2	0	0	0	0	0	0	0	2.814	2.894	2.955	3.156	308	4138	35.573	4.825
1367	estuario2_300_07agosto2013_600ml_tot_1	1640	124.189	65.589	68	60	245	26.149	25.370	26.273	25.041	188.350	17445	2659	54	47	59.142	35.307	148.220	0.581	62.482	203670	87	0.755	-1.100	0.061	17458	2659	1639	1.075	101	0.145	69	86	187	0	0	1	1	0	0	0	0	0	0	0	2.023	2.034	2.101	2.099	198	1794	8.512	1.858
1368	estuario2_300_07agosto2013_600ml_tot_1	5817	137.301	60.700	243	58	245	66.122	71.184	66.118	71.162	571.009	16782	2675	131	134	116.263	63.704	55.186	0.224	151.172	798678	116	0.553	-1.181	0.052	16832	2675	5814	1.166	398	0.319	84	115	194	0	0	4	4	0	0	0	0	0	0	0	3.783	3.849	4.809	4.883	526	10179	86.331	4.797
1369	estuario2_300_07agosto2013_600ml_tot_1	1458	179.602	50.114	243	74	248	20.387	25.650	20.769	27.036	237.120	21514	2709	41	61	54.034	34.356	95.982	0.326	61.814	261860	186	-0.372	-1.182	0.343	21532	2709	1453	1.158	161	0.088	135	185	227	0	0	1	1	0	0	0	0	0	0	0	2.296	2.430	2.447	2.676	200	1801	11.391	2.235
1370	estuario2_300_07agosto2013_600ml_tot_1	2523	158.427	55.326	243	69	246	42.670	63.808	43.142	64.546	381.671	20200	2713	83	130	160.034	20.073	120.168	0.218	149.375	399711	142	0.285	-1.432	0.079	20208	2713	2521	1.170	207	0.161	109	141	217	0	0	3	1	0	0	0	0	0	0	0	6.641	6.611	8.182	8.130	422	3109	39.608	1.609
1371	estuario2_300_07agosto2013_600ml_tot_1	1197	118.693	75.705	50	46	245	18.889	22.545	18.742	22.281	145.338	16577	2719	36	44	42.923	35.507	85.869	0.712	44.643	142076	75	0.582	-1.387	0.084	16592	2719	1196	1.044	81	0.126	51	74	201	0	0	1	1	0	0	0	0	0	0	0	1.790	1.829	1.723	1.757	156	1267	1.656	1.842
1372	estuario2_300_07agosto2013_600ml_tot_1	1691	164.507	55.634	242	54	245	34.347	21.118	32.568	20.524	197.622	16166	2732	60	47	55.114	39.065	160.546	0.544	61	278182	167	-0.195	-1.235	0.177	16188	2732	1688	1.099	150	0.081	116	166	217	0	0	1	1	0	0	0	0	0	0	0	2.212	2.287	2.264	2.402	210	1915	3.264	1.970
1373	estuario2_300_07agosto2013_600ml_tot_1	3312	151.889	57.619	243	76	245	59.711	24.934	57.342	26.246	441.387	18257	2735	101	60	90.530	46.581	171.502	0.214	103.160	503057.000	136	0.328	-1.453	0.030	18325	2735	3311	1.179	288	0.200	98	135	209	0	0	2	1	0	0	0	0	0	0	0	2.642	2.744	2.780	2.884	318	4559	37.804	1.903
1374	estuario2_300_07agosto2013_600ml_tot_1	3240	161.880	48.968	105	95	247	44.879	44.748	46.834	42.759	353.546	22071	2736	95	76	100.726	40.956	29.469	0.326	113.851	524490	159	0.242	-1.360	0.093	22162	2736	3237	1.142	273	0.206	110	158	205	0	0	1	1	0	0	0	0	0	0	0	3.042	3.082	3.376	3.349	338	3862	29.722	2.021
1375	estuario2_300_07agosto2013_600ml_tot_1	2302	108.790	70.786	53	47	247	30.270	28.530	30.185	27.984	225.563	16328	2741	58	57	56.358	52.007	57.101	0.569	60.208	250435	66	0.901	-0.872	0.130	16359	2741	2299	1.086	245	0.245	53	65	169	0	0	1	1	0	0	0	0	0	0	0	1.896	1.949	1.890	1.947	226	2472	14.782	2.011
1376	estuario2_300_07agosto2013_600ml_tot_1	1649	140.878	53.011	104	78	244	25.434	27.827	25.249	27.563	185.279	15605	2745	46	56	52.774	39.784	87.856	0.604	56.886	232308	111	0.896	-0.828	0.061	15629	2745	1648	1.071	130	0.152	102	110	184	0	0	1	1	0	0	0	0	0	0	0	2.102	2.061	2.244	2.199	200	1809	6.774	2.411
1377	estuario2_300_07agosto2013_600ml_tot_1	2550	151.164	44.772	113	88	245	32.351	25.827	31.875	25.893	216.936	21161	2748	67	53	67.792	47.893	24.014	0.681	69.123	385469	139	0.748	-0.618	0.118	21200	2748	2547	1.070	196	0.156	113	138	174	0	0	4	1	0	0	0	0	0	0	0	1.923	1.973	1.901	1.960	236	2683	11.965	1.472
1378	estuario2_300_07agosto2013_600ml_tot_1	10194	164.332	59.538	243	66	255	62.089	102.390	63.401	105.721	925.408	21841	2757	137	215	157.437	82.442	118.841	0.150	235.053	1675205	151	0.091	-1.533	7.249	21873	2757	9455	1.287	999	0.526	109	141	218	0	0	4	3	0	0	0	0	0	0	0	4.235	4.148	5.697	5.618	700	16298	200.908	3.848
1379	estuario2_300_07agosto2013_600ml_tot_1	3881	150.459	58.011	79	74	248	27.603	53.156	29.045	56.900	427.227	17983	2759	55	132	112.595	43.887	98.422	0.267	133.090	583932	146	0.221	-1.414	0.077	18001	2759	3878	1.162	385	0.240	90	145	205	0	0	1	2	0	0	0	0	0	0	0	3.519	3.554	3.625	3.666	370	4851	44.052	2.252
1380	estuario2_300_07agosto2013_600ml_tot_1	2104	213.754	21.357	228	136	248	23.107	31.173	23.226	31.313	203.966	18222	2764	46	59	59.826	44.778	77.157	0.636	64.661	449738	219	-0.900	0.219	0.190	18254	2764	2100	1.078	145	0.197	200	218	229	0	0	2	2	0	0	0	0	0	0	0	1.737	1.771	1.700	1.730	206	2308	5.877	1.682
1381	estuario2_300_07agosto2013_600ml_tot_1	9537	137.173	73.358	243	44	253	52.071	74.982	54.524	78.360	841.041	19886	2774	101	166	139.671	86.939	75.684	0.169	170.262	1308222	119	0.220	-1.602	1.992	19927	2774	9347	1.250	1074	0.540	62	114	213	0	0	2	3	0	0	0	0	0	0	0	2.552	2.597	3.080	3.151	530	13233	246.571	4.432
1382	estuario2_300_07agosto2013_600ml_tot_1	3050	135.631	66.421	77	63	249	50.995	61.222	50.288	60.436	387.127	17507	2782	103	117	158.148	24.555	130.857	0.256	148.071	413674	100	0.534	-1.430	0.066	17516	2782	3048	1.160	217	0.260	77	99	209	0	0	4	1	0	0	0	0	0	0	0	5.580	5.589	6.932	6.926	436	3658	44.241	1.465
1383	estuario2_300_07agosto2013_600ml_tot_1	9140	191.873	43.590	243	97	249	144.830	84.559	143.131	83.104	1533.991	22285	2795	257	210	162.853	71.460	149.420	0.049	296.724	1753719	206	-0.526	-1.114	0.416	22323	2795	9102	1.287	917	0.622	152	205	230	0	0	6	6	0	0	0	0	0	0	0	7.759	8.170	6.237	6.297	930	29145	229.312	3.473
1384	estuario2_300_07agosto2013_600ml_tot_1	7802	140.890	63.235	243	55	248	87.154	88.141	87.132	88.808	755.259	14600	2802	150	147	122.397	81.161	49.863	0.172	170.294	1099227	121	0.394	-1.365	0.385	14683	2802	7772	1.211	785	0.413	84	119	205	0	0	2	3	0	0	0	0	0	0	0	3.697	3.615	3.730	3.479	590	13402	174.518	2.386
1385	estuario2_300_07agosto2013_600ml_tot_1	4552	145.587	75.939	49	44	245	84.770	98.111	82.755	98.079	714.531	15880	2804	137	142	88.802	65.266	131.602	0.112	156.400	662711	139	-0.011	-1.679	0.066	15970	2804	4549	1.198	562	0.326	61	138	226	0	0	1	1	0	0	0	0	0	0	0	5.724	5.773	3.200	3.242	553	9893	85.934	2.526
1386	estuario2_300_07agosto2013_600ml_tot_1	3355	153.139	58.178	84	78	246	47.505	29.999	51.411	29.803	409.345	18080	2810	125	54	101.197	42.212	168.210	0.252	127.675	513781.000	142	0.239	-1.517	0.149	18120	2810	3350	1.155	396	0.205	95	140	211	0	0	1	1	0	0	0	0	0	0	0	3.661	3.802	3.850	3.960	354	4271	34.596	2.306
1387	estuario2_300_07agosto2013_600ml_tot_1	3141	166.228	49.747	243	76	246	48.004	34.319	49.422	34.639	417.044	21954	2821	90	93	85.537	46.754	142.778	0.227	106.330	522121	162	0.113	-1.365	0.064	21970	2821	3139	1.189	214	0.167	120	161	214	0	0	2	2	0	0	0	0	0	0	0	3.406	3.357	4.177	4.243	362	5212	34.998	2.546
1388	estuario2_300_07agosto2013_600ml_tot_1	2834	164.626	44.772	122	103	243	24.651	45.447	24.451	48.014	312.392	23900	2822	44	108	94.815	38.057	91.293	0.365	109.037	466549	153	0.384	-1.312	0	23921	2822	2834	1.128	161	0.175	122	152	206	0	0	2	2	0	0	0	0	0	0	0	3.182	3.223	3.271	3.326	299	3349	12.374	1.815
1389	estuario2_300_07agosto2013_600ml_tot_1	7558	165.851	52.854	243	81	246	66.682	170.688	66.447	167.330	1207.675	17919	2826	111	377	202.108	47.614	86.489	0.065	377.641	1253503	154	0.163	-1.551	0.093	17973	2826	7551	1.232	839	0.454	116	153	221	0	0	9	2	0	0	0	0	0	0	0	13.807	13.913	14.367	14.510	972	24912	196.912	2.400
1390	estuario2_300_07agosto2013_600ml_tot_1	2030	174.513	41.290	145	94	244	30.103	31.067	30.725	31.160	279.948	16756	2827	62	82	64.730	39.930	49.908	0.325	84.646	354262	165	0.234	-1.154	0.049	16810	2827	2029	1.121	198	0.130	142	164	212	0	0	1	1	0	0	0	0	0	0	0	3.396	3.443	2.544	2.590	283	2990	12.446	2.713
1391	estuario2_300_07agosto2013_600ml_tot_1	3413	189.247	48.670	243	99	245	60.163	137.721	60.887	134.733	817.578	22105	2845	105	206	82.818	52.471	101.958	0.064	208.471	645900	211	-0.388	-1.543	0.146	22165	2845	3408	1.226	512	0.283	136	210	233	0	0	2	1	0	0	0	0	0	0	0	10.402	10.685	10.071	10.115	618	11745	105.684	7.962
1392	estuario2_300_07agosto2013_600ml_tot_1	1687	155.696	65.461	243	68	247	21.052	28.145	19.619	29.303	222.877	16417	2862	44	59	53.875	39.869	65.329	0.427	61.327	262659	151	0.059	-1.659	0.593	16435	2862	1677	1.106	204	0.116	86	148	225	0	0	1	1	0	0	0	0	0	0	0	2.112	2.164	1.946	2.002	202	1909	14.771	3.613
1393	estuario2_300_07agosto2013_600ml_tot_1	2031	167.722	52.375	243	88	246	40.104	18.013	41.595	18.628	289.321	20191	2862	82	36	78.431	32.971	3.344	0.305	82.492	340644	154	0.182	-1.611	0.295	20224	2862	2025	1.156	232	0.139	118	153	224	0	0	3	1	0	0	0	0	0	0	0	2.623	2.640	3.184	3.225	232	2342	18.143	3.190
1394	estuario2_300_07agosto2013_600ml_tot_1	3342	159.350	54.145	91	83	245	39.077	56.155	41.943	54.207	385.872	18953	2867	87	96	103.714	41.028	44.749	0.282	123.988	532548	161	0.117	-1.473	0.090	19035	2867	3339	1.155	321	0.203	102	160	208	0	0	1	2	0	0	0	0	0	0	0	3.330	3.387	3.541	3.565	362	4277	33.821	2.200
1395	estuario2_300_07agosto2013_600ml_tot_1	3583	154.852	56.302	84	75	245	25.796	69.621	27.219	66.163	379.671	19036	2896	52	120	107.141	42.579	80.450	0.312	121.824	554835	150	0.176	-1.452	0.195	19076	2896	3576	1.152	392	0.206	97	149	208	0	0	1	2	0	0	0	0	0	0	0	3.183	3.260	3.411	3.413	340	4169	37.103	1.845
1396	estuario2_300_07agosto2013_600ml_tot_1	2313	161.789	52.771	243	90	247	26.388	60.364	26.491	60.544	361.245	21047	2902	50	121	134.676	21.867	106.705	0.223	127.440	374217	138	0.407	-1.508	0.086	21055	2902	2311	1.168	257	0.195	114	137	220	0	0	5	1	0	0	0	0	0	0	0	5.172	5.201	6.404	6.395	338	3016	63.383	2.317
1397	estuario2_300_07agosto2013_600ml_tot_1	1208	145.234	57.191	242	75	245	25.053	19.848	25.149	19.477	164.309	17720	2933	47	38	46.133	33.340	21.499	0.562	47.802	175443	114	0.648	-1.242	0.166	17751	2933	1206	1.064	113	0.096	99	113	206	0	0	2	1	0	0	0	0	0	0	0	1.961	2.026	2.018	2.068	166	1319	6.877	2.462
1398	estuario2_300_07agosto2013_600ml_tot_1	1985	172.175	49.984	241	96	249	39.761	25.364	39.055	26.502	268.777	14894	2934	74	56	76.849	32.888	30.361	0.345	83.726	341767	158	0.176	-1.663	0.806	14955	2934	1969	1.154	199	0.145	123	156	225	0	0	2	1	0	0	0	0	0	0	0	2.854	2.881	3.277	3.348	256	2379	17.309	3.034
1399	estuario2_300_07agosto2013_600ml_tot_1	8908	146.574	61.283	79	47	248	100.276	64.569	103.448	66.178	889.509	18265	2937	225	145	154.845	73.248	27.434	0.141	228.355	1305679	137	0.267	-1.395	0.157	18378	2937	8894	1.202	801	0.487	86	136	207	0	0	1	2	0	0	0	0	0	0	0	5.117	5.158	5.729	5.830	736	18331	164.242	2.496
1400	estuario2_300_07agosto2013_600ml_tot_1	2337	191.004	43.607	243	111	246	39.198	72.872	37.409	72.397	546.098	22499	2939	94	144	61.846	48.113	132.132	0.098	145.986	446376	202	-0.216	-1.602	0.128	22502	2939	2334	1.196	319	0.195	147	201	233	0	0	2	1	0	0	0	0	0	0	0	8.286	8.343	3.592	3.702	472	6535	48.856	3.148
1401	estuario2_300_07agosto2013_600ml_tot_1	3339	157.399	57.768	87	80	247	49.514	25.515	52.998	26.922	428.316	18583	2945	124	58	98.142	43.318	169.739	0.229	124.403	525554	154	0.154	-1.551	0.150	18605	2945	3334	1.188	316	0.214	97	153	216	0	0	1	1	0	0	0	0	0	0	0	3.677	3.768	3.967	4.045	360	4634	43.133	3.073
1402	estuario2_300_07agosto2013_600ml_tot_1	1172	217.101	21.128	243	164	246	22.960	22.619	23.006	22.478	167.279	14990	2957	44	43	48.071	31.042	38.980	0.526	49.679	254442	222	-0.632	-0.670	0.597	15023	2957	1165	1.080	159	0.119	201	221	234	0	0	1	1	0	0	0	0	0	0	0	2.097	2.132	2.022	2.067	170	1290	17.975	2.872
1403	estuario2_300_07agosto2013_600ml_tot_1	5170	166.569	61.785	243	44	245	70.723	110.514	69.698	111.613	909.325	15176	2983	150	196	114.322	57.580	85.310	0.079	218.692	861163.000	164	-0.320	-1.152	0.097	15236	2983	5165	1.225	566	0.309	120	163	229	0	0	4	3	0	0	0	0	0	0	0	7.594	7.712	4.506	4.531	688	17166	149.123	2.736
1404	estuario2_300_07agosto2013_600ml_tot_1	3478	149.218	56.143	82	77	244	41.048	45.667	43.182	42.430	360.215	16280	3009	103	86	104.588	42.341	44.118	0.337	127.801	518981	147	0.271	-1.368	0.029	16379	3009	3477	1.143	193	0.222	92	146	197	0	0	1	1	0	0	0	0	0	0	0	3.465	3.504	3.584	3.621	374	4341	15.200	2
1405	estuario2_300_07agosto2013_600ml_tot_1	1740	236.067	11.944	243	168	252	29.999	41.563	30.049	41.152	351.789	15814	3027	56	97	80.008	27.690	101.917	0.177	99.725	410757	240	-2.139	6.020	22.701	15830	3027	1345	1.317	394	0.263	228	237	240	0	0	3	2	0	0	0	0	0	0	0	4.615	4.622	9.142	9.229	302	2846	166.448	3.244
1406	estuario2_300_07agosto2013_600ml_tot_1	7269	150.868	64.737	243	55	248	112.881	63.311	106.250	65.802	1031.935	15361	3037	256	137	192.385	48.108	18.469	0.086	277.417	1096661	136	0.147	-1.509	0.234	15607	3037	7252	1.229	711	0.403	89	135	223	0	0	2	2	0	0	0	0	0	0	0	7.589	7.664	9.133	9.193	782	22126	177.320	2.961
1407	estuario2_300_07agosto2013_600ml_tot_1	3567	154.816	59.397	79	74	249	72.122	26.239	68.363	26.208	437.044	15618	3043	122	53	102.875	44.147	170.217	0.235	128.082	552230	156	0.087	-1.506	0.224	15623	3043	3559	1.184	375	0.219	91	155	213	0	0	1	2	0	0	0	0	0	0	0	3.273	3.302	3.371	3.390	345	4743	41.282	2.970
1408	estuario2_300_07agosto2013_600ml_tot_1	2744	166.300	35.282	163	74	243	32.549	29.716	32.765	29.846	220.693	17181	3044	66	58	63.542	54.983	167.841	0.708	68.542	456326	162	0.366	-0.066	0	17215	3044	2744	1.064	129	0.178	142	161	184	0	0	3	3	0	0	0	0	0	0	0	1.905	1.880	1.726	1.770	244	2927	8.232	1.922
1409	estuario2_300_07agosto2013_600ml_tot_1	2075	200.183	29.047	238	121	243	25.436	58.633	25.890	57.434	312.576	20976	3074	60	104	87.328	30.253	64.050	0.267	106.963	415380	203	-0.306	-0.963	0	21005	3074	2075	1.148	156	0.146	176	202	225	0	0	2	1	0	0	0	0	0	0	0	4.544	4.536	3.843	3.524	324	3370	9.555	1.766
1410	estuario2_300_07agosto2013_600ml_tot_1	3179	134.806	62.379	243	50	245	23.225	41.139	24.167	41.166	305.889	19298	3076	54	87	90.332	44.808	80.005	0.427	90.139	428549	114	0.498	-1.165	0.063	19326	3076	3177	1.121	223	0.158	82	113	191	0	0	3	1	0	0	0	0	0	0	0	2.151	2.168	2.382	2.401	278	3773	24.292	1.846
1411	estuario2_300_07agosto2013_600ml_tot_1	3885	158.928	54.142	91	83	245	25.999	77.452	27.120	74.028	419.428	21455	3078	53	129	110.996	44.565	83.998	0.278	129.653	617437	158	0.161	-1.450	0.154	21484	3078	3879	1.169	371	0.234	102	156	210	0	0	1	3	0	0	0	0	0	0	0	3.340	3.374	3.517	3.532	360	4805	41.199	2.091
1412	estuario2_300_07agosto2013_600ml_tot_1	3663	151.934	55.294	84	76	246	24.479	51.136	24.987	54.781	360.274	19517	3087	49	127	109.623	42.545	87.604	0.355	127.566	556535	145	0.259	-1.339	0.137	19541	3087	3658	1.133	328	0.199	97	144	203	0	0	1	2	0	0	0	0	0	0	0	3.403	3.463	3.561	3.578	348	4392	32.918	1.707
1413	estuario2_300_07agosto2013_600ml_tot_1	2752	162.682	59.131	243	75	252	40.295	23.291	43.169	21.310	318.233	15309	3092	96	50	88.120	39.764	15.584	0.341	97.293	447700	156	0.064	-1.588	2.725	15376	3092	2677	1.174	294	0.155	104	149	221	0	0	1	1	0	0	0	0	0	0	0	2.775	2.879	2.661	2.732	288	3158	34.284	2.022
1414	estuario2_300_07agosto2013_600ml_tot_1	3400	154.177	56.526	89	76	243	45.678	37.391	48.395	34.763	383.973	16284	3092	112	70	98.355	44.014	25.907	0.290	123.438	524201.000	150	0.184	-1.473	0	16343	3092	3400	1.155	277	0.196	95	149	208	0	0	1	1	0	0	0	0	0	0	0	3.405	3.481	3.660	3.745	360	4467	25.864	2.075
1415	estuario2_300_07agosto2013_600ml_tot_1	3503	160.915	49.535	102	82	245	51.494	23.833	54.945	23.424	353.061	17833	3092	124	46	110.888	40.222	171.571	0.353	126.115	563685	161	0.139	-1.351	0.143	17851	3092	3498	1.131	215	0.184	109	159	203	0	0	1	2	0	0	0	0	0	0	0	3.358	3.417	3.362	3.410	335	4065	20.894	1.806
1416	estuario2_300_07agosto2013_600ml_tot_1	2374	194.879	42.784	243	99	243	79.627	76.539	79.151	76.191	528.365	22146	3092	130	115	61.042	49.518	163.414	0.107	155.724	462643	211	-0.572	-1.024	0	22249	3092	2374	1.180	228	0.185	158	209	233	0	0	3	1	0	0	0	0	0	0	0	8.464	8.453	6.927	7.093	486	7787	30.570	4
1417	estuario2_300_07agosto2013_600ml_tot_1	3705	156.343	57.324	84	77	245	41.340	60.562	44.777	58.056	410.843	18699	3096	89	104	108.223	43.589	47.035	0.276	128.845	579249	157	0.115	-1.504	0.216	18785	3096	3697	1.177	343	0.220	96	156	210	0	0	1	2	0	0	0	0	0	0	0	3.411	3.448	3.473	3.490	382	4544	44.726	3.441
1418	estuario2_300_07agosto2013_600ml_tot_1	3080	165.418	61.894	242	75	246	81.636	94.860	80.989	91.855	561.796	18364	3102	116	156	86.572	45.298	108.446	0.123	156.080	509488.000	177	-0.136	-1.669	0.065	18468	3102	3078	1.176	306	0.208	97	176	226	0	0	1	1	0	0	0	0	0	0	0	8.321	8.378	7.926	7.986	539	9638	40.856	3.054
1419	estuario2_300_07agosto2013_600ml_tot_1	2253	164.677	55.594	241	78	249	40.089	34.617	37.630	33.747	267.262	16170	3107	74	65	79.977	35.868	139.337	0.396	84.959	371017	169	-0.060	-1.503	0.399	16181	3107	2244	1.147	169	0.120	108	167	218	0	0	1	1	0	0	0	0	0	0	0	2.907	2.945	3.083	3.119	273	2680	6.531	1.810
1420	estuario2_300_07agosto2013_600ml_tot_1	1995	197.397	26.632	243	134	247	34.103	27.585	34.417	27.747	232.978	22349	3120	70	60	73.550	34.536	36.084	0.462	72.801	393808	196	0.072	-1.028	0.150	22388	3120	1992	1.116	121	0.148	174	195	218	0	0	6	2	0	0	0	0	0	0	0	2.768	2.883	2.994	3.163	256	2425	7.083	1.617
1421	estuario2_300_07agosto2013_600ml_tot_1	3366	166.552	51.172	109	95	243	36.187	54.025	34.722	52.415	371.872	22077	3126	84	101	111.760	38.348	119.645	0.306	120.341	560613	167	0.090	-1.587	0	22096	3126	3366	1.144	216	0.215	112	166	216	0	0	1	1	0	0	0	0	0	0	0	3.506	3.525	3.378	3.395	366	4087	35.044	1.915
1422	estuario2_300_07agosto2013_600ml_tot_1	1888	176.245	51.644	243	75	246	34.238	35.274	36.114	33.830	294.735	21931	3138	86	59	66.223	36.300	17.160	0.273	87.132	332751	189	-0.318	-1.354	0.159	21959	3138	1885	1.143	208	0.116	124	187	224	0	0	1	1	0	0	0	0	0	0	0	3.685	3.944	3.361	3.558	286	3174	13.131	2.797
1423	estuario2_300_07agosto2013_600ml_tot_1	2116	153.542	65.814	241	64	248	18.195	72.948	18.277	72.941	372.416	15124	3140	36	146	120.777	22.307	90.551	0.192	146.031	324894	150	0.059	-1.636	0.047	15149	3140	2115	1.172	181	0.146	83	149	223	0	0	2	1	0	0	0	0	0	0	0	7.447	6.951	9.616	9.019	359	3586	26.038	1.966
1424	estuario2_300_07agosto2013_600ml_tot_1	1055	144.036	58.688	79	71	244	21.250	16.273	21.077	16.121	137.196	23067	3142	43	34	39.885	33.679	4.653	0.704	43.290	151958	123	0.471	-1.312	0.095	23089	3142	1054	1.036	61	0.068	91	122	201	0	0	1	1	0	0	0	0	0	0	0	1.855	1.879	1.949	1.975	150	1133	3.918	2.237
1425	estuario2_300_07agosto2013_600ml_tot_1	1153	146.284	61.494	242	67	243	20.666	22.427	20.323	22.604	163.137	19130	3151	39	44	46.152	31.809	57.882	0.544	48.918	168666	128	0.356	-1.449	0	19149	3151	1153	1.061	92	0.075	88	127	210	0	0	1	2	0	0	0	0	0	0	0	1.962	1.959	1.941	1.958	162	1264	6.490	1.882
1426	estuario2_300_07agosto2013_600ml_tot_1	3318	158.478	52.519	93	84	244	46.022	24.317	49.131	24.275	335.505	20667	3153	115	54	102.293	41.299	17.909	0.370	118.600	525831	156	0.188	-1.424	0.030	20714	3153	3317	1.120	200	0.189	104	155	207	0	0	1	2	0	0	0	0	0	0	0	3.298	3.344	3.285	3.327	333	4001	24.129	2.964
1427	estuario2_300_07agosto2013_600ml_tot_1	690	197.855	30.204	240	132	246	27.222	12.994	27.755	13.002	144.610	14717	3163	50	26	50.189	17.505	166.769	0.415	50.636	136520	199	-0.182	-1.065	0.290	14724	3163	688	1.076	60	0.050	173	198	224	0	0	1	3	0	0	0	0	0	0	0	2.846	2.996	3.230	3.346	147	871	1.173	1.354
1428	estuario2_300_07agosto2013_600ml_tot_1	1719	197.499	32.024	228	138	255	23.943	26.562	23.268	26.765	257.907	17165	3169	52	59	57.580	38.012	55.373	0.325	61.131	339500	198	-0.108	-1.347	2.676	17189	3169	1673	1.220	239	0.208	167	195	227	0	0	2	2	0	0	0	0	0	0	0	2.237	2.274	1.927	1.960	218	2109	3.530	2.400
1429	estuario2_300_07agosto2013_600ml_tot_1	2323	165.817	49.326	243	83	243	48.706	71.385	48.992	70.798	401.470	16352	3204	100	143	178.609	16.560	57.370	0.181	167.863	385193	154	0.256	-1.423	0	16445	3204	2323	1.178	191	0.140	120	153	216	0	0	5	1	0	0	0	0	0	0	0	9.159	9.149	11.646	11.649	481	2958	34.779	1.455
1430	estuario2_300_07agosto2013_600ml_tot_1	3455	162.849	48.408	105	99	245	49.995	23.677	53.361	23.436	382.073	23491	3206	124	46	104.612	42.051	171.611	0.297	126.606	562644	163	0.213	-1.409	0.058	23509	3206	3453	1.163	242	0.235	112	162	205	0	0	1	1	0	0	0	0	0	0	0	3.360	3.422	2.607	2.626	335	4260	16.748	2.224
1431	estuario2_300_07agosto2013_600ml_tot_1	8128	150.083	54.802	92	77	247	64.613	86.844	62.288	86.101	754.188	16784	3209	130	154	160.703	64.398	119.654	0.180	182.036	1219874	138	0.377	-1.338	0.172	16800	3209	8114	1.206	623	0.457	97	137	199	0	0	4	4	0	0	0	0	0	0	0	3.157	3.164	3.529	3.560	564	11984	108.026	1.981
1432	estuario2_300_07agosto2013_600ml_tot_1	2830	184.151	43.165	243	111	245	62.320	77.747	63.648	76.810	523.370	22151	3209	115	115	75.367	47.810	21.541	0.130	124.234	521146	183	-0.007	-1.603	0.106	22219	3209	2827	1.195	289	0.205	141	182	227	0	0	4	1	0	0	0	0	0	0	0	6.243	6.501	5.352	5.432	455	7212	48.640	2.032
1433	estuario2_300_07agosto2013_600ml_tot_1	2008	165.573	53.734	242	71	245	29.393	25.163	30.869	25.116	218.007	19108	3227	61	52	56.808	45.005	175.119	0.531	61.717	332470	171	-0.133	-1.361	0.149	19131	3227	2005	1.090	180	0.110	110	169	214	0	0	1	1	0	0	0	0	0	0	0	2.108	2.149	1.928	2	222	2273	10.353	1.755
1434	estuario2_300_07agosto2013_600ml_tot_1	3105	176.740	62.830	240	56	248	60.386	73.527	59.144	70.290	653.276	15338	3230	106	147	92.121	42.915	117.284	0.091	158.701	548779	209	-0.556	-1.341	0.290	15406	3230	3096	1.239	411	0.224	110	207	230	0	0	1	1	0	0	0	0	0	0	0	7.075	7.240	6.335	6.491	501	6936	59.556	2.988
1435	estuario2_300_07agosto2013_600ml_tot_1	2659	173.650	49.577	243	95	244	44.805	62.513	45.587	63.770	522.098	20852	3236	123	133	79.707	42.475	100.867	0.123	153.834	461735	163	0.139	-1.607	0.038	20896	3236	2658	1.155	259	0.190	126	162	228	0	0	2	1	0	0	0	0	0	0	0	8.342	8.316	3.823	3.949	507	8040	40.715	2.483
1436	estuario2_300_07agosto2013_600ml_tot_1	3142	158.423	52.400	243	88	243	88.209	55.240	88.428	55.147	489.571	18873	3238	183	99	197.377	20.268	153.524	0.165	204.384	497764.000	141	0.421	-1.395	0	18880	3238	3142	1.184	213	0.209	109	140	213	0	0	6	1	0	0	0	0	0	0	0	9.705	9.391	12.530	12.117	560	4700	57.025	1.337
1437	estuario2_300_07agosto2013_600ml_tot_1	1821	157.085	56.669	90	85	243	22.879	28.809	24.511	28.463	235.664	21019	3272	51	53	52.421	44.229	99.709	0.412	60.745	286051	141	0.271	-1.554	0	21049	3272	1821	1.115	148	0.124	100	140	218	0	0	1	1	0	0	0	0	0	0	0	1.920	1.933	2.123	2.152	204	2167	7.304	2.033
1438	estuario2_300_07agosto2013_600ml_tot_1	694	229.893	10.074	238	186	246	28.529	19.323	28.352	19.359	222.735	17882	3274	57	34	44.442	19.883	4.473	0.176	57.871	159546	232	-0.838	0.465	1.297	17889	3274	685	1.153	100	0.101	222	231	237	0	0	1	3	0	0	0	0	0	0	0	4.038	3.726	4.512	4.554	178	1488	7.498	2.192
1439	estuario2_300_07agosto2013_600ml_tot_1	2701	180.102	46.697	127	109	246	52.758	56.072	53.494	55.876	443.630	22681	3278	98	88	84.993	40.462	28.791	0.172	111.826	486455	187	-0.019	-1.681	0.370	22749	3278	2691	1.197	288	0.212	129	186	225	0	0	1	1	0	0	0	0	0	0	0	4.188	4.300	5.233	5.303	368	5099	33.485	3.135
1440	estuario2_300_07agosto2013_600ml_tot_1	3412	152.806	55.099	83	78	246	73.576	29.526	70.817	31.372	371.345	14822	3290	121	64	99.727	43.562	17.349	0.311	122.642	521375	152	0.217	-1.380	0.264	14923	3290	3403	1.150	284	0.196	95	150	201	0	0	1	2	0	0	0	0	0	0	0	3.673	3.723	3.828	3.862	365	4480	14.238	2.932
1441	estuario2_300_07agosto2013_600ml_tot_1	3352	158.514	55.028	89	84	245	44.419	30.333	48.319	29.640	387.546	20227	3292	110	62	101.870	41.896	23.957	0.280	120.830	531338	158	0.119	-1.505	0.030	20324	3292	3351	1.160	237	0.208	99	156	210	0	0	1	2	0	0	0	0	0	0	0	3.162	3.233	3.300	3.318	340	4230	19.970	2.150
1442	estuario2_300_07agosto2013_600ml_tot_1	2831	134.070	68.588	52	48	248	43.813	44.865	41.619	46.567	314.960	18372	3293	76	84	91.755	39.284	54.246	0.359	95.525	379553	117	0.325	-1.430	0.071	18437	3293	2829	1.132	262	0.166	67	116	203	0	0	1	2	0	0	0	0	0	0	0	2.979	3.061	3.227	3.333	315	3512	33.198	2.240
1443	estuario2_300_07agosto2013_600ml_tot_1	1647	203.222	30.673	243	114	244	22.072	40.377	21.948	41.914	344.333	18617	3313	53	115	74.699	28.073	83.033	0.175	116.108	334706	208	-0.584	-0.567	0.121	18627	3313	1645	1.166	174	0.126	180	207	229	0	0	3	2	0	0	0	0	0	0	0	6.208	6.327	7.004	7.026	332	3558	10.243	2.513
1444	estuario2_300_07agosto2013_600ml_tot_1	1302	231.120	11.888	243	175	250	23.686	44.895	23.607	44.572	441.713	15623	3332	46	96	71.955	23.039	108.588	0.084	105.603	300918	234	-1.633	3.066	2.151	15624	3332	1274	1.266	253	0.202	225	233	238	0	0	1	3	0	0	0	0	0	0	0	5.458	5.549	4.496	4.693	280	2604	61.318	2.955
1445	estuario2_300_07agosto2013_600ml_tot_1	2142	112.533	69.511	59	52	244	27.161	28.678	27.339	29.111	217.522	16417	3363	52	60	62.001	43.988	126.638	0.569	69.029	241046	70	0.892	-0.915	0.047	16435	3363	2141	1.079	128	0.216	59	69	176	0	0	1	1	0	0	0	0	0	0	0	1.902	2.030	1.921	2.055	220	2339	12.032	4.315
1446	estuario2_300_07agosto2013_600ml_tot_1	2430	154.153	47.125	122	80	247	33.078	49.334	33.206	48.998	297.061	16266	3396	65	100	117.172	26.405	61.992	0.346	108.337	374591	133	0.731	-0.933	0.041	16312	3396	2429	1.131	200	0.175	117	132	194	0	0	6	1	0	0	0	0	0	0	0	4.077	4.106	4.775	4.826	326	2695	19.481	2.152
1447	estuario2_300_07agosto2013_600ml_tot_1	1258	178.972	37.288	139	130	243	53.844	13.120	53.776	13.020	251.137	23477	3437	107	32	111.831	14.323	168.048	0.251	109.041	225147.000	165	0.493	-1.308	0	23483	3437	1258	1.123	99	0.104	145	164	216	0	0	7	1	0	0	0	0	0	0	0	6.952	6.798	8.628	8.455	274	1662	4.157	1.431
1448	estuario2_300_07agosto2013_600ml_tot_1	2755	225.706	13.221	231	138	244	33.028	33.972	32.920	34.097	230.877	15273	3454	68	68	62.277	56.325	119.707	0.649	73.164	621821	230	-1.870	4.686	0.145	15295	3454	2751	1.097	168	0.411	221	229	233	0	0	2	3	0	0	0	0	0	0	0	2.239	2.252	2.307	2.379	268	3062	6.320	3.014
1449	estuario2_300_07agosto2013_600ml_tot_1	3681	144.974	60.070	77	70	249	62.821	29.813	60.220	31.656	357.245	16365	3465	106	61	88.205	53.136	3.049	0.362	109.142	533649	129	0.365	-1.407	1.005	16434	3465	3644	1.146	321	0.229	86	127	201	0	0	1	1	0	0	0	0	0	0	0	2.640	2.721	2.470	2.535	330	4585	30.290	5.351
1450	estuario2_300_07agosto2013_600ml_tot_1	4204	164.490	57.755	242	78	253	34.719	73.137	37.511	71.506	443.227	18545	3465	70	121	101.320	52.830	72.746	0.269	126.827	691516	168	-0.066	-1.505	3.164	18602	3465	4071	1.218	395	0.224	101	163	217	0	0	1	3	0	0	0	0	0	0	0	2.995	3.085	3.435	3.491	378	5510	31.907	3.475
1451	estuario2_300_07agosto2013_600ml_tot_1	2807	173.522	54.218	242	87	245	45.260	60.952	46.773	60.670	500.340	17403	3472	91	106	72.818	49.081	46.942	0.141	117.720	487077	181	-0.089	-1.670	0.071	17434	3472	2805	1.199	307	0.194	116	180	228	0	0	1	1	0	0	0	0	0	0	0	4.473	4.544	5.535	5.635	390	6555	35.929	2.370
1452	estuario2_300_07agosto2013_600ml_tot_1	1902	178.256	49.876	243	78	244	30.803	29.524	31.908	31.149	309.688	22271	3472	56	75	66.540	36.395	114.410	0.249	78.924	339043	184	-0.328	-1.212	0.105	22297	3472	1900	1.180	206	0.114	136	183	225	0	0	1	2	0	0	0	0	0	0	0	2.882	3.081	3.151	3.412	257	2468	26.552	2.774
1453	estuario2_300_07agosto2013_600ml_tot_1	2860	169.903	52.525	242	72	244	25.410	60.238	26.613	59.699	433.571	21669	3479	81	104	93.633	38.891	116.116	0.191	106.733	485922.000	161	0.062	-1.544	0.035	21679	3479	2859	1.195	248	0.180	120	160	225	0	0	1	1	0	0	0	0	0	0	0	4.001	4.009	4.041	4.065	366	4672	48.308	1.817
1454	estuario2_300_07agosto2013_600ml_tot_1	694	228.154	13.395	239	182	247	28.703	18.977	29.019	18.965	211.421	20224	3489	55	33	49.119	17.989	13.392	0.195	58.694	158339	232	-1.245	0.997	0.144	20269	3489	693	1.136	111	0.100	221	231	237	0	0	2	2	0	0	0	0	0	0	0	3.644	3.573	3.339	3.508	172	1217	8.626	2.667
1455	estuario2_300_07agosto2013_600ml_tot_1	1700	176.613	51.795	241	64	243	20.279	28.524	19.752	30.322	287.806	18947	3495	47	70	60.626	35.702	67.895	0.258	71.840	300242	185	-0.422	-1.083	0	18953	3495	1700	1.173	166	0.095	133	184	224	0	0	1	1	0	0	0	0	0	0	0	2.633	2.760	2.797	2.972	230	2268	7.346	2.642
1456	estuario2_300_07agosto2013_600ml_tot_1	2374	158.078	57.936	243	59	245	28.868	46.731	30.337	45.099	327.688	19438	3499	63	81	70.373	42.952	66.136	0.278	92.114	375277	153	0.045	-1.433	0.084	19500	3499	2372	1.160	202	0.126	101	152	215	0	0	1	1	0	0	0	0	0	0	0	2.811	2.975	2.645	2.772	284	3649	20.577	2.897
1457	estuario2_300_07agosto2013_600ml_tot_1	1003	240.006	14.651	254	197	255	19.342	20.776	19.342	20.792	127.054	15496	3515	37	39	43.379	29.440	52.533	0.781	46.690	240726	247	-0.851	-0.497	54.138	15520	3515	460	1.172	96	0.062	217	227	235	0	0	0	0	0	0	0	0	0	0	0	1.790	1.796	1.685	1.691	148	1041	1.291	1.765
1458	estuario2_300_07agosto2013_600ml_tot_1	2260	201.332	32.127	243	123	245	60.299	33.601	60.264	33.878	422.032	22164	3516	102	88	74.456	38.647	112.263	0.159	112.432	455011	208	-0.445	-1.043	0.044	22210	3516	2259	1.163	230	0.169	174	207	230	0	0	2	2	0	0	0	0	0	0	0	5.331	5.385	3.932	4.076	375	4829	25.392	2.647
1459	estuario2_300_07agosto2013_600ml_tot_1	4415	161.897	64.420	242	61	245	54.389	53.348	53.041	49.181	712.264	22063	3526	124	105	86.860	64.717	117.000	0.109	133.544	714774	159	-0.189	-1.418	0.159	22066	3526	4408	1.246	475	0.312	109	157	229	0	0	1	2	0	0	0	0	0	0	0	3.797	3.767	3.557	3.639	454	9101	67.493	4.954
1460	estuario2_300_07agosto2013_600ml_tot_1	2539	148.426	64.989	243	69	245	14.123	69.316	14.082	70.158	418.742	19036	3534	28	141	150.581	21.469	86.612	0.182	142.021	376853	131	0.254	-1.600	0.079	19053	3534	2537	1.181	323	0.186	82	130	220	0	0	2	1	0	0	0	0	0	0	0	5.655	5.654	7.062	7.010	334	3108	49.275	1.658
1461	estuario2_300_07agosto2013_600ml_tot_1	2302	165.629	55.479	242	82	243	35.076	29.875	36.965	30.650	379.103	19519	3558	79	75	72.524	40.414	31.847	0.201	91.220	381278	161	0.032	-1.578	0	19584	3558	2302	1.171	237	0.135	111	160	222	0	0	1	1	0	0	0	0	0	0	0	3.335	3.340	3.368	3.423	304	4123	14.199	4.894
1462	estuario2_300_07agosto2013_600ml_tot_1	3517	190.133	47.133	239	98	253	61.037	36.614	62.854	37.946	402.843	24059	3565	112	74	79.392	56.404	2.021	0.272	117.644	668697	208	-0.570	-1.201	2.332	24109	3565	3435	1.209	353	0.235	139	205	229	0	0	1	2	0	0	0	0	0	0	0	3.328	3.349	4.305	4.303	368	5435	26.221	2.496
1463	estuario2_300_07agosto2013_600ml_tot_1	4465	145.935	54.261	90	78	247	26.739	68.434	25.897	65.897	402.701	15967	3567	50	129	131.708	43.164	88.313	0.346	129.259	651602	129	0.528	-1.210	0.134	15994	3567	4459	1.138	342	0.274	96	128	194	0	0	2	3	0	0	0	0	0	0	0	2.872	2.945	3.258	3.356	354	5086	39.034	2.168
1464	estuario2_300_07agosto2013_600ml_tot_1	3620	205.367	27.272	242	139	250	37.751	57.953	37.931	57.271	419.387	15204	3607	63	109	105.045	43.878	85.661	0.259	109.165	743428	208	-0.354	-0.988	0.801	15239	3607	3591	1.204	422	0.280	184	207	228	0	0	2	2	0	0	0	0	0	0	0	2.852	2.889	3.567	3.611	340	4798	32.992	2.715
1465	estuario2_300_07agosto2013_600ml_tot_1	1688	164.042	49.528	242	84	244	26.678	43.152	26.887	42.850	238.149	17506	3620	60	75	81.166	26.479	128.779	0.374	86.452	276903	153	0.235	-1.407	0.059	17508	3620	1687	1.119	141	0.096	117	152	211	0	0	1	1	0	0	0	0	0	0	0	3.559	3.586	4.216	4.212	266	2240	7.280	2.990
1466	estuario2_300_07agosto2013_600ml_tot_1	720	201.386	35.439	243	109	243	31.728	31.538	31.221	30.296	204.693	21937	3621	49	57	49.603	18.481	124.714	0.216	68.600	144998	208	-0.866	-0.186	0	21941	3621	720	1.119	81	0.059	184	207	230	0	0	1	2	0	0	0	0	0	0	0	4.857	5.012	5.815	5.867	207	1329	2.694	3.241
1467	estuario2_300_07agosto2013_600ml_tot_1	1484	144.281	67.716	70	65	244	41.187	22.502	40.669	22.587	220.250	20567	3647	77	38	78.057	24.207	16.229	0.384	78.848	214113	123	0.285	-1.614	0.135	20630	3647	1482	1.116	105	0.115	77	122	220	0	0	2	1	0	0	0	0	0	0	0	3.316	3.273	3.780	3.673	226	1846	16.899	1.660
1468	estuario2_300_07agosto2013_600ml_tot_1	3825	154.150	56.751	85	81	244	44.144	40.780	48.306	38.908	395.002	19179	3650	108	80	111.051	43.855	36.608	0.308	127.640	589624	152	0.167	-1.501	0.026	19259	3650	3824	1.153	260	0.250	95	151	208	0	0	1	2	0	0	0	0	0	0	0	3.192	3.235	3.392	3.413	371	4460	27.614	2.226
1469	estuario2_300_07agosto2013_600ml_tot_1	4208	177.094	54.834	242	85	245	43.740	83.577	44.926	84.101	583.110	21415	3653	116	132	88.757	60.364	110.167	0.156	132.061	745213	196	-0.434	-1.380	0.119	21465	3653	4203	1.203	408	0.276	115	195	225	0	0	1	4	0	0	0	0	0	0	0	4.766	4.847	3.113	3.341	491	8147	69.598	3.130
1470	estuario2_300_07agosto2013_600ml_tot_1	8374	186.272	52.661	242	80	255	102.744	136.704	106.657	132.567	1364.653	18552	3663	215	237	135.091	78.925	34.932	0.057	242.959	1559842	205	-0.613	-1.062	3.547	18690	3663	8077	1.264	827	0.536	141	200	230	0	0	6	6	0	0	0	0	0	0	0	8.037	8.207	10.214	10.408	900	31257	209.280	3.287
1471	estuario2_300_07agosto2013_600ml_tot_1	1739	177.095	45.879	243	78	243	29.966	35.784	30.706	34.742	233.563	22741	3697	56	60	60.172	36.797	50.481	0.401	75.073	307968	183	-0.287	-1.141	0	22793	3697	1739	1.119	134	0.095	137	182	216	0	0	1	1	0	0	0	0	0	0	0	2.480	2.540	2.588	2.758	228	2050	5.914	4.160
1472	estuario2_300_07agosto2013_600ml_tot_1	3365	169.210	57.003	243	87	244	71.564	68.289	71.114	70.855	656.607	18871	3701	148	149	86.972	49.263	77.134	0.098	170.816	569391	172	-0.011	-1.710	0.238	18949	3701	3357	1.191	408	0.251	107	170	229	0	0	1	1	0	0	0	0	0	0	0	8.956	9.021	3.719	3.852	590	10575	67.953	4.766
1473	estuario2_300_07agosto2013_600ml_tot_1	1359	169.749	46.157	127	92	243	31.852	40.298	32.015	40.469	231.362	19361	3705	63	81	105.840	16.349	124.668	0.319	97.309	230689	154	0.334	-1.425	0	19368	3705	1359	1.127	85	0.100	128	153	217	0	0	2	1	0	0	0	0	0	0	0	5.412	5.423	6.915	6.942	284	1548	4.867	1.813
1474	estuario2_300_07agosto2013_600ml_tot_1	2886	188.687	37.294	243	116	244	43.473	73.135	42.896	72.746	529.269	22361	3725	98	127	101.702	36.131	114.093	0.129	153.808	544551	183	0.104	-1.490	0.035	22367	3725	2885	1.190	261	0.217	153	182	227	0	0	4	3	0	0	0	0	0	0	0	5.623	5.699	3.510	3.594	446	7627	32.271	3.107
1475	estuario2_300_07agosto2013_600ml_tot_1	8315	163.112	60.338	243	50	252	101.458	108.461	102.332	104.195	1062.354	15022	3732	219	196	136.791	77.396	141.123	0.093	231.141	1356280	159	-0.049	-1.549	1.876	15100	3732	8159	1.252	777	0.433	106	155	222	0	0	4	2	0	0	0	0	0	0	0	6.634	6.895	4.018	4.086	826	23242	184.113	4.632
1476	estuario2_300_07agosto2013_600ml_tot_1	5508	149.289	54.164	102	80	243	87.982	117.797	88.619	116.888	679.786	17755	3741	180	236	315.029	22.261	53.620	0.150	288.002	822282	126	0.582	-1.252	0	17922	3741	5508	1.192	375	0.381	102	125	203	0	0	10	1	0	0	0	0	0	0	0	11.385	11.336	14.557	14.477	828	6796	76.516	1.548
1477	estuario2_300_07agosto2013_600ml_tot_1	2815	199.254	37.609	242	117	250	60.201	65.192	59.816	64.870	556.541	19612	3756	105	113	83.635	42.855	90.860	0.114	132.575	560901	210	-0.501	-1.115	3.126	19682	3756	2727	1.232	393	0.204	163	207	231	0	0	2	2	0	0	0	0	0	0	0	5.516	5.592	4.983	5.111	432	7445	42.357	2.868
1478	estuario2_300_07agosto2013_600ml_tot_1	1783	224.568	15.028	243	163	248	21.803	35.098	21.844	35.345	300.576	19438	3760	42	79	70.315	32.286	105.010	0.248	79.906	400404	227	-0.933	0.725	1.795	19454	3760	1751	1.203	310	0.212	214	225	235	0	0	4	3	0	0	0	0	0	0	0	2.930	2.980	3.135	3.193	238	2185	50.423	1.977
1479	estuario2_300_07agosto2013_600ml_tot_1	5157	176.448	52.992	229	74	244	51.662	63.312	48.016	65.089	546.482	20693	3816	89	114	96.760	67.860	52.112	0.217	130	909941	192	-0.401	-1.330	0.019	20775	3816	5156	1.191	391	0.284	125	191	225	0	0	2	4	0	0	0	0	0	0	0	2.457	2.497	3.890	3.863	402	7790	30.793	2.191
1480	estuario2_300_07agosto2013_600ml_tot_1	3441	155.294	59.797	81	74	248	73.081	25.093	69.200	23.627	391.103	16803	3822	125	48	105.441	41.551	175.426	0.283	125.196	534368	157	0.088	-1.577	0.291	16844	3822	3431	1.171	313	0.212	91	155	214	0	0	1	1	0	0	0	0	0	0	0	3.463	3.505	3.585	3.607	341	4215	39.401	2.162
1481	estuario2_300_07agosto2013_600ml_tot_1	1438	199.523	31.208	243	126	245	21.809	22.900	21.911	23.764	163.137	24016	3838	52	47	44.942	40.740	34.508	0.679	53.367	286914	207	-0.475	-0.947	0.209	24032	3838	1435	1.067	90	0.101	173	206	225	0	0	1	1	0	0	0	0	0	0	0	2.254	2.257	2.264	2.310	193	1596	3.184	3.296
1482	estuario2_300_07agosto2013_600ml_tot_1	3742	171.376	59.756	242	75	247	39.381	66.137	39.493	65.556	664.909	16742	3843	144	130	84.323	56.503	64.502	0.106	152.463	641288	186	-0.205	-1.620	0.775	16743	3843	3713	1.206	501	0.270	103	183	230	0	0	1	1	0	0	0	0	0	0	0	6.683	6.741	5.137	5.169	543	10005	85.620	2.353
1483	estuario2_300_07agosto2013_600ml_tot_1	1302	146.677	45.028	100	86	243	20.909	21.310	20.498	21.659	139.196	24309	3859	42	42	41.276	40.162	107.296	0.844	44.045	190974	129	0.756	-0.761	0	24330	3859	1302	1.026	8	0.092	108	128	181	0	0	1	1	0	0	0	0	0	0	0	1.821	1.832	1.792	1.866	164	1348	0.337	1.333
1484	estuario2_300_07agosto2013_600ml_tot_1	2141	144.613	64.006	60	58	243	22.513	31.826	21.793	31.618	199.279	20978	3874	47	66	63.092	43.207	106.147	0.677	67.082	309617	153	-0.002	-1.483	0	20990	3874	2141	1.068	95	0.136	71	152	200	0	0	1	2	0	0	0	0	0	0	0	2.074	2.061	2.139	2.117	222	2270	4.282	1.527
1485	estuario2_300_07agosto2013_600ml_tot_1	4366	170.057	51.695	243	87	246	71.500	95.955	73.200	95.453	639.051	16645	3885	131	146	83.927	66.236	7.658	0.134	159.411	742469	169	0.048	-1.612	0.023	16712	3885	4365	1.198	409	0.274	117	168	223	0	0	3	1	0	0	0	0	0	0	0	5.812	5.881	4.312	4.276	550	9793	60.453	3.889
1486	estuario2_300_07agosto2013_600ml_tot_1	1997	212.399	20.281	243	164	243	80.790	104.253	80.455	103.178	638.198	15323	3887	130	227	121.788	20.878	109.601	0.062	259.731	424160	212	-0.113	-1.169	0	15325	3887	1997	1.193	278	0.187	195	211	230	0	0	1	3	0	0	0	0	0	0	0	23.451	23.571	31.174	31.331	710	8986	30.782	1.376
1487	estuario2_300_07agosto2013_600ml_tot_1	6086	167.023	50.099	243	82	248	74.266	101.644	73.868	100.468	845.585	19961	3889	154	164	89.449	86.630	148.128	0.107	197.041	1016499	148	0.259	-1.422	0.624	20074	3889	6048	1.240	549	0.383	126	146	220	0	0	3	3	0	0	0	0	0	0	0	5.268	5.422	4.667	4.775	632	15543	110.642	3.038
1488	estuario2_300_07agosto2013_600ml_tot_1	3318	159.288	44.118	114	100	243	55.111	37.683	54.097	37.511	302.676	21733	3911	100	75	114.161	37.006	144.683	0.455	118.811	528516	146	0.550	-1.080	0	21735	3911	3318	1.110	85	0.212	119	145	194	0	0	2	2	0	0	0	0	0	0	0	3.160	3.288	3.585	3.704	346	3679	9.927	2.287
1489	estuario2_300_07agosto2013_600ml_tot_1	1621	175.610	49.653	243	82	245	23.614	29.219	23.532	28.935	212.836	20425	3915	55	53	60.620	34.047	134.271	0.450	73.553	284663	182	-0.289	-1.260	0.123	20427	3915	1619	1.096	114	0.087	132	181	220	0	0	1	1	0	0	0	0	0	0	0	2.368	2.397	2.238	2.317	212	1924	5.770	1.470
1490	estuario2_300_07agosto2013_600ml_tot_1	1530	167.700	45.754	243	93	244	49.698	9.201	49.540	9.193	250.794	21366	3923	99	18	108.790	17.907	179.254	0.306	99.126	256581.000	147	0.467	-1.237	0.131	21383	3923	1528	1.171	125	0.124	134	146	216	0	0	2	1	0	0	0	0	0	0	0	4.561	4.594	5.654	5.698	230	1684	8.141	1.870
1491	estuario2_300_07agosto2013_600ml_tot_1	2019	164.956	50.517	243	82	243	66.201	37.723	66.477	37.863	344.659	18203	3936	129	78	155.448	16.537	149.667	0.214	144.941	333046	151	0.302	-1.448	0	18213	3936	2019	1.164	150	0.135	117	150	219	0	0	5	1	0	0	0	0	0	0	0	7.856	7.822	9.845	9.787	409	2403	27.842	1.455
1492	estuario2_300_07agosto2013_600ml_tot_1	6861	180.057	57.497	243	85	255	62.334	108.409	65.308	106.266	667.963	20115	3948	130	175	118.379	73.794	130.190	0.193	202.054	1235373	191	-0.244	-1.500	13.365	20142	3948	5944	1.267	549	0.351	118	167	225	0	0	2	3	0	0	0	0	0	0	0	4.641	4.593	4.516	4.458	606	11025	117.445	9.059
1493	estuario2_300_07agosto2013_600ml_tot_1	1448	161.485	55.198	98	87	243	13.828	43.772	13.797	44.010	263.664	23577	3957	36	94	84.431	21.836	86.426	0.262	95.708	233830	154	0.187	-1.566	0	23603	3957	1448	1.137	102	0.101	104	153	220	0	0	4	1	0	0	0	0	0	0	0	4.488	4.407	5.640	5.585	256	2442	4.630	2.663
1494	estuario2_300_07agosto2013_600ml_tot_1	11852	172.082	48.170	243	48	249	148.923	144.068	147.624	137.648	1242.219	16826	3959	209	298	214.072	70.492	104.288	0.097	337.522	2039514.000	175	-0.415	-0.506	0.135	16874	3959	11836	1.207	878	0.535	138	174	212	0	0	8	9	0	0	0	0	0	0	0	7.413	7.285	8.704	8.580	1009	33210	181.781	2.413
1495	estuario2_300_07agosto2013_600ml_tot_1	4342	164.209	47.043	242	83	243	108.075	85.813	107.770	85.982	585.134	21370	3971	197	163	244.805	22.583	37.746	0.159	246.629	712995	146	0.455	-1.257	0	21552	3971	4342	1.190	299	0.282	125	145	212	0	0	5	1	0	0	0	0	0	0	0	10.511	10.436	13.335	13.275	716	7117	57.468	1.736
1496	estuario2_300_07agosto2013_600ml_tot_1	3553	157.909	54.298	88	82	243	31.399	63.951	31.980	60.362	353.546	15983	3973	65	110	103.407	43.748	65.486	0.357	120.341	561049	155	0.124	-1.479	0	16042	3973	3553	1.134	202	0.204	101	154	210	0	0	1	2	0	0	0	0	0	0	0	3.099	3.137	3.207	3.229	346	4288	12.129	1.935
1497	estuario2_300_07agosto2013_600ml_tot_1	19608	187.063	48.727	229	66	249	126.746	273.956	128.721	280.373	2076.182	22115	3975	295	716	447.779	55.754	112.628	0.057	773.631	3667935	208	-0.756	-0.816	0.321	22117	3975	19545	1.226	1439	1.216	147	206	225	0	0	3	4	0	0	0	0	0	0	0	21.248	21.505	19.398	19.809	2017	56125	202.090	5.152
1498	estuario2_300_07agosto2013_600ml_tot_1	2937	165.705	47.752	243	95	246	31.860	53.243	32.212	51.090	311.647	21554	3989	54	96	85.852	43.558	84.170	0.380	97.324	486676	163	0.207	-1.380	0.170	21598	3989	2932	1.140	216	0.168	119	162	210	0	0	1	2	0	0	0	0	0	0	0	2.783	2.793	2.819	2.837	296	3549	17.733	1.572
1499	estuario2_300_07agosto2013_600ml_tot_1	1400	170.902	47.306	98	89	243	20.194	32.724	20.377	31.370	198.451	23006	3994	38	58	54.106	32.945	78.599	0.447	63.632	239263	173	-0.064	-1.281	0	23035	3994	1400	1.094	119	0.081	127	172	212	0	0	1	1	0	0	0	0	0	0	0	2.148	2.264	2.264	2.371	188	1696	5.173	1.725
1500	estuario2_300_07agosto2013_600ml_tot_1	1169	140.438	66.430	68	64	243	14.386	32.895	14.335	32.658	182.309	14741	4011	30	65	71.179	20.911	102.897	0.442	67.186	164172.000	119	0.340	-1.537	0	14750	4011	1169	1.086	107	0.089	75	118	212	0	0	1	1	0	0	0	0	0	0	0	2.942	2.943	3.509	3.477	186	1320	5.447	2.254
1501	estuario2_300_07agosto2013_600ml_tot_1	3818	178.141	42.457	243	79	243	72.685	147.255	72.213	146.392	688.992	22779	4024	128	260	223.072	21.792	111.512	0.101	280.865	680143	174	0.054	-1.311	0	22784	4024	3818	1.206	298	0.228	139	173	219	0	0	9	3	0	0	0	0	0	0	0	14.976	15.164	17.830	17.529	772	9122	25.345	3.289
1502	estuario2_300_07agosto2013_600ml_tot_1	869	209.717	19.339	189	161	243	27.079	27.909	27.291	27.654	185.380	19143	4029	61	49	62.536	17.693	45.328	0.318	70.328	182244	209	0.007	-0.912	0	19185	4029	869	1.094	81	0.081	194	208	225	0	0	3	3	0	0	0	0	0	0	0	4.524	4.667	5.016	5.175	215	1316	0.793	2.092
1503	estuario2_300_07agosto2013_600ml_tot_1	2668	144.332	66.461	72	64	246	71.509	26.919	72.787	26.757	396.659	20996	4033	143	47	137.699	24.670	169.507	0.213	146.537	385077	127	0.290	-1.585	0.187	21002	4033	2663	1.171	260	0.199	77	125	218	0	0	5	1	0	0	0	0	0	0	0	5.777	5.679	7.206	7.094	376	4288	39.588	1.588
1504	estuario2_300_07agosto2013_600ml_tot_1	1558	119.463	70.934	57	52	243	28.418	19.736	28.477	19.605	186.208	18793	4040	59	40	59.189	33.515	20.085	0.565	61.400	186124	79	0.703	-1.207	0	18816	4040	1558	1.076	121	0.142	59	78	193	0	0	1	1	0	0	0	0	0	0	0	2.158	2.180	2.348	2.369	194	1722	3.633	1.531
1505	estuario2_300_07agosto2013_600ml_tot_1	5297	176.505	48.171	241	91	249	136.102	69.751	137.811	68.819	801.200	17426	4079	239	133	154.001	43.794	18.095	0.104	244.806	934947	171	0.026	-1.525	1.076	17591	4079	5240	1.245	493	0.326	130	169	226	0	0	3	2	0	0	0	0	0	0	0	9.362	9.486	4.916	4.932	740	13926	86.331	3.153
1506	estuario2_300_07agosto2013_600ml_tot_1	4157	156.318	48.173	115	90	245	42.363	52.202	42.063	53.741	376.659	20819	4091	81	113	129.640	40.827	59.596	0.368	129.530	649815	144	0.481	-1.182	0.072	20875	4091	4154	1.137	225	0.248	112	143	197	0	0	4	2	0	0	0	0	0	0	0	3.090	3.213	3.728	3.849	384	4827	30.728	2.412
1507	estuario2_300_07agosto2013_600ml_tot_1	1674	140.121	55.418	88	75	243	29.601	22.532	29.562	22.486	190.208	19395	4097	59	47	64.314	33.140	34.405	0.581	66.731	234563	114	0.721	-1.046	0	19438	4097	1674	1.072	112	0.120	94	112	187	0	0	1	1	0	0	0	0	0	0	0	2.274	2.301	2.380	2.442	208	1808	5.634	1.367
1508	estuario2_300_07agosto2013_600ml_tot_1	1404	167.059	55.752	242	67	243	20.512	30.699	20.744	31.351	196.350	20442	4109	42	60	52.835	33.834	108.230	0.458	63.569	234551	175	-0.157	-1.463	0	20454	4109	1404	1.088	105	0.078	109	174	218	0	0	1	1	0	0	0	0	0	0	0	2.541	2.522	2.169	2.156	200	1689	4.221	2.017
1509	estuario2_300_07agosto2013_600ml_tot_1	7061	159.040	64.655	243	50	247	59.859	77.645	65.646	72.327	757.360	15310	4126	147	147	157.840	56.959	38.917	0.155	199.529	1122982	168	-0.158	-1.513	0.283	15455	4126	7041	1.231	708	0.359	93	166	223	0	0	2	4	0	0	0	0	0	0	0	4.014	4.048	4.154	4.131	584	10644	129.347	2.348
1510	estuario2_300_07agosto2013_600ml_tot_1	4772	164.044	48.454	243	91	243	70.525	61.463	69.033	61.639	612.607	20901	4133	118	129	91.048	66.733	76.668	0.160	134.201	782819	155	0.289	-1.394	0	20934	4133	4772	1.193	330	0.280	117	154	210	0	0	2	3	0	0	0	0	0	0	0	4.201	4.085	3.116	3.137	490	9273	54.696	2.026
1511	estuario2_300_07agosto2013_600ml_tot_1	891	210.712	25.581	218	133	243	18.869	16.517	18.340	16.381	129.196	22938	4157	37	34	36.481	31.098	144.560	0.671	40.460	187744	218	-1.170	0.637	0	22951	4157	891	1.037	67	0.087	201	217	227	0	0	1	2	0	0	0	0	0	0	0	1.813	1.889	1.975	2.088	138	993	1.105	1.882
1512	estuario2_300_07agosto2013_600ml_tot_1	1197	118.910	71.326	55	51	243	21.197	20.076	21.381	20.122	145.095	18105	4164	42	39	41.232	36.963	39.019	0.714	45.222	142335	79	0.672	-1.230	0	18124	4164	1197	1.039	47	0.121	57	78	191	0	0	1	1	0	0	0	0	0	0	0	1.789	1.817	1.771	1.806	158	1255	2.616	1.845
1513	estuario2_300_07agosto2013_600ml_tot_1	1568	173.385	51.474	242	77	244	28.830	21.818	30.628	21.182	255.948	21595	4167	70	45	59.704	33.439	6.836	0.301	71.021	271867	179	-0.226	-1.318	0.064	21611	4167	1567	1.149	177	0.095	125	178	222	0	0	1	2	0	0	0	0	0	0	0	2.755	2.917	2.897	3.054	226	2092	7.616	2.378
1514	estuario2_300_07agosto2013_600ml_tot_1	1739	176.235	50.408	243	73	243	23.250	47.739	23.273	45.803	246.836	21544	4219	45	77	66.855	33.119	74.558	0.359	79.699	306472	185	-0.348	-1.228	0	21574	4219	1739	1.127	155	0.100	127	184	223	0	0	1	2	0	0	0	0	0	0	0	2.851	3.140	3.072	3.389	240	2394	10.362	2.667
1515	estuario2_300_07agosto2013_600ml_tot_1	1254	175.670	50.547	243	85	244	22.077	37.912	21.569	35.885	228.593	22546	4220	42	65	58.246	27.412	103.186	0.302	66.940	220290	185	-0.259	-1.345	0.080	22557	4220	1253	1.131	154	0.076	126	184	223	0	0	1	2	0	0	0	0	0	0	0	2.915	3.179	2.876	3.168	210	1727	4.942	3.500
1516	estuario2_300_07agosto2013_600ml_tot_1	3103	142.528	58.207	92	66	244	56.917	62.557	56.685	62.331	390.784	15688	4231	110	127	169.533	23.304	128.507	0.255	157.953	442264	113	0.607	-1.261	0.097	15697	4231	3100	1.160	195	0.227	92	112	202	0	0	5	1	0	0	0	0	0	0	0	6.382	6.320	7.892	7.791	470	3633	30.309	1.677
1517	estuario2_300_07agosto2013_600ml_tot_1	1492	109.214	71.505	54	47	243	21.515	24.633	21.379	24.698	154.409	17202	4233	43	50	48.662	39.038	93.378	0.786	50.249	162948	65	0.854	-0.969	0	17220	4233	1492	1.042	35	0.171	53	64	175	0	0	1	1	0	0	0	0	0	0	0	1.960	2.005	1.997	1.995	182	1565	3.298	1.770
1518	estuario2_300_07agosto2013_600ml_tot_1	958	133.516	65.932	75	67	243	20.408	15.394	20.278	15.309	128.326	21751	4236	40	31	37.695	32.359	3.738	0.731	41.183	127908.000	96	0.592	-1.363	0	21765	4236	958	1.018	35	0.094	75	94	204	0	0	1	1	0	0	0	0	0	0	0	1.737	1.763	1.654	1.661	138	1036	1.160	1.395
1519	estuario2_300_07agosto2013_600ml_tot_1	1260	207.493	27.873	231	130	244	21.887	23.491	21.896	23.500	197.865	18898	4241	54	50	59.822	26.818	35.676	0.404	68.118	261441	214	-0.759	-0.261	0.079	18948	4241	1259	1.106	96	0.103	187	213	230	0	0	3	1	0	0	0	0	0	0	0	2.768	2.808	2.762	2.853	204	1632	4.361	2.162
1520	estuario2_300_07agosto2013_600ml_tot_1	671	221.584	16.824	243	184	243	16.603	13.299	16.642	13.248	116.953	21277	4245	35	28	33.111	25.803	15.486	0.616	35.903	148683	226	-0.549	-0.906	0	21299	4245	671	1.010	57	0.077	207	225	235	0	0	1	1	0	0	0	0	0	0	0	1.922	1.975	1.823	1.875	122	731	5.471	3.355
1521	estuario2_300_07agosto2013_600ml_tot_1	3467	158.079	55.799	85	78	243	47.423	31.913	50.379	29.505	362.073	15933	4247	114	62	103.663	42.583	21.728	0.332	123.693	548061	158	0.054	-1.471	0	16009	4247	3467	1.149	169	0.188	98	157	211	0	0	1	2	0	0	0	0	0	0	0	3.256	3.293	3.528	3.513	348	4161	10.854	2.253
1522	estuario2_300_07agosto2013_600ml_tot_1	3211	159.243	52.568	92	87	245	48.586	24.754	51.997	24.505	332.534	20713	4247	118	47	102.352	39.944	169.864	0.365	120.075	511329.000	158	0.148	-1.447	0.093	20737	4247	3208	1.129	189	0.190	104	157	207	0	0	1	2	0	0	0	0	0	0	0	3.373	3.402	3.613	3.618	325	3957	11.329	2.218
1523	estuario2_300_07agosto2013_600ml_tot_1	1058	117.298	72.313	55	51	243	19.749	18.024	19.846	17.906	141.338	18288	4250	38	37	38.544	34.949	45.536	0.666	41.400	124101.000	75	0.701	-1.219	0	18308	4250	1058	1.035	66	0.113	56	74	194	0	0	1	1	0	0	0	0	0	0	0	1.728	1.787	1.666	1.719	146	1120	1.281	3.692
1524	estuario2_300_07agosto2013_600ml_tot_1	15669	162.759	60.524	243	66	254	98.008	124.992	98.233	124.796	2272.907	20240	4271	281	261	178.145	111.989	42.618	0.038	299.282	2550272	164	-0.032	-1.606	1.008	20305	4271	15511	1.306	1699	0.878	100	162	224	0	0	8	6	0	0	0	0	0	0	0	6.057	6.083	5.899	5.932	1080	50216	181.169	2.767
1525	estuario2_300_07agosto2013_600ml_tot_1	1851	174.749	49.006	243	73	243	23.084	35.765	23.224	36.046	219.078	21234	4296	47	71	60.169	39.169	76.344	0.485	71.701	323460	177	-0.239	-1.224	0	21271	4296	1851	1.098	116	0.098	135	176	221	0	0	1	1	0	0	0	0	0	0	0	2.559	2.606	2.324	2.428	231	2163	6.537	1.808
1526	estuario2_300_07agosto2013_600ml_tot_1	1445	186.083	42.084	241	136	243	21.159	40.463	22.820	45.352	401.245	22309	4296	72	152	97.026	18.962	109.262	0.113	163.414	268890	170	0.233	-1.744	0	22321	4296	1445	1.129	157	0.172	144	169	235	0	0	3	1	0	0	0	0	0	0	0	13.067	13.649	1.974	1.989	443	3625	11.278	3.413
1527	estuario2_300_07agosto2013_600ml_tot_1	4150	135.424	67.975	243	56	243	99.126	70.166	97.114	71.187	540.624	15056	4301	184	131	199.864	26.438	30.576	0.178	217.166	562011	106	0.436	-1.472	0	15228	4301	4150	1.180	302	0.269	72	105	211	0	0	2	1	0	0	0	0	0	0	0	8.386	8.341	10.439	10.424	626	6418	43.109	1.500
1528	estuario2_300_07agosto2013_600ml_tot_1	2248	186.795	46.703	243	102	245	46.656	44.143	48.002	45.065	504.666	20723	4312	114	120	57.709	49.598	164.472	0.111	149.626	419915	194	-0.151	-1.629	0.089	20834	4312	2246	1.175	235	0.193	139	193	234	0	0	2	1	0	0	0	0	0	0	0	8.059	8.058	4.464	4.562	464	7206	56.889	1.948
1529	estuario2_300_07agosto2013_600ml_tot_1	7462	158.421	64.389	242	64	252	42.548	124.064	43.324	119.781	961.793	20531	4316	146	249	183.573	51.756	82.922	0.101	266.242	1182136	152	0.026	-1.626	2.426	20542	4316	7281	1.225	688	0.421	96	146	225	0	0	2	2	0	0	0	0	0	0	0	7.494	7.478	5.656	5.705	786	21060	133.028	2.905
1530	estuario2_300_07agosto2013_600ml_tot_1	2812	170.705	53.325	241	88	244	41.181	62.244	42.282	61.267	510.423	19143	4345	126	117	79.386	45.101	52.478	0.136	130.250	480022	168	0.027	-1.665	0.036	19166	4345	2811	1.183	278	0.192	115	167	225	0	0	1	1	0	0	0	0	0	0	0	7.075	7.303	6.512	6.552	482	7581	33.616	1.809
1531	estuario2_300_07agosto2013_600ml_tot_1	2223	171.132	49.670	107	101	247	26.772	38.123	28.296	37.780	280.919	21633	4355	54	70	69.348	40.815	69.802	0.354	73.824	380426.000	169	0.083	-1.562	0.270	21672	4355	2217	1.157	198	0.155	118	168	220	0	0	1	1	0	0	0	0	0	0	0	2.240	2.341	2.399	2.509	244	2741	10.358	3.412
1532	estuario2_300_07agosto2013_600ml_tot_1	2653	155.875	59.186	87	79	252	27.915	35.014	30.101	37.538	370.659	20017	4368	67	93	77.101	43.811	106.194	0.243	97.739	413537.000	145	0.209	-1.558	0.716	20035	4368	2634	1.174	233	0.192	94	143	216	0	0	1	1	0	0	0	0	0	0	0	3.154	3.303	2.318	2.440	316	3740	25.215	7.644
1533	estuario2_300_07agosto2013_600ml_tot_1	1581	173.790	42.445	242	105	243	34.390	14.165	35.804	13.743	193.480	21515	4378	76	30	71.367	28.206	2.206	0.531	76.236	274762	175	0.071	-1.370	0	21535	4378	1581	1.078	71	0.093	132	174	209	0	0	1	1	0	0	0	0	0	0	0	2.878	2.905	2.877	2.912	208	1719	1.710	3.500
1534	estuario2_300_07agosto2013_600ml_tot_1	3193	171.495	56.803	242	86	244	66.167	79.178	62.782	79.623	629.796	15551	4389	133	173	72.073	56.407	11.057	0.101	176.706	547584	177	-0.045	-1.752	0.031	15552	4389	3192	1.180	298	0.240	111	176	229	0	0	1	1	0	0	0	0	0	0	0	10.091	10.509	7.353	7.434	607	11079	36.066	1.764
1535	estuario2_300_07agosto2013_600ml_tot_1	1355	168.762	44.631	243	86	243	44.318	21.131	43.848	21.237	222.794	21664	4433	87	42	96.906	17.803	20.804	0.343	92.027	228673	154	0.371	-1.212	0	21742	4433	1355	1.114	100	0.089	132	153	213	0	0	3	1	0	0	0	0	0	0	0	4.735	4.754	5.704	5.738	254	1513	5.861	1.455
1536	estuario2_300_07agosto2013_600ml_tot_1	2209	160.538	45.641	243	83	245	43.385	42.848	43.796	42.372	270.617	20157	4435	88	85	120.429	23.355	43.801	0.379	113.952	354628	148	0.464	-0.979	0.045	20238	4435	2208	1.128	128	0.129	124	147	199	0	0	2	4	0	0	0	0	0	0	0	4.702	4.684	5.699	5.646	342	2447	10.961	1.378
1537	estuario2_300_07agosto2013_600ml_tot_1	3204	161.206	48.404	242	78	243	107.036	23.176	107.089	23.117	496.233	18591	4437	211	47	232.946	17.512	9.436	0.164	213.413	516503.000	144	0.494	-1.249	0	18783	4437	3204	1.170	246	0.210	119	143	210	0	0	6	1	0	0	0	0	0	0	0	10.332	10.346	12.911	12.932	511	4059	28.439	1.388
1538	estuario2_300_07agosto2013_600ml_tot_1	1927	157.125	39.886	142	89	243	32.359	18.284	32.313	18.050	192.551	18441	4450	64	42	60.314	40.680	5.009	0.653	64.070	302780	142	0.968	-0.312	0	18462	4450	1927	1.065	106	0.164	131	141	176	0	0	3	1	0	0	0	0	0	0	0	2.027	1.953	2.135	2.026	208	2053	3.263	2.044
1539	estuario2_300_07agosto2013_600ml_tot_1	2843	170.134	52.183	242	94	243	51.250	42.744	53.179	45.348	544.382	21057	4454	129	141	79.826	45.346	128.197	0.121	149.940	483690	157	0.164	-1.657	0	21060	4454	2843	1.170	262	0.207	118	156	228	0	0	1	1	0	0	0	0	0	0	0	8.693	8.684	5.674	5.735	535	8966	37.321	2.655
1540	estuario2_300_07agosto2013_600ml_tot_1	2665	173.427	53.384	242	91	243	31.263	48.933	32.030	47.678	492.583	20821	4459	93	101	70.005	48.471	59.035	0.138	109.554	462182	176	-0.037	-1.678	0	20822	4459	2665	1.204	250	0.184	119	175	227	0	0	2	1	0	0	0	0	0	0	0	4.589	4.748	5.200	5.333	384	5910	22.413	2.371
1541	estuario2_300_07agosto2013_600ml_tot_1	899	234.826	7.363	240	207	247	18.884	19.194	18.822	19.147	189.137	21473	4461	38	39	35.161	32.554	122.347	0.316	42.059	211109	237	-1.191	1.154	2.447	21488	4461	877	1.162	168	0.165	230	236	239	0	0	2	5	0	0	0	0	0	0	0	2.037	2.043	2.594	2.829	150	1079	19.571	2.038
1542	estuario2_300_07agosto2013_600ml_tot_1	1485	121.801	65.200	66	59	243	22.903	24.109	22.673	23.844	159.238	18228	4483	45	47	46.097	41.017	103.382	0.736	48.466	180874	84	0.826	-0.987	0	18246	4483	1485	1.050	71	0.141	69	83	180	0	0	1	1	0	0	0	0	0	0	0	1.918	1.942	1.937	1.947	180	1581	4.368	1.541
1543	estuario2_300_07agosto2013_600ml_tot_1	1512	169.491	39.963	128	114	243	23.216	24.687	23.236	24.414	162.309	18088	4489	50	51	47.608	40.437	51.583	0.721	51.788	256270	164	0.391	-1.186	0	18106	4489	1512	1.057	69	0.101	131	163	200	0	0	1	1	0	0	0	0	0	0	0	2.186	2.269	2.238	2.288	198	1645	2.903	1.376
1544	estuario2_300_07agosto2013_600ml_tot_1	3866	161.371	45.522	127	94	244	69.024	25.536	67.037	25.202	373.848	20343	4494	124	54	121.175	40.622	7.436	0.348	125.766	623861	153	0.390	-1.205	0.078	20451	4494	3863	1.133	276	0.216	120	152	200	0	0	2	2	0	0	0	0	0	0	0	3.165	3.237	3.436	3.517	352	4466	23.197	2.440
1545	estuario2_300_07agosto2013_600ml_tot_1	2284	182.155	48.607	243	94	243	49.049	68.467	50.740	67.828	473.872	18666	4511	93	126	55.290	52.596	15.783	0.128	136.308	416041	187	-0.135	-1.615	0	18706	4511	2284	1.180	240	0.170	133	186	230	0	0	2	1	0	0	0	0	0	0	0	7.115	7.261	4.817	5.001	434	6266	24.352	2.269
1546	estuario2_300_07agosto2013_600ml_tot_1	1298	176.625	44.013	243	93	243	24.929	22.903	24.915	22.811	190.208	19818	4518	47	49	41.711	39.621	161.062	0.451	51.894	229259	175	-0.004	-1.322	0	19826	4518	1298	1.090	115	0.074	135	174	217	0	0	2	1	0	0	0	0	0	0	0	2.236	2.319	2.109	2.101	188	1595	5.988	3.485
1547	estuario2_300_07agosto2013_600ml_tot_1	3087	169.008	51.532	243	90	243	53.194	39.292	54.178	41.288	505.796	19000	4576	112	124	76.662	51.270	129.887	0.152	144.222	521727.000	159	0.159	-1.574	0	19002	4576	3087	1.169	257	0.201	119	158	226	0	0	1	1	0	0	0	0	0	0	0	6.009	5.969	4.082	4.052	468	7795	38.092	2.514
1548	estuario2_300_07agosto2013_600ml_tot_1	931	139.987	59.935	79	75	243	20.035	17.588	19.988	17.430	122.468	22250	4578	38	35	38.660	30.662	26.678	0.780	42.544	130328.000	114	0.552	-1.308	0	22279	4578	931	1.020	32	0.074	85	113	199	0	0	1	1	0	0	0	0	0	0	0	1.859	1.816	1.902	1.861	142	984	1.549	1.481
1549	estuario2_300_07agosto2013_600ml_tot_1	16603	189.669	47.937	243	77	252	147.952	178.936	147.157	182.603	2981.098	21676	4580	331	462	173.496	121.845	72.150	0.023	472.298	3149077	212	-0.534	-1.258	0.500	21795	4580	16520	1.297	1738	1.203	140	211	230	0	0	9	8	0	0	0	0	0	0	0	12.997	13.207	29.211	29.410	1582	95930	232.219	5.533
1550	estuario2_300_07agosto2013_600ml_tot_1	9561	169.252	48.580	243	73	244	37.450	225.077	37.746	223.384	1403.984	21422	4596	88	494	278.839	43.658	88.859	0.061	494.583	1618215	162	0.149	-1.437	0.042	21486	4596	9557	1.231	830	0.538	125	161	218	0	0	5	2	0	0	0	0	0	0	0	18.430	18.137	23.684	23.434	1159	29786	215.446	3.701
1551	estuario2_300_07agosto2013_600ml_tot_1	2864	186.314	46.136	241	69	246	38.509	42.358	37.192	40.110	354.659	20890	4600	80	83	97.764	37.300	129.045	0.286	100.210	533604	196	-0.699	-0.581	0.175	20899	4600	2859	1.179	240	0.169	158	195	225	0	0	2	1	0	0	0	0	0	0	0	2.999	3.141	3.309	3.608	322	3527	19.621	2.888
1552	estuario2_300_07agosto2013_600ml_tot_1	2938	165.027	58.044	64	61	246	45.042	42.097	47.747	43.359	331.203	19575	4605	78	89	67.467	55.446	116.199	0.337	92.617	484850	174	-0.395	-1.099	0.170	19643	4605	2933	1.147	199	0.146	122	173	217	0	0	1	2	0	0	0	0	0	0	0	3.035	2.892	3.043	2.711	330	4339	15.436	3.133
1553	estuario2_300_07agosto2013_600ml_tot_1	2752	178.660	51.102	243	82	247	26.032	79.614	25.947	81.018	416.617	22100	4618	53	139	95.721	36.606	87.037	0.199	139.176	491673	192	-0.443	-1.224	0.145	22128	4618	2748	1.168	278	0.163	129	191	223	0	0	1	2	0	0	0	0	0	0	0	5.453	5.476	4.641	4.687	378	4241	32.591	2.932
1554	estuario2_300_07agosto2013_600ml_tot_1	1949	175.841	48.413	237	93	247	16.368	38.064	16.537	38.836	336.877	16392	4622	56	83	76.261	32.540	88.096	0.216	90.427	342714	168	0.072	-1.597	0.154	16417	4622	1946	1.168	182	0.134	129	166	227	0	0	2	1	0	0	0	0	0	0	0	3.365	3.390	3.104	3.157	274	3210	7.471	2.777
1555	estuario2_300_07agosto2013_600ml_tot_1	1149	200.391	22.399	199	149	243	18.074	19.985	18.027	19.985	147.439	17638	4653	37	42	42.937	34.072	79.469	0.664	47.508	230249	197	0.281	-0.865	0	17659	4653	1149	1.050	48	0.097	183	196	217	0	0	3	2	0	0	0	0	0	0	0	1.736	1.748	1.744	1.730	154	1292	1.248	2.619
1556	estuario2_300_07agosto2013_600ml_tot_1	1719	155.375	59.278	243	71	243	22.459	46.663	22.675	47.649	277.505	20572	4659	43	101	109.053	20.070	109.055	0.281	106.569	267089	145	0.187	-1.536	0	20581	4659	1719	1.140	127	0.101	97	144	218	0	0	2	1	0	0	0	0	0	0	0	4.747	4.863	5.802	5.928	284	1949	15.880	1.481
1557	estuario2_300_07agosto2013_600ml_tot_1	1061	207.396	21.891	243	155	244	25.138	26.115	25.103	26.241	185.622	19866	4661	47	55	56.423	23.943	53.015	0.387	61.847	220047	205	-0.051	-1.048	0.094	19889	4661	1060	1.103	80	0.092	189	204	225	0	0	4	1	0	0	0	0	0	0	0	3.106	3.126	3.481	3.477	200	1490	3.469	4.833
1558	estuario2_300_07agosto2013_600ml_tot_1	2501	178.784	39.848	154	95	243	47.522	80.134	47.524	80.062	429.470	16182	4687	97	156	192.483	16.544	119.273	0.170	177.370	447138	166	0.227	-1.242	0	16187	4687	2501	1.183	181	0.170	148	165	218	0	0	7	2	0	0	0	0	0	0	0	9.459	9.484	12.106	12.128	502	3262	17.796	1.982
1559	estuario2_300_07agosto2013_600ml_tot_1	1184	159.674	63.681	243	74	244	25.761	47.689	24.734	45.713	247.362	20296	4697	52	69	50.305	29.968	124.481	0.243	71.589	189054	152	0.064	-1.680	0.084	20310	4697	1183	1.118	97	0.091	94	151	230	0	0	1	1	0	0	0	0	0	0	0	3.935	4.118	2.031	2.119	238	2110	13.751	3.726
1560	estuario2_300_07agosto2013_600ml_tot_1	4711	193.205	42.696	243	89	254	77.935	77.598	79.891	79.582	713.678	18493	4698	147	163	90.502	66.277	134.214	0.116	169.098	910187.000	204	-0.412	-1.190	3.927	18634	4698	4526	1.252	495	0.319	150	200	231	0	0	2	5	0	0	0	0	0	0	0	6.912	6.778	3.896	3.826	615	11325	131.085	3.271
1561	estuario2_300_07agosto2013_600ml_tot_1	3544	179.266	47.761	242	91	244	65.363	41.288	66.046	42.201	581.470	20441	4709	111	130	83.532	54.020	159.141	0.132	150.233	635320	177	-0.077	-1.526	0.028	20473	4709	3543	1.193	320	0.227	134	176	228	0	0	2	1	0	0	0	0	0	0	0	5.373	5.299	3.338	3.396	478	8715	32.886	3.909
1562	estuario2_300_07agosto2013_600ml_tot_1	1846	175.427	50.804	242	74	243	29.513	26.391	30.098	28.239	291.019	21180	4713	62	62	61.127	38.451	126.547	0.274	76.059	323839	180	-0.261	-1.290	0	21203	4713	1846	1.161	189	0.108	129	179	225	0	0	1	1	0	0	0	0	0	0	0	2.543	2.739	2.901	3.093	244	2727	14.300	1.900
1563	estuario2_300_07agosto2013_600ml_tot_1	1877	129.788	58.330	75	62	243	25.450	23.546	25.604	23.799	180.066	19297	4722	54	47	52.742	45.312	9.625	0.727	55.543	243613	105	0.778	-0.889	0	19312	4722	1877	1.052	68	0.128	80	104	175	0	0	1	1	0	0	0	0	0	0	0	1.821	1.799	1.817	1.788	198	1969	1.738	1.451
1564	estuario2_300_07agosto2013_600ml_tot_1	2237	192.249	41.249	231	96	243	26.951	26.548	27.434	26.916	182.066	22010	4733	55	53	54.183	52.567	170.980	0.848	55.758	430061	204	-0.537	-0.987	0	22033	4733	2237	1.043	24	0.189	159	203	229	0	0	1	1	0	0	0	0	0	0	0	1.774	1.800	1.873	1.977	212	2291	0.547	1.848
1565	estuario2_300_07agosto2013_600ml_tot_1	719	221.999	18.659	231	148	243	43.582	19.859	42.706	20.117	221.622	16773	4743	76	35	59.587	15.364	15.271	0.184	77.878	159617	228	-1.269	1.389	0	16843	4743	719	1.114	92	0.085	210	227	235	0	0	2	2	0	0	0	0	0	0	0	6.214	6.253	8.156	8.271	218	1744	2.995	2.500
1566	estuario2_300_07agosto2013_600ml_tot_1	4958	161.180	54.160	95	70	249	45.970	65.528	48.366	64.689	490.098	20712	4755	113	132	137.713	45.840	51.175	0.259	169.293	799130	161	0.092	-1.507	0.323	20820	4755	4942	1.178	339	0.279	104	160	213	0	0	2	2	0	0	0	0	0	0	0	4.162	4.007	3.541	3.573	486	6484	40.602	2.177
1567	estuario2_300_07agosto2013_600ml_tot_1	3689	180.543	45.347	243	100	243	64.943	70.411	63.775	72.576	626.767	21527	4755	123	154	87.162	53.888	84.456	0.118	167.547	666022	188	-0.113	-1.522	0	21527	4755	3689	1.187	304	0.239	132	187	223	0	0	1	3	0	0	0	0	0	0	0	6.567	6.856	5.170	5.298	550	10309	50.778	4.378
1568	estuario2_300_07agosto2013_600ml_tot_1	2837	227.769	12.522	236	161	247	37.409	55.428	37.269	54.694	390.073	19082	4773	72	117	104.479	34.573	106.181	0.234	118.377	646182	231	-1.424	2.597	0.740	19119	4773	2816	1.203	294	0.389	221	230	236	0	0	5	8	0	0	0	0	0	0	0	4.285	4.293	4.908	5.052	374	4999	37.248	2.679
1569	estuario2_300_07agosto2013_600ml_tot_1	2719	139.188	65.749	71	64	243	80.803	19.798	80.608	19.949	409.889	18760	4778	161	44	170.639	20.288	12.174	0.203	164.976	378452.000	113	0.444	-1.468	0	18878	4778	2719	1.162	212	0.210	77	112	212	0	0	6	1	0	0	0	0	0	0	0	7.096	7.076	8.922	8.884	406	3533	27.454	1.396
1570	estuario2_300_07agosto2013_600ml_tot_1	1616	168.630	51.034	240	73	246	31.624	23.069	30.679	23.934	188.066	20556	4783	62	46	53.754	38.277	41.081	0.574	65.146	272506	170	-0.078	-1.303	0.309	20583	4783	1611	1.088	125	0.087	124	169	218	0	0	1	1	0	0	0	0	0	0	0	2.370	2.443	2.317	2.444	211	1869	4.460	1.473
1571	estuario2_300_07agosto2013_600ml_tot_1	3081	166.977	57.078	243	65	243	34.996	47.161	35.578	46.112	509.654	20759	4821	76	95	87.629	44.767	50.230	0.149	119.202	514457.000	174	-0.121	-1.498	0	20829	4821	3081	1.241	357	0.180	108	173	224	0	0	2	2	0	0	0	0	0	0	0	3.062	3.125	2.885	2.972	338	4493	50.067	2.590
1572	estuario2_300_07agosto2013_600ml_tot_1	3861	156.305	53.151	91	84	243	25.110	51.010	24.979	55.124	391.002	20933	4845	54	125	112.302	43.775	76.550	0.317	128.098	603495	151	0.228	-1.405	0	20968	4845	3861	1.153	172	0.224	101	150	207	0	0	1	1	0	0	0	0	0	0	0	3.224	3.280	3.304	3.294	354	4579	15.176	2.853
1573	estuario2_300_07agosto2013_600ml_tot_1	749	226.057	12.811	243	186	247	18.364	19.804	18.197	20.050	129.782	15436	4852	32	36	35.123	27.152	62.464	0.559	38.588	169317	228	-0.407	-0.752	3.605	15456	4852	722	1.074	88	0.092	214	226	235	0	0	3	1	0	0	0	0	0	0	0	1.868	1.880	2.013	2.165	132	820	5.649	3.333
1574	estuario2_300_07agosto2013_600ml_tot_1	1714	167.165	46.951	243	88	243	17.831	47.010	17.515	47.661	254.936	22906	4858	32	87	89.642	24.345	84.839	0.331	88.119	286521	159	0.190	-1.321	0	22919	4858	1714	1.127	134	0.091	124	158	211	0	0	3	2	0	0	0	0	0	0	0	3.346	3.400	3.963	3.979	234	2196	4.949	1.746
1575	estuario2_300_07agosto2013_600ml_tot_1	2230	144.579	60.059	81	62	245	35.941	40.796	36.776	39.424	266.090	20434	4881	63	70	57.652	49.250	86.857	0.396	73.055	322412	128	0.403	-1.379	0.090	20487	4881	2228	1.126	184	0.143	87	127	205	0	0	1	1	0	0	0	0	0	0	0	2.636	2.660	2.225	2.204	261	2741	7.153	2.778
1576	estuario2_300_07agosto2013_600ml_tot_1	2933	154.753	62.464	64	60	245	34.676	41.667	33.462	43.998	335.345	21518	4920	62	84	77.874	47.955	101.293	0.328	89.051	453892	165	-0.108	-1.455	0.102	21538	4920	2930	1.166	241	0.152	94	164	212	0	0	2	2	0	0	0	0	0	0	0	2.427	2.399	2.655	2.685	288	3597	24.090	1.800
1577	estuario2_300_07agosto2013_600ml_tot_1	2632	173.422	50.541	243	97	243	75.949	47.703	74.544	48.860	467.453	21583	4923	119	108	73.358	45.682	46.181	0.151	121.828	456448	172	0.035	-1.671	0	21695	4923	2632	1.175	208	0.179	121	170	225	0	0	2	1	0	0	0	0	0	0	0	6.531	6.785	5.944	5.951	450	6681	25.368	1.544
1578	estuario2_300_07agosto2013_600ml_tot_1	1555	182.338	41.754	243	93	243	27.259	26.213	26.677	26.012	210.108	19656	4941	52	59	61.453	32.218	127.898	0.443	67.801	283536	184	-0.269	-1.010	0	19656	4941	1555	1.114	111	0.089	149	183	220	0	0	3	3	0	0	0	0	0	0	0	2.540	2.521	2.964	2.954	218	1912	6.587	2.365
1579	estuario2_300_07agosto2013_600ml_tot_1	2456	170.292	53.387	243	68	245	32.038	36.292	33.549	34.739	346.274	20977	4943	66	73	67.186	46.543	35.257	0.257	74.525	418236	175	-0.232	-1.281	0.041	21027	4943	2455	1.199	223	0.129	122	174	220	0	0	1	1	0	0	0	0	0	0	0	2.473	2.617	2.614	2.823	274	3223	22.075	2.545
1580	estuario2_300_07agosto2013_600ml_tot_1	2584	168.178	33.198	146	109	243	22.941	35.647	23.199	35.223	234.350	18226	4948	48	70	70.590	46.608	83.704	0.591	75.027	434572	158	0.907	-0.165	0	18252	4948	2584	1.077	129	0.200	144	157	181	0	0	5	2	0	0	0	0	0	0	0	1.847	1.819	2.007	1.934	232	2794	3.891	4.046
1581	estuario2_300_07agosto2013_600ml_tot_1	1393	179.652	37.393	152	108	243	32.823	46.450	32.784	46.530	243.019	23993	4948	65	91	115.536	15.351	56.397	0.296	105.394	250255.000	167	0.330	-1.232	0	24050	4948	1393	1.131	97	0.100	149	166	214	0	0	3	1	0	0	0	0	0	0	0	6.285	6.308	7.832	7.874	307	1517	2.903	1.282
1582	estuario2_300_07agosto2013_600ml_tot_1	1385	174.650	49.329	241	83	249	31.871	18.192	32.877	18.263	192.350	23413	4978	63	37	56.528	31.196	1.413	0.470	63.127	241890	184	-0.245	-1.332	0.866	23441	4978	1373	1.106	135	0.076	124	182	217	0	0	1	1	0	0	0	0	0	0	0	2.515	2.551	2.597	2.647	195	1643	1.997	1.887
1583	estuario2_300_07agosto2013_600ml_tot_1	6092	159.072	57.721	243	66	245	75.600	64.944	73.887	61.745	723.460	20568	4979	132	136	133.821	57.962	125.120	0.146	159.452	969065	165	-0.022	-1.530	0.049	20639	4979	6089	1.253	507	0.310	97	164	212	0	0	3	4	0	0	0	0	0	0	0	3.656	3.865	5.309	5.406	531	9712	85.677	1.995
1584	estuario2_300_07agosto2013_600ml_tot_1	1495	168.644	44.544	131	94	243	32.862	38.949	32.980	38.826	218.291	22376	4984	65	78	102.731	18.529	53.427	0.394	95.268	252123	155	0.356	-1.322	0	22429	4984	1495	1.114	73	0.100	129	154	213	0	0	3	1	0	0	0	0	0	0	0	4.753	4.790	5.933	5.982	281	1595	2.747	1.667
1585	estuario2_300_07agosto2013_600ml_tot_1	3364	173.961	51.953	117	102	243	52.161	62.155	49.182	62.341	701.737	22933	4990	119	151	72.378	59.178	6.928	0.086	154.564	585204	167	0.081	-1.749	0	22962	4990	3364	1.222	336	0.300	119	166	229	0	0	2	1	0	0	0	0	0	0	0	7.180	7.150	4.460	4.582	536	10099	27.835	2.164
1586	estuario2_300_07agosto2013_600ml_tot_1	2675	152.538	58.247	243	77	243	35.403	30.628	38.201	30.759	362.132	19510	4992	92	62	78.098	43.611	148.695	0.256	102.421	408039	136	0.297	-1.507	0	19537	4992	2675	1.157	222	0.165	95	135	214	0	0	1	1	0	0	0	0	0	0	0	2.947	3.106	2.404	2.545	304	3668	21.586	5.608
1587	estuario2_300_07agosto2013_600ml_tot_1	1783	176.739	38.108	243	92	244	23.567	26.892	23.524	26.802	184.794	20392	5011	53	56	50.660	44.812	46.015	0.656	58.523	315126	174	0.168	-1.092	0.056	20416	5011	1782	1.075	106	0.104	142	173	208	0	0	6	1	0	0	0	0	0	0	0	2.128	2.168	2.263	2.324	214	1996	4.252	2.421
1588	estuario2_300_07agosto2013_600ml_tot_1	2233	168.601	46.256	241	87	245	58.375	21.400	60.487	21.101	289.664	22421	5027	112	34	116.102	24.488	1.345	0.334	112.018	376487	160	0.090	-1.211	0.045	22508	5027	2232	1.130	131	0.117	133	159	209	0	0	2	2	0	0	0	0	0	0	0	4.146	4.193	5.027	5.066	288	2918	7.546	1.737
1589	estuario2_300_07agosto2013_600ml_tot_1	1362	121.373	68.331	65	58	244	25.006	19.538	24.684	19.512	151.095	21366	5061	49	37	46.428	37.351	179.132	0.750	50.010	165310	79	0.738	-1.160	0.073	21381	5061	1361	1.044	70	0.135	65	78	189	0	0	1	1	0	0	0	0	0	0	0	1.825	1.794	1.925	1.906	168	1439	2.481	1.445
1590	estuario2_300_07agosto2013_600ml_tot_1	1472	143.436	62.204	241	59	244	34.194	15.318	35.416	15.542	205.581	15848	5063	77	29	80.555	23.266	175.993	0.438	77.647	211138.000	122	0.395	-1.429	0.136	15855	5063	1470	1.096	107	0.084	86	120	211	0	0	1	2	0	0	0	0	0	0	0	2.955	3.140	3.527	3.772	208	1725	3.826	1.577
1591	estuario2_300_07agosto2013_600ml_tot_1	2031	182.141	47.645	241	105	243	67.614	49.865	66.960	50.853	446.233	21782	5077	114	86	59.400	43.535	69.864	0.128	115.117	369928	189	-0.136	-1.597	0	21848	5077	2031	1.175	236	0.147	133	188	229	0	0	2	1	0	0	0	0	0	0	0	6.675	6.642	3.429	3.529	396	5136	13.807	2.559
1592	estuario2_300_07agosto2013_600ml_tot_1	728	154.735	59.002	79	75	243	11.926	21.342	11.946	21.443	122.267	16993	5087	27	41	42.833	21.640	105.165	0.612	43.081	112647	146	0.169	-1.542	0	16999	5087	728	1.032	47	0.046	95	145	215	0	0	1	1	0	0	0	0	0	0	0	2.121	2.133	2.373	2.392	132	799	0.862	1.471
1593	estuario2_300_07agosto2013_600ml_tot_1	5272	164.688	51.588	95	73	246	34.949	72.011	35.142	75.520	554.441	21446	5103	94	140	136.481	49.183	111.676	0.216	152.820	868235	164	0.032	-1.445	0.114	21470	5103	5266	1.188	374	0.303	110	163	213	0	0	2	2	0	0	0	0	0	0	0	3.508	3.417	4.208	4.206	464	8179	39.508	2.250
1594	estuario2_300_07agosto2013_600ml_tot_1	6967	144.720	61.921	52	48	244	63.687	109.820	67.160	123.769	806.146	17328	5108	130	293	261.503	33.922	107.589	0.135	310.015	1008267	140	-0.008	-1.109	0.014	17360	5108	6966	1.188	464	0.407	96	139	198	0	0	1	9	0	0	0	0	0	0	0	9.954	10.229	12.780	13.085	842	12846	78.866	3.250
1595	estuario2_300_07agosto2013_600ml_tot_1	1615	170.819	51.625	243	65	244	27.595	27.085	28.917	26.136	249.078	19104	5108	64	52	56.471	36.413	36.862	0.327	70.434	275872	174	-0.252	-1.172	0.124	19163	5108	1613	1.141	173	0.080	129	173	219	0	0	1	1	0	0	0	0	0	0	0	2.621	2.797	2.755	2.915	228	2005	7.115	3.273
1596	estuario2_300_07agosto2013_600ml_tot_1	2593	173.146	50.928	243	78	243	45.658	36.351	44.110	37.801	344.274	21496	5112	79	73	72.303	45.662	35.309	0.275	90.139	448967.000	180	-0.266	-1.261	0	21529	5112	2593	1.159	223	0.139	126	179	219	0	0	1	2	0	0	0	0	0	0	0	2.801	2.894	3.135	3.312	300	3841	21.561	3
1597	estuario2_300_07agosto2013_600ml_tot_1	1627	174.444	50.649	242	86	249	22.872	26.717	23.323	28.693	219.078	21656	5121	43	64	61.781	33.531	100.408	0.426	69.836	283821	180	-0.210	-1.347	0.860	21673	5121	1613	1.135	189	0.091	128	178	222	0	0	1	1	0	0	0	0	0	0	0	2.274	2.397	2.506	2.680	210	1998	4.750	3.294
1598	estuario2_300_07agosto2013_600ml_tot_1	2643	175.810	45.873	124	107	248	55.927	54.040	56.967	52.215	411.044	23290	5133	100	80	73.558	45.748	0.516	0.197	103.581	464665	174	0.077	-1.615	0.038	23366	5133	2642	1.188	246	0.176	129	173	222	0	0	3	1	0	0	0	0	0	0	0	4.033	4.048	3.658	3.685	356	4823	12.381	1.588
1599	estuario2_300_07agosto2013_600ml_tot_1	3516	211.881	28.720	234	99	251	27.064	64.633	27.236	63.280	379.446	15505	5136	52	126	114.344	39.151	93.018	0.307	126.099	744973	222	-1.574	2.386	0.455	15517	5136	3500	1.170	271	0.339	197	221	231	0	0	3	2	0	0	0	0	0	0	0	3.424	3.329	3.939	4.021	352	5137	14.347	2.441
1600	estuario2_300_07agosto2013_600ml_tot_1	2228	161.084	54.134	88	73	245	38.132	24.290	36.675	23.793	275.362	21025	5137	69	53	60.309	47.037	154.155	0.369	71.063	358896	160	0.047	-1.412	0.045	21050	5137	2227	1.135	199	0.123	107	159	212	0	0	1	1	0	0	0	0	0	0	0	2.158	2.247	2.176	2.291	240	2672	11.320	1.676
1601	estuario2_300_07agosto2013_600ml_tot_1	2057	171.265	43.871	127	98	243	17.526	39.682	17.661	40.802	245.078	20031	5153	39	89	88.509	29.591	75.118	0.430	91.082	352292	158	0.285	-1.407	0	20052	5153	2057	1.106	117	0.138	131	157	215	0	0	3	1	0	0	0	0	0	0	0	3.027	3.121	3.392	3.411	252	2340	5.902	1.774
1602	estuario2_300_07agosto2013_600ml_tot_1	8297	155.675	52.396	91	64	249	73.072	63.227	76.897	64.568	831.703	20111	5181	159	125	122.680	86.111	151.719	0.151	170.097	1291637	151	0.236	-1.368	0.084	20204	5181	8290	1.212	503	0.448	103	150	203	0	0	3	5	0	0	0	0	0	0	0	2.778	3.161	3.152	3.222	564	14365	60.853	5.923
1603	estuario2_300_07agosto2013_600ml_tot_1	5710	175.676	53.484	243	83	247	102.811	111.444	102.832	110.985	1091.886	17657	5211	207	240	132.475	54.880	42.762	0.060	243.647	1003111	180	-0.104	-1.639	0.088	17775	5211	5705	1.225	602	0.394	120	178	230	0	0	4	2	0	0	0	0	0	0	0	11.881	11.947	4.343	4.379	889	24832	129.031	4.810
1604	estuario2_300_07agosto2013_600ml_tot_1	672	234.802	8.328	243	201	246	58.546	25.762	58.344	25.929	324.576	17027	5218	101	59	75.819	11.285	31.677	0.080	112.872	157787	237	-1.488	1.925	0.446	17121	5218	669	1.155	146	0.132	230	236	240	0	0	1	1	0	0	0	0	0	0	0	13.708	13.737	7.180	6.990	315	1595	37.879	2.220
1605	estuario2_300_07agosto2013_600ml_tot_1	1868	174.537	51.841	242	72	244	40.658	27.655	38.769	28.026	278.333	21165	5220	70	62	64.760	36.727	31.457	0.303	85.796	326036	183	-0.323	-1.291	0.107	21195	5220	1866	1.148	176	0.106	123	182	221	0	0	1	1	0	0	0	0	0	0	0	2.893	3.146	3.301	3.557	260	2954	5.497	3.384
1606	estuario2_300_07agosto2013_600ml_tot_1	2303	160.209	51.675	242	68	243	66.569	40.151	67.100	39.829	328.617	18070	5235	128	76	150.894	19.433	29.752	0.268	143.126	368961.000	150	0.230	-1.328	0	18188	5235	2303	1.150	141	0.120	114	149	211	0	0	6	1	0	0	0	0	0	0	0	6.729	6.747	8.305	8.276	404	2612	5.613	2.014
1607	estuario2_300_07agosto2013_600ml_tot_1	1511	115.893	73.752	50	46	246	22.614	22.326	22.810	22.250	176.894	16285	5261	50	48	56.743	33.905	40.566	0.607	60.208	175114	74	0.650	-1.273	0.066	16325	5261	1510	1.069	80	0.159	52	73	193	0	0	1	1	0	0	0	0	0	0	0	2.115	2.047	2.167	2.053	192	1690	6.469	1.447
1608	estuario2_300_07agosto2013_600ml_tot_1	2800	165.020	52.218	243	82	248	27.485	68.751	27.077	69.098	416.316	16668	5262	47	135	131.532	27.104	94.521	0.203	135.447	462057	151	0.213	-1.518	0.321	16692	5262	2791	1.177	273	0.169	116	150	219	0	0	3	1	0	0	0	0	0	0	0	4.988	4.968	6.296	6.301	360	4322	36.645	2.456
1609	estuario2_300_07agosto2013_600ml_tot_1	6685	172.284	54.858	243	67	254	74.937	40.447	77.742	41.156	790.756	19811	5264	169	110	142.043	59.923	1.082	0.134	183.897	1151721	178	-0.160	-1.467	2.842	19868	5264	6495	1.258	570	0.356	118	173	224	0	0	4	4	0	0	0	0	0	0	0	3.827	3.935	2.289	2.325	554	14643	91.617	4.942
1610	estuario2_300_07agosto2013_600ml_tot_1	2918	178.503	52.785	242	100	249	55.195	26.629	51.352	27.477	402.316	22984	5264	102	55	92.081	40.348	175.608	0.227	102.591	520873	187	-0.158	-1.628	0.788	23013	5264	2895	1.217	304	0.227	121	185	231	0	0	1	1	0	0	0	0	0	0	0	2.997	3.002	2.721	2.796	310	4122	55.176	3.205
1611	estuario2_300_07agosto2013_600ml_tot_1	1547	156.313	56.563	95	80	243	20.742	42.797	21.695	44.737	244.149	17163	5297	48	94	96.603	20.390	113.994	0.326	101.237	241816.000	147	0.213	-1.526	0	17171	5297	1547	1.123	82	0.094	99	146	214	0	0	1	1	0	0	0	0	0	0	0	4.828	4.871	5.692	5.673	280	1853	6.306	2.296
1612	estuario2_300_07agosto2013_600ml_tot_1	1240	195.452	30.260	243	138	244	20.062	25.662	20.195	25.526	178.309	19226	5321	44	52	49.723	31.752	51.640	0.490	58.181	242361.000	195	-0.070	-1.069	0.081	19251	5321	1239	1.076	110	0.090	172	194	220	0	0	3	1	0	0	0	0	0	0	0	2.367	2.546	1.947	2.113	188	1426	6.966	2.241
1613	estuario2_300_07agosto2013_600ml_tot_1	2583	163.793	50.727	102	94	247	24.589	35.623	23.720	37.673	257.078	22624	5338	47	86	79.825	41.200	92.227	0.491	86.579	423078	157	0.223	-1.465	1.045	22640	5338	2556	1.119	174	0.164	113	155	212	0	0	1	1	0	0	0	0	0	0	0	2.394	2.524	2.429	2.512	262	2840	13.966	2.398
1614	estuario2_300_07agosto2013_600ml_tot_1	5364	153.397	60.278	243	59	245	29.677	79.829	29.677	82.817	636.365	16061	5342	67	167	139.986	48.788	91.350	0.166	168.861	822823.000	152	0.099	-1.523	0.037	16080	5342	5362	1.204	375	0.272	96	150	212	0	0	4	2	0	0	0	0	0	0	0	3.967	3.848	6.463	6.521	464	8950	89.269	2.302
1615	estuario2_300_07agosto2013_600ml_tot_1	1368	209.687	18.041	202	151	243	22.572	25.702	22.572	25.824	170.066	22981	5406	43	49	54.159	32.160	56.643	0.594	59.034	286852	209	-0.229	-0.233	0	23009	5406	1368	1.074	63	0.129	197	208	222	0	0	3	2	0	0	0	0	0	0	0	2.069	2.063	2.112	2.148	180	1509	1.867	1.771
1616	estuario2_300_07agosto2013_600ml_tot_1	2218	157.690	54.964	100	91	246	33.714	21.754	35.994	22.474	331.907	21682	5412	84	50	71.257	39.632	20.226	0.253	85.703	349756	140	0.319	-1.548	0.090	21723	5412	2216	1.157	187	0.175	103	139	216	0	0	1	1	0	0	0	0	0	0	0	2.755	2.787	2.686	2.761	264	3273	8.057	3.375
1617	estuario2_300_07agosto2013_600ml_tot_1	2456	182.235	46.119	243	68	249	58.812	37.863	57.413	36.453	398.458	20224	5417	108	76	100.843	31.009	145.505	0.194	115.521	447570	186	-0.501	-0.710	0.285	20241	5417	2449	1.199	233	0.143	152	185	223	0	0	2	2	0	0	0	0	0	0	0	4.499	4.652	2.433	2.584	364	4019	19.441	2.836
1618	estuario2_300_07agosto2013_600ml_tot_1	1959	202.883	41.957	224	78	243	26.427	63.594	27.370	67.263	359.019	21423	5458	42	143	128.788	19.367	98.235	0.191	144.392	397447	217	-1.712	2.060	0	21433	5458	1959	1.160	148	0.167	195	216	228	0	0	3	4	0	0	0	0	0	0	0	7.747	7.517	10.017	9.756	366	3500	10.054	2.143
1619	estuario2_300_07agosto2013_600ml_tot_1	3460	161.472	53.969	93	84	247	49.310	28.944	53.420	28.811	412.777	20449	5460	120	56	106.449	41.385	16.358	0.255	127.389	558693	162	0.074	-1.498	0.145	20557	5460	3455	1.170	231	0.200	104	161	213	0	0	1	2	0	0	0	0	0	0	0	3.362	3.417	3.634	3.658	347	4537	12.650	2.551
1620	estuario2_300_07agosto2013_600ml_tot_1	1506	141.171	58.994	82	69	244	25.827	23.727	25.550	23.569	189.622	19560	5472	53	47	50.015	38.338	143.861	0.526	59.942	212603	116	0.567	-1.263	0.066	19574	5472	1505	1.083	103	0.099	89	114	201	0	0	1	1	0	0	0	0	0	0	0	2.223	2.175	2.291	2.260	196	1690	7.537	1.690
1621	estuario2_300_07agosto2013_600ml_tot_1	1240	196.433	35.656	136	128	243	20.843	20.073	21.068	20.958	159.338	21545	5508	43	47	45.668	34.571	60.641	0.614	52.479	243577	206	-0.646	-0.940	0	21564	5508	1240	1.064	70	0.096	168	205	225	0	0	1	1	0	0	0	0	0	0	0	2.110	2.080	2.287	2.328	176	1383	0.796	2.372
1622	estuario2_300_07agosto2013_600ml_tot_1	3645	150.277	54.372	86	80	244	45.394	62.235	48.545	59.999	385.387	20398	5526	99	103	109.518	42.376	40.569	0.308	135.281	547759	142	0.357	-1.318	0.055	20496	5526	3643	1.147	238	0.227	96	141	198	0	0	1	1	0	0	0	0	0	0	0	3.678	3.724	3.839	3.863	400	4851	23.267	1.969
1623	estuario2_300_07agosto2013_600ml_tot_1	2752	145.705	62.756	73	68	245	25.495	75.053	25.582	74.573	391.044	20813	5535	66	147	139.575	25.104	108.916	0.226	152.778	400980	129	0.305	-1.514	0.073	20830	5535	2750	1.164	179	0.184	83	128	211	0	0	1	1	0	0	0	0	0	0	0	6.559	6.210	8.208	7.731	422	4539	28.154	1.708
1624	estuario2_300_07agosto2013_600ml_tot_1	2092	176.142	34.212	156	93	243	44.224	36.134	43.858	36.340	248.233	20724	5544	89	72	111.989	23.785	38.382	0.427	104.862	368489	165	0.538	-0.639	0	20800	5544	2092	1.117	104	0.158	151	164	200	0	0	6	2	0	0	0	0	0	0	0	4.368	4.386	5.027	5.044	318	2259	6.609	1.412
1625	estuario2_300_07agosto2013_600ml_tot_1	2856	171.384	51.739	243	86	243	27.684	50.732	27.403	50.982	373.387	21675	5555	59	109	86.442	42.067	72.681	0.257	109.293	489473	179	-0.102	-1.564	0	21725	5555	2856	1.165	214	0.160	118	178	220	0	0	1	1	0	0	0	0	0	0	0	3.494	3.445	3.984	3.991	332	4496	17.458	2.118
1626	estuario2_300_07agosto2013_600ml_tot_1	2873	160.519	59.841	88	80	254	43.572	28.529	40.257	29.207	247.765	19182	5561	78	59	71.898	50.878	159.367	0.588	78.102	461170	159	0.118	-1.574	5.569	19214	5561	2713	1.164	210	0.175	96	149	215	0	0	1	1	0	0	0	0	0	0	0	2.163	2.195	2.035	2.103	270	3247	12.769	1.434
1627	estuario2_300_07agosto2013_600ml_tot_1	1302	177.639	53.929	243	71	243	35.186	49.022	34.427	47.293	280.434	18883	5574	52	92	70.448	23.532	101.805	0.208	96.566	231286	190	-0.429	-1.198	0	18883	5574	1302	1.142	125	0.082	127	189	228	0	0	1	1	0	0	0	0	0	0	0	5.613	5.345	6.674	6.464	284	2740	11.262	2.262
1628	estuario2_300_07agosto2013_600ml_tot_1	1643	172.306	53.783	242	64	243	26.292	44.763	27.753	43.158	244.978	17424	5584	49	73	66.675	31.375	60.335	0.344	76.158	283099	178	-0.286	-1.279	0	17459	5584	1643	1.132	122	0.091	122	177	223	0	0	1	1	0	0	0	0	0	0	0	2.905	3.042	3.128	3.277	240	2264	7.492	2.672
1629	estuario2_300_07agosto2013_600ml_tot_1	3532	159.440	56.046	84	78	247	50.000	31.188	53.263	29.380	387.103	17537	5592	120	59	105.465	42.641	12.895	0.296	122.250	563142	164	0.026	-1.475	0.425	17617	5592	3517	1.166	314	0.197	98	162	211	0	0	1	1	0	0	0	0	0	0	0	3.414	3.457	3.554	3.547	353	4426	19.636	1.832
1630	estuario2_300_07agosto2013_600ml_tot_1	3101	163.508	55.100	242	60	243	30.314	57.753	28.851	59.611	405.085	20922	5606	59	125	97.410	40.533	84.631	0.237	125.897	507039	164	-0.098	-1.348	0	20938	5606	3101	1.175	202	0.145	111	163	216	0	0	1	1	0	0	0	0	0	0	0	3.987	3.919	4.471	4.441	364	4697	17.353	2.869
1631	estuario2_300_07agosto2013_600ml_tot_1	3580	153.184	57.482	80	73	245	40.427	47.528	44.003	45.441	383.831	14845	5607	97	89	107.531	42.390	43.706	0.305	127.287	548398	152	0.137	-1.476	0.028	14929	5607	3579	1.158	240	0.200	94	151	207	0	0	1	2	0	0	0	0	0	0	0	3.232	3.286	3.403	3.422	368	4184	9.139	2.958
1632	estuario2_300_07agosto2013_600ml_tot_1	5954	158.721	50.975	243	83	245	43.953	57.876	41.171	58.809	663.879	21785	5612	94	150	101.072	75.004	86.469	0.170	156.042	945024	155	0.205	-1.315	0.034	21785	5612	5952	1.204	376	0.296	108	154	203	0	0	1	3	0	0	0	0	0	0	0	3.269	3.433	3.815	4.012	484	9908	50.167	3.095
1633	estuario2_300_07agosto2013_600ml_tot_1	21059	137.536	71.115	44	42	255	152.148	132.837	155.083	141.550	2397.427	19854	5625	502	296	252.361	106.249	0.563	0.046	506.700	2896369	126	0.174	-1.422	1.486	19859	5625	20746	1.237	1539	1.255	72	124	211	0	0	4	6	0	0	0	0	0	0	0	10.641	10.805	4.721	4.787	1592	84540	143.809	5.602
1634	estuario2_300_07agosto2013_600ml_tot_1	4649	180.595	36.073	167	87	243	75.746	29.917	74.051	30.268	471.144	22384	5643	172	70	179.242	33.024	14.417	0.263	177.539	839586	174	-0.010	-0.499	0	22544	5643	4649	1.146	290	0.306	157	173	210	0	0	5	4	0	0	0	0	0	0	0	4.958	5.115	6.080	6.105	480	6590	49.980	2.318
1635	estuario2_300_07agosto2013_600ml_tot_1	2888	177.342	51.892	243	95	243	58.164	77.181	60.230	74.612	592.181	17436	5670	146	131	70.431	52.209	36.079	0.103	159.411	512164	187	-0.150	-1.628	0	17438	5670	2888	1.184	286	0.194	123	186	228	0	0	1	2	0	0	0	0	0	0	0	8.887	8.903	6.224	6.230	549	9591	30.078	3.261
1636	estuario2_300_07agosto2013_600ml_tot_1	1667	132.726	57.348	80	75	243	21.583	26.886	21.609	27.309	166.652	22616	5672	46	54	54.222	39.145	66.916	0.754	55.785	221255.000	106	0.775	-0.949	0	22640	5672	1667	1.051	54	0.147	83	105	180	0	0	1	1	0	0	0	0	0	0	0	2.024	2.038	2.073	2.096	196	1766	1.503	3.039
1637	estuario2_300_07agosto2013_600ml_tot_1	3393	165.231	60.149	243	79	247	62.583	98.297	67.074	96.401	622.583	15226	5673	127	166	73.423	58.838	33.551	0.110	170.520	560630	161	0.019	-1.762	0.118	15313	5673	3389	1.185	396	0.249	103	160	227	0	0	3	1	0	0	0	0	0	0	0	8.613	8.622	7.417	7.571	582	10472	58.423	2.313
1638	estuario2_300_07agosto2013_600ml_tot_1	991	205.765	33.591	242	110	243	22.451	31.128	23.099	32.747	224.451	22206	5709	42	82	76.802	16.429	115.252	0.247	88.769	203913	216	-1.120	0.395	0	22210	5709	991	1.113	81	0.085	188	215	231	0	0	1	1	0	0	0	0	0	0	0	5.494	5.650	6.956	7.162	244	1724	1.640	2.227
1639	estuario2_300_07agosto2013_600ml_tot_1	5241	146.440	68.767	243	48	244	67.813	78.470	69.254	75.444	803.970	14895	5724	143	162	103.094	64.728	44.455	0.102	195.305	767491	125	0.125	-1.537	0.019	14898	5724	5240	1.211	384	0.312	92	124	224	0	0	2	2	0	0	0	0	0	0	0	5.852	5.988	4.404	4.570	606	16324	67.175	3.317
1640	estuario2_300_07agosto2013_600ml_tot_1	776	198.009	38.885	241	102	243	18.451	22.470	18.896	21.690	186.551	18466	5726	36	45	43.307	22.815	57.339	0.280	48.466	153655	207	-0.882	-0.281	0	18488	5726	776	1.144	74	0.059	177	205	229	0	0	1	3	0	0	0	0	0	0	0	2.624	2.760	2.968	3.248	158	1093	1.020	1.719
1641	estuario2_300_07agosto2013_600ml_tot_1	1729	165.091	53.141	242	73	243	23.137	36.319	23.101	35.622	212.836	19030	5747	42	71	62.253	35.363	100.235	0.480	74.041	285443	166	-0.110	-1.298	0	19044	5747	1729	1.095	122	0.084	119	165	212	0	0	1	1	0	0	0	0	0	0	0	2.552	2.585	2.426	2.508	221	2081	6.296	1.936
1642	estuario2_300_07agosto2013_600ml_tot_1	2750	170.940	33.201	146	132	243	41.059	53.267	40.565	52.581	285.404	15161	5765	78	100	120.187	29.133	122.758	0.424	119.854	470085	154	0.993	-0.483	0	15167	5765	2750	1.115	87	0.282	145	153	192	0	0	5	3	0	0	0	0	0	0	0	3.950	4.046	4.725	4.850	352	3091	5.774	2.273
1643	estuario2_300_07agosto2013_600ml_tot_1	4753	166.398	53.453	243	64	244	56.403	66.818	54.803	67.068	602.909	21912	5771	95	155	106.627	56.756	104.439	0.164	155.261	790892	169	-0.135	-1.302	0.021	21944	5771	4752	1.206	320	0.222	116	168	216	0	0	2	2	0	0	0	0	0	0	0	4.627	4.233	5.018	5.042	496	9776	56.980	1.845
1644	estuario2_300_07agosto2013_600ml_tot_1	1793	174.567	42.812	243	105	243	49.776	69.372	51.408	67.705	432.316	24221	5785	96	107	60.467	37.755	25.916	0.121	114.856	312998	160	0.325	-1.385	0	24306	5785	1793	1.169	208	0.124	137	159	220	0	0	2	1	0	0	0	0	0	0	0	7.467	7.531	3.212	3.266	402	5289	19.616	3.222
1645	estuario2_300_07agosto2013_600ml_tot_1	1812	172.088	54.582	243	63	243	24.892	31.961	26.478	33.555	276.534	17634	5805	56	75	66.582	34.651	122.474	0.298	82.347	311823	178	-0.353	-1.220	0	17649	5805	1812	1.146	151	0.107	122	177	223	0	0	1	1	0	0	0	0	0	0	0	2.958	3.233	3.116	3.395	258	2798	12.703	2.532
1646	estuario2_300_07agosto2013_600ml_tot_1	3795	158.968	52.782	91	86	243	41.050	57.734	44.279	55.333	382.701	20843	5812	91	102	111.147	43.473	48.957	0.326	128.888	603284	161	0.110	-1.451	0	20929	5812	3795	1.147	243	0.234	103	160	206	0	0	1	2	0	0	0	0	0	0	0	3.328	3.367	3.473	3.489	382	4519	20.919	2.395
1647	estuario2_300_07agosto2013_600ml_tot_1	3438	161.276	60.767	243	76	244	47.218	80.240	49.057	77.705	608.808	17338	5832	142	140	75.830	57.727	62.307	0.117	163.478	554468	156	0.039	-1.706	0.029	17338	5832	3437	1.178	325	0.228	97	155	224	0	0	1	1	0	0	0	0	0	0	0	7.816	8.005	5.655	5.770	560	10239	48.795	2.857
1648	estuario2_300_07agosto2013_600ml_tot_1	6156	182.226	38.169	243	93	248	72.582	70.985	72.681	71.399	619.210	18057	5834	128	166	164.643	47.606	121.568	0.202	195.556	1121784	184	-0.252	-0.863	0.276	18073	5834	6139	1.195	395	0.323	152	183	212	0	0	8	7	0	0	0	0	0	0	0	4.700	4.575	5.467	5.375	584	10099	39.654	2.491
1649	estuario2_300_07agosto2013_600ml_tot_1	6606	123.928	46.593	97	73	244	67.945	39.949	68.390	39.631	399.931	21129	5865	133	79	121.985	68.951	0.844	0.519	133.135	818671	104	1.481	0.829	0.015	21176	5865	6605	1.093	292	0.594	94	103	127	0	0	5	2	0	0	0	0	0	0	0	2.382	2.419	2.616	2.646	420	7587	19.118	2.312
1650	estuario2_300_07agosto2013_600ml_tot_1	3924	125.051	66.413	72	52	245	52.102	60.303	52.330	61.932	416.701	20918	5868	96	130	135.192	36.956	120.888	0.284	144.014	490699	93	0.657	-1.176	0.051	20952	5868	3922	1.151	232	0.269	70	91	190	0	0	2	1	0	0	0	0	0	0	0	4.387	4.496	5.302	5.391	448	5535	32.990	2.534
1651	estuario2_300_07agosto2013_600ml_tot_1	3591	148.884	55.018	84	77	244	39.315	54.287	42.403	51.641	351.487	19268	5889	93	97	111.298	41.081	47.672	0.365	128.035	534642	138	0.359	-1.340	0.028	19354	5889	3590	1.138	146	0.204	95	137	199	0	0	1	1	0	0	0	0	0	0	0	3.385	3.432	2.951	2.961	376	4228	11.232	2.374
1652	estuario2_300_07agosto2013_600ml_tot_1	640	242.745	1.826	243	236	248	27.027	16.470	27.035	16.465	308.919	24248	5891	43	39	31.868	25.570	88.753	0.084	46.669	155357	243	-0.144	0.745	29.688	24254	5891	450	1.232	331	0.202	240	241	242	0	0	0	0	0	0	0	0	0	0	0	2.852	3.066	3.720	3.845	159	1152	326.849	1.846
1653	estuario2_300_07agosto2013_600ml_tot_1	1091	226.996	14.116	242	173	253	38.617	29.925	38.764	29.983	246.291	15900	5900	71	55	74.161	18.731	140.881	0.226	85.703	247653	231	-1.068	0.761	1.558	15921	5900	1074	1.161	143	0.143	218	229	237	0	0	4	3	0	0	0	0	0	0	0	4.793	4.873	5.516	5.621	247	1665	19.954	3.356
1654	estuario2_300_07agosto2013_600ml_tot_1	2582	173.133	50.196	243	91	243	68.137	66.480	69.996	65.651	474.132	16597	5916	108	110	76.254	43.113	6.565	0.144	124.169	447030	161	0.134	-1.646	0	16699	5916	2582	1.167	230	0.188	124	160	228	0	0	3	1	0	0	0	0	0	0	0	6.053	6.062	4.743	4.894	431	6536	25.389	1.575
1655	estuario2_300_07agosto2013_600ml_tot_1	641	232.468	7.563	237	205	243	17.406	48.355	17.519	48.748	258.007	21977	5916	38	103	92.144	8.857	105.207	0.121	108.784	149012	234	-0.839	0.482	0	21979	5916	641	1.113	116	0.108	227	233	237	0	0	3	3	0	0	0	0	0	0	0	12.715	12.783	12.669	12.494	278	1338	4.533	1.638
1656	estuario2_300_07agosto2013_600ml_tot_1	2191	174.663	44.637	127	105	243	26.640	50.735	27.032	51.111	337.647	23737	5947	75	98	85.807	32.511	116.049	0.242	100.499	382686.000	161	0.211	-1.533	0	23741	5947	2191	1.149	141	0.146	131	160	221	0	0	2	1	0	0	0	0	0	0	0	4.658	4.850	4.491	4.596	342	3748	6.713	1.566
1657	estuario2_300_07agosto2013_600ml_tot_1	7783	162.981	51.883	242	61	253	78.147	42.737	78.290	40.680	590.624	21438	5954	186	97	162.357	61.036	15.977	0.280	186.454	1268484	163	-0.091	-1.093	1.657	21588	5954	7654	1.176	520	0.311	120	161	205	0	0	6	4	0	0	0	0	0	0	0	3.452	3.716	4.149	4.493	562	11690	53.631	4.384
1658	estuario2_300_07agosto2013_600ml_tot_1	778	148.104	64.202	238	61	243	16.855	15.855	17.169	16.337	110.569	19907	5955	32	32	33.030	29.991	131.278	0.800	36.892	115225.000	145	0.116	-1.555	0	19920	5955	778	1.002	20	0.047	81	144	213	0	0	1	1	0	0	0	0	0	0	0	1.680	1.777	1.512	1.556	124	821	0.605	2.311
1659	estuario2_300_07agosto2013_600ml_tot_1	3864	163.863	40.003	168	77	243	32.073	48.397	32.287	49.610	299.220	19598	5960	60	96	94.080	52.294	111.222	0.542	103.774	633168	164	-0.019	-0.277	0	19602	5960	3864	1.087	137	0.287	144	163	180	0	0	2	2	0	0	0	0	0	0	0	2.179	2.164	2.413	2.408	308	4350	5.470	1.566
1660	estuario2_300_07agosto2013_600ml_tot_1	1046	188.426	36.460	241	122	243	21.514	20.301	21.773	20.486	142.752	20730	5981	42	43	50.978	26.125	133.690	0.645	53.151	197094	188	-0.027	-1.394	0	20748	5981	1046	1.050	46	0.071	154	186	223	0	0	2	1	0	0	0	0	0	0	0	2.314	2.340	2.109	2.157	166	1138	1.678	2.414
1661	estuario2_300_07agosto2013_600ml_tot_1	4350	191.392	44.467	243	95	243	49.035	83.269	51.377	86.811	917.720	22162	5981	121	224	121.836	45.459	116.517	0.065	235.287	832555	208	-0.467	-1.317	0	22192	5981	4350	1.236	490	0.317	146	207	231	0	0	1	1	0	0	0	0	0	0	0	9.898	9.914	3.415	3.463	686	14163	101.625	3.126
1662	estuario2_300_07agosto2013_600ml_tot_1	21580	162.925	52.714	243	63	255	182.572	179.760	183.914	182.112	2149.510	20926	6001	301	345	268.240	102.432	47.949	0.059	383.567	3515922	159	0.081	-1.367	1.803	21142	6001	21191	1.279	1656	0.925	112	156	210	0	0	12	5	0	0	0	0	0	0	0	6.304	6.459	7.656	7.559	1288	59787	182.740	4.065
1663	estuario2_300_07agosto2013_600ml_tot_1	2261	180.068	49.018	238	95	243	72.603	42.317	72.889	40.820	516.274	16920	6023	155	97	56.611	50.852	78.739	0.107	158.474	407133	181	-0.054	-1.629	0	16920	6023	2261	1.158	259	0.169	130	180	232	0	0	2	1	0	0	0	0	0	0	0	10.129	10.466	3.634	3.781	498	7327	10.819	2.384
1664	estuario2_300_07agosto2013_600ml_tot_1	1783	117.865	64.758	63	60	243	25.911	25.976	26.086	26.162	177.966	22393	6046	47	55	51.492	44.088	95.836	0.707	56.294	210154	80	0.828	-0.945	0	22425	6046	1783	1.058	84	0.203	64	79	174	0	0	1	1	0	0	0	0	0	0	0	1.870	1.941	2.037	2.117	200	1896	2.821	1.358
1665	estuario2_300_07agosto2013_600ml_tot_1	1783	165.538	38.408	150	93	243	47.761	13.419	47.706	13.434	225.439	22284	6055	94	27	99.475	22.822	4.477	0.441	94.191	295154	159	0.505	-0.626	0	22365	6055	1783	1.091	84	0.110	136	158	187	0	0	3	2	0	0	0	0	0	0	0	3.693	3.727	4.358	4.392	238	1935	2.467	1.680
1666	estuario2_300_07agosto2013_600ml_tot_1	3627	118.990	68.964	53	50	246	39.557	61.482	39.439	61.834	370.558	20067	6130	74	128	143.288	32.229	112.614	0.332	134.078	431576	83	0.688	-1.170	0.028	20089	6130	3626	1.137	229	0.284	60	82	186	0	0	1	1	0	0	0	0	0	0	0	4.203	4.196	4.777	4.781	400	4308	20.644	1.431
1667	estuario2_300_07agosto2013_600ml_tot_1	2376	159.389	56.666	243	58	243	49.913	31.091	48.067	29.948	325.505	19938	6131	84	62	69.211	43.710	138.830	0.282	89.067	378708	157	7.795E-4	-1.362	0	19953	6131	2376	1.162	176	0.118	107	156	216	0	0	1	1	0	0	0	0	0	0	0	2.897	3.041	2.833	3.020	287	3270	13.078	2.898
1668	estuario2_300_07agosto2013_600ml_tot_1	1422	178.324	45.274	242	101	243	19.732	39.290	19.657	39.559	276.291	20408	6148	57	76	66.476	27.236	108.185	0.234	76.531	253577	171	0.102	-1.551	0	20418	6148	1422	1.126	140	0.102	134	170	226	0	0	3	1	0	0	0	0	0	0	0	4.222	4.424	3.354	3.444	261	2485	9.726	1.765
1669	estuario2_300_07agosto2013_600ml_tot_1	3489	159.353	55.761	89	84	243	44.256	46.290	45.807	49.048	429.671	20216	6157	72	119	99.822	44.503	104.805	0.237	123.968	555983	156	0.131	-1.549	0	20254	6157	3489	1.181	239	0.217	101	155	214	0	0	1	1	0	0	0	0	0	0	0	3.622	3.751	3.733	3.861	377	5015	22.213	2.654
1670	estuario2_300_07agosto2013_600ml_tot_1	1817	104.024	74.701	42	40	243	25.914	24.068	26.113	23.705	179.380	15595	6169	49	50	50.934	45.421	51.499	0.710	53.852	189011	60	0.833	-0.986	0	15616	6169	1817	1.057	82	0.219	43	59	171	0	0	1	1	0	0	0	0	0	0	0	1.817	1.850	1.730	1.749	194	1905	3.853	2.186
1671	estuario2_300_07agosto2013_600ml_tot_1	1510	144.652	59.184	87	70	243	30.378	31.242	30.620	31.460	193.321	15085	6178	61	65	80.438	23.902	132.982	0.508	78.006	218424	121	0.447	-1.397	0	15098	6178	1510	1.092	90	0.095	90	120	205	0	0	2	1	0	0	0	0	0	0	0	3.579	3.579	3.773	3.746	246	1661	2.812	2.050
1672	estuario2_300_07agosto2013_600ml_tot_1	1886	171.611	54.145	243	59	244	23.883	31.153	23.982	33.536	250.492	18264	6202	50	81	73.218	32.797	103.644	0.378	86.925	323659	181	-0.367	-1.208	0.053	18275	6202	1885	1.117	159	0.100	120	180	221	0	0	1	1	0	0	0	0	0	0	0	2.933	3.304	3.301	3.688	258	2683	10.935	2.225
1673	estuario2_300_07agosto2013_600ml_tot_1	3713	152.566	55.447	84	79	243	25.886	50.922	24.290	54.989	348.333	20292	6211	51	126	109.678	43.104	81.306	0.385	127.279	566479	150	0.193	-1.420	0	20318	6211	3713	1.121	180	0.233	94	149	203	0	0	1	3	0	0	0	0	0	0	0	3.356	3.393	3.477	3.462	350	4377	14.346	2.556
1674	estuario2_300_07agosto2013_600ml_tot_1	1430	204.383	26.770	242	147	248	28.404	18.938	28.068	18.831	261.664	16034	6239	63	45	54.452	33.438	10.126	0.262	67.624	292268	208	-0.288	-1.166	0.210	16078	6239	1427	1.182	142	0.112	179	207	227	0	0	1	2	0	0	0	0	0	0	0	2.480	2.651	2.951	3.131	212	2026	3.856	2.942
1675	estuario2_300_07agosto2013_600ml_tot_1	1599	191.270	35.831	238	108	243	31.307	29.667	32.013	30.910	209.522	22317	6243	54	63	59.382	34.285	129.042	0.458	68.680	305840	198	-0.445	-0.875	0	22352	6243	1599	1.105	101	0.099	163	197	221	0	0	2	2	0	0	0	0	0	0	0	2.786	2.670	3.171	3.101	230	2120	1.673	2.295
1676	estuario2_300_07agosto2013_600ml_tot_1	839	177.561	41.626	243	110	243	23.208	25.455	23.504	24.989	148.309	22837	6243	43	48	58.007	18.416	51.243	0.479	59.405	148974	174	0.101	-1.377	0	22868	6243	839	1.066	58	0.053	139	173	217	0	0	1	1	0	0	0	0	0	0	0	3.285	3.308	3.975	3.958	178	941	1.137	2.824
1677	estuario2_300_07agosto2013_600ml_tot_1	1976	168.524	54.156	243	59	244	27.743	31.713	28.351	33.873	264.978	17935	6254	58	83	69.488	36.207	94.712	0.354	84.012	333004	177	-0.303	-1.214	0.101	17959	6254	1974	1.127	174	0.097	118	176	217	0	0	1	1	0	0	0	0	0	0	0	3.217	3.541	3.602	3.896	278	2925	6.745	2.759
1678	estuario2_300_07agosto2013_600ml_tot_1	3350	157.823	51.385	96	89	243	50.396	22.721	54.099	22.099	378.191	21869	6262	126	44	106.258	40.142	174.888	0.294	127.424	528707	155	0.215	-1.427	0	21893	6262	3350	1.152	216	0.206	105	154	204	0	0	1	1	0	0	0	0	0	0	0	3.574	3.626	3.728	3.765	335	4049	12.948	2.056
1679	estuario2_300_07agosto2013_600ml_tot_1	1982	146.963	54.196	88	85	243	75.937	46.112	75.284	46.315	357.103	24140	6267	143	81	150.830	16.731	28.713	0.195	157.080	291280	129	0.481	-1.295	0	24273	6267	1982	1.162	137	0.153	95	128	199	0	0	6	1	0	0	0	0	0	0	0	9.622	9.332	11.576	11.200	444	3293	3.218	1.315
1680	estuario2_300_07agosto2013_600ml_tot_1	2309	171.429	45.041	240	93	245	45.477	58.568	44.471	57.450	331.487	15621	6269	101	108	133.079	22.092	130.065	0.264	141.598	395829	167	0.159	-1.364	0.130	15627	6269	2306	1.161	162	0.129	129	165	215	0	0	3	2	0	0	0	0	0	0	0	6.546	6.343	8.211	8.037	414	3182	5.916	1.676
1681	estuario2_300_07agosto2013_600ml_tot_1	3640	151.483	56.039	83	75	251	32.637	74.898	31.229	70.759	387.002	17720	6273	60	125	104.745	44.247	102.415	0.305	126.151	551397	147	0.220	-1.400	0.137	17748	6273	3635	1.155	227	0.192	94	146	202	0	0	1	2	0	0	0	0	0	0	0	3.472	3.521	3.736	3.794	365	4707	10.023	2.255
1682	estuario2_300_07agosto2013_600ml_tot_1	1192	203.277	22.656	181	156	243	29.282	18.731	29.256	18.728	181.238	19515	6275	50	47	47.756	31.780	145.021	0.456	60.877	242306	201	0.057	-1.071	0	19549	6275	1192	1.086	83	0.098	184	200	221	0	0	4	2	0	0	0	0	0	0	0	2.553	2.300	2.920	2.591	190	1584	1.233	1.806
1683	estuario2_300_07agosto2013_600ml_tot_1	2625	154.062	60.696	82	75	243	28.748	42.758	31.291	42.290	334.274	19667	6276	62	74	68.223	48.990	73.764	0.295	86.215	404412	147	0.162	-1.621	0	19717	6276	2625	1.166	220	0.186	91	146	219	0	0	1	1	0	0	0	0	0	0	0	2.217	2.270	2.178	2.236	268	3376	14.106	5.205
1684	estuario2_300_07agosto2013_600ml_tot_1	2410	158.446	54.899	95	85	243	21.652	61.116	22.849	58.171	317.161	18973	6281	46	101	82.184	37.337	80.971	0.301	102.961	381854.000	148	0.211	-1.545	0	19007	6281	2410	1.149	204	0.154	103	147	214	0	0	1	1	0	0	0	0	0	0	0	3.409	3.498	3.332	3.380	290	3116	11.955	2.148
1685	estuario2_300_07agosto2013_600ml_tot_1	1248	120.560	66.933	58	52	243	20.824	20.317	21.085	20.009	139.782	18199	6300	43	40	42.754	37.166	29.531	0.803	45.453	150459	87	0.690	-1.133	0	18223	6300	1248	1.029	53	0.100	62	86	184	0	0	1	1	0	0	0	0	0	0	0	1.817	1.864	1.744	1.795	162	1303	1.965	1.779
1686	estuario2_300_07agosto2013_600ml_tot_1	3440	170.959	56.286	242	86	244	58.989	79.426	59.731	79.638	596.122	19066	6309	99	145	84.467	51.854	44.301	0.122	146.513	588098	180	-0.077	-1.710	0.029	19123	6309	3439	1.216	279	0.246	109	179	227	0	0	2	1	0	0	0	0	0	0	0	5.783	5.765	5.309	5.352	484	8112	27.697	3.714
1687	estuario2_300_07agosto2013_600ml_tot_1	15610	152.867	62.091	243	56	250	129.831	136.512	120.458	146.087	1641.849	21984	6312	251	260	226.754	87.651	39.736	0.073	322.039	2386247	149	-5.117E-4	-1.413	0.314	22196	6312	15561	1.276	1135	0.748	100	148	214	0	0	5	7	0	0	0	0	0	0	0	5.399	5.310	4.008	4.134	1018	35413	147.057	5.427
1688	estuario2_300_07agosto2013_600ml_tot_1	1571	167.034	53.522	243	59	243	39.180	17.912	37.625	17.439	218.208	16582	6315	64	43	56.281	35.541	160.108	0.415	64.777	262411	173	-0.260	-1.173	0	16602	6315	1571	1.115	113	0.076	123	172	214	0	0	1	1	0	0	0	0	0	0	0	2.313	2.494	2.551	2.714	209	1960	4.649	2.031
1689	estuario2_300_07agosto2013_600ml_tot_1	1863	210.199	22.137	226	153	243	28.834	27.205	29.564	26.839	287.848	17059	6320	77	67	66.479	35.681	33.118	0.283	81.394	391601	214	-0.447	-0.815	0	17083	6320	1863	1.158	169	0.161	193	213	227	0	0	6	2	0	0	0	0	0	0	0	3.690	3.356	4.412	4.127	283	3119	9.042	2.051
1690	estuario2_300_07agosto2013_600ml_tot_1	683	203.766	40.478	243	93	243	33.238	7.255	35.412	7.094	197.681	16166	6326	84	19	75.779	11.476	4.866	0.220	84.481	139172	215	-1.367	0.719	0	16175	6326	683	1.117	82	0.066	200	214	232	0	0	1	1	0	0	0	0	0	0	0	7.209	7.398	8.083	8.311	202	984	2.671	3.288
1691	estuario2_300_07agosto2013_600ml_tot_1	632	140.421	66.348	66	63	243	14.277	15.745	14.248	15.489	101.983	21749	6343	32	29	34.064	23.623	144.945	0.764	36.620	88746	122	0.305	-1.545	0	21756	6343	632	0.997	24	0.048	75	120	210	0	0	1	1	0	0	0	0	0	0	0	1.909	1.828	2.066	1.961	118	671	0.420	2.710
1692	estuario2_300_07agosto2013_600ml_tot_1	5766	161.879	46.056	139	72	244	59.593	149.142	58.896	145.285	744.749	20783	6361	87	301	224.948	32.636	101.382	0.131	309.260	933392	143	0.437	-1.099	0.017	20792	6361	5765	1.189	313	0.362	127	142	205	0	0	4	5	0	0	0	0	0	0	0	11.749	11.375	15.232	14.902	772	11739	47.278	1.310
1693	estuario2_300_07agosto2013_600ml_tot_1	7546	181.237	46.893	243	77	255	122.060	88.902	120.792	90.241	714.850	23134	6369	244	131	202.931	47.345	24.403	0.186	269.676	1367618	180	-0.080	-1.130	9.886	23371	6369	6800	1.242	462	0.343	140	171	209	0	0	6	5	0	0	0	0	0	0	0	6.808	6.777	9.734	9.672	746	13706	74.653	2.747
1694	estuario2_300_07agosto2013_600ml_tot_1	2415	173.769	46.855	123	106	245	39.854	43.979	39.440	42.883	412.375	24084	6371	92	95	78.580	39.130	72.359	0.178	104.690	419653	167	0.144	-1.586	0.041	24087	6371	2414	1.167	198	0.160	126	166	223	0	0	1	1	0	0	0	0	0	0	0	4.818	4.943	4.078	4.166	369	5015	5.712	2.370
1695	estuario2_300_07agosto2013_600ml_tot_1	2532	176.461	42.679	146	93	248	46.733	25.133	48.110	24.649	304.836	21668	6393	101	43	94.525	34.106	172.358	0.342	101.400	446800	166	0.188	-1.299	0.987	21710	6393	2507	1.156	214	0.161	141	164	219	0	0	3	1	0	0	0	0	0	0	0	3.142	3.228	3.550	3.602	284	3070	11.834	2.592
1696	estuario2_300_07agosto2013_600ml_tot_1	2051	106.814	69.338	55	50	243	23.940	27.560	24.066	27.943	196.752	20898	6400	47	58	62.365	41.873	116.452	0.666	70	219076	63	0.956	-0.776	0	20905	6400	2051	1.057	59	0.296	54	62	166	0	0	1	1	0	0	0	0	0	0	0	1.760	1.791	1.761	1.792	206	2159	2.705	1.474
1697	estuario2_300_07agosto2013_600ml_tot_1	1214	177.910	48.248	241	72	243	22.077	19.928	22.492	20.046	162.752	21613	6412	48	39	43.084	35.877	144.419	0.576	51.624	215983	189	-0.371	-1.143	0	21625	6412	1214	1.061	67	0.067	136	188	220	0	0	1	1	0	0	0	0	0	0	0	2.082	2.077	1.888	1.940	170	1382	2.663	1.981
1698	estuario2_300_07agosto2013_600ml_tot_1	2708	156.288	57.880	84	78	243	21.294	50.581	22.757	48.319	342.233	17742	6426	55	90	81.517	42.297	96.806	0.291	91.082	423228	155	0.113	-1.555	0	17751	6426	2708	1.161	148	0.166	94	154	214	0	0	1	1	0	0	0	0	0	0	0	2.621	2.683	2.714	2.821	286	3643	8.621	2.528
1699	estuario2_300_07agosto2013_600ml_tot_1	3552	153.821	55.066	89	83	247	38.169	42.835	39.930	46.911	371.789	21095	6458	81	106	104.625	43.226	127.027	0.323	125.100	546371	146	0.261	-1.465	0.113	21113	6458	3548	1.162	195	0.231	97	145	208	0	0	1	1	0	0	0	0	0	0	0	3.278	3.376	3.448	3.508	370	4639	18.948	3.218
1700	estuario2_300_07agosto2013_600ml_tot_1	1899	123.691	62.085	67	63	244	35.591	19.317	34.846	19.160	198.894	21656	6461	67	43	72.140	33.517	163.152	0.603	71.694	234889	90	0.812	-0.935	0.053	21662	6461	1898	1.075	69	0.162	72	89	175	0	0	2	1	0	0	0	0	0	0	0	2.152	2.220	2.334	2.390	216	2128	5.205	2
1701	estuario2_300_07agosto2013_600ml_tot_1	1657	186.712	38.004	241	105	243	23.737	33.808	24.251	34.848	262.635	21168	6466	52	93	76.820	27.464	113.372	0.302	100.722	309382	188	-0.133	-1.260	0	21185	6466	1657	1.119	123	0.105	149	187	221	0	0	1	1	0	0	0	0	0	0	0	4.473	4.688	3.215	3.368	286	2273	3.300	2.301
1702	estuario2_300_07agosto2013_600ml_tot_1	2279	214.370	20.521	243	124	245	94.991	89.154	94.952	89.211	559.294	18188	6499	164	185	177.266	16.369	128.543	0.092	246.564	488549	216	-0.667	0.285	0.044	18188	6499	2278	1.200	224	0.213	199	215	231	0	0	8	5	0	0	0	0	0	0	0	18.503	18.499	23.768	23.825	694	5621	16.997	1.628
1703	estuario2_300_07agosto2013_600ml_tot_1	1062	132.020	68.439	62	60	243	21.024	25.351	21.016	25.220	157.238	22365	6501	42	45	43.338	31.201	45.320	0.540	49.244	140205	104	0.464	-1.445	0	22388	6501	1062	1.061	68	0.098	67	103	204	0	0	1	1	0	0	0	0	0	0	0	2.274	2.354	1.866	1.977	170	1233	1.992	2.778
1704	estuario2_300_07agosto2013_600ml_tot_1	1646	164.363	60.317	243	61	243	22.423	23.976	22.567	23.909	161.480	20699	6513	46	48	48.398	43.303	132.124	0.793	50.922	270541	176	-0.316	-1.333	0	20711	6513	1646	1.044	78	0.083	107	175	220	0	0	1	1	0	0	0	0	0	0	0	1.763	1.802	1.785	1.826	184	1706	3.829	2.048
1705	estuario2_300_07agosto2013_600ml_tot_1	1716	159.041	55.354	83	53	244	25.230	26.287	25.865	26.338	212.693	15404	6515	55	51	60.081	36.366	147.973	0.477	72.863	272915	160	-0.062	-1.322	0.058	15405	6515	1715	1.103	110	0.079	107	159	208	0	0	1	1	0	0	0	0	0	0	0	2.114	2.160	2.151	2.197	208	1971	4.458	2.312
1706	estuario2_300_07agosto2013_600ml_tot_1	1433	169.429	48.509	239	75	243	28.074	22.365	28.333	22.146	192.995	22414	6516	58	41	58.500	31.189	23.751	0.483	62.650	242792	174	-0.246	-1.094	0	22441	6516	1433	1.096	93	0.071	131	173	209	0	0	1	2	0	0	0	0	0	0	0	2.316	2.385	2.332	2.412	194	1687	1.363	2.333
1707	estuario2_300_07agosto2013_600ml_tot_1	1421	159.241	49.446	241	87	243	32.427	27.972	32.979	27.452	191.321	18649	6520	67	57	83.841	21.580	40.079	0.488	78.409	226282	143	0.373	-1.315	0	18699	6520	1421	1.097	69	0.080	116	142	207	0	0	2	1	0	0	0	0	0	0	0	3.722	3.749	4.427	4.450	244	1609	1.657	2.277
1708	estuario2_300_07agosto2013_600ml_tot_1	2369	167.994	47.230	122	97	247	54.306	29.552	53.872	28.800	281.907	21861	6527	96	48	83.417	36.159	10.498	0.375	96.519	397978	150	0.309	-1.500	0.718	21910	6527	2352	1.144	194	0.153	124	148	215	0	0	2	1	0	0	0	0	0	0	0	3.166	3.248	3.703	3.764	284	3069	7.614	1.995
1709	estuario2_300_07agosto2013_600ml_tot_1	3673	161.158	52.801	100	94	254	58.533	25.563	62.051	26.837	433.630	23349	6533	137	54	104.500	44.752	179.267	0.245	137.058	591934	152	0.273	-1.486	2.233	23403	6533	3591	1.201	294	0.259	107	148	208	0	0	1	1	0	0	0	0	0	0	0	3.888	3.952	3.753	3.822	377	5031	22.119	2.201
1710	estuario2_300_07agosto2013_600ml_tot_1	3215	176.520	48.533	243	95	243	74.721	47.152	73.658	47.123	570.909	20313	6560	122	96	79.535	51.467	33.201	0.124	124.326	567512	173	0.033	-1.586	0	20314	6560	3215	1.208	298	0.219	128	172	228	0	0	2	1	0	0	0	0	0	0	0	4.838	4.869	4.328	4.338	432	7547	53.748	2.363
1711	estuario2_300_07agosto2013_600ml_tot_1	1503	170.850	50.963	243	73	243	27.384	24.815	28.686	26.126	220.108	21775	6568	54	59	58.452	32.739	140.096	0.390	68.015	256787	175	-0.202	-1.270	0	21804	6568	1503	1.120	117	0.083	123	174	219	0	0	1	1	0	0	0	0	0	0	0	2.623	2.774	2.785	2.943	222	1860	5.014	1.703
1712	estuario2_300_07agosto2013_600ml_tot_1	3638	147.459	57.139	78	72	243	23.855	76.600	24.468	72.070	365.647	17434	6589	47	127	108.568	42.665	92.609	0.342	127.252	536456	144	0.237	-1.378	0	17455	6589	3638	1.135	193	0.216	88	143	198	0	0	1	2	0	0	0	0	0	0	0	3.375	3.421	3.446	3.456	343	4436	10.791	1.885
1713	estuario2_300_07agosto2013_600ml_tot_1	3205	151.551	58.228	79	75	244	46.344	29.460	49.768	29.841	356.718	15016	6592	109	62	99.124	41.168	155.739	0.317	121.202	485722	148	0.174	-1.509	0.031	15036	6592	3204	1.142	223	0.196	92	147	206	0	0	1	1	0	0	0	0	0	0	0	3.264	3.320	3.380	3.395	338	4355	18.601	2.924
1714	estuario2_300_07agosto2013_600ml_tot_1	2224	136.567	66.207	65	60	243	46.136	47.986	46.131	47.989	288.073	19888	6600	89	98	134.848	20.999	131.080	0.337	123.693	303725	114	0.402	-1.459	0	19897	6600	2224	1.139	92	0.153	72	112	207	0	0	3	1	0	0	0	0	0	0	0	5.491	5.495	6.804	6.793	370	2464	8.814	1.181
1715	estuario2_300_07agosto2013_600ml_tot_1	1332	135.532	64.697	75	60	243	38.012	23.730	37.510	23.373	196.350	20226	6631	75	48	86.903	19.515	150.525	0.434	81.541	180529.000	107	0.499	-1.388	0	20240	6631	1332	1.098	68	0.091	77	106	203	0	0	2	1	0	0	0	0	0	0	0	4.074	4.104	4.745	4.777	241	1468	2.304	1.841
1716	estuario2_300_07agosto2013_600ml_tot_1	3179	157.716	58.315	243	50	244	38.198	47.546	40.294	49.412	389.286	18121	6636	91	98	81.749	49.513	112.492	0.264	108.301	501380.000	161	-0.089	-1.344	0.063	18175	6636	3177	1.169	262	0.136	100	160	212	0	0	1	2	0	0	0	0	0	0	0	3.423	3.501	3.979	4.065	373	5222	16.602	1.787
1717	estuario2_300_07agosto2013_600ml_tot_1	1475	190.296	41.072	239	96	243	22.196	51.206	21.921	50.348	249.907	17536	6644	46	87	73.984	25.384	107.674	0.297	90.521	280686	197	-0.514	-0.867	0	17537	6644	1475	1.132	119	0.094	159	196	227	0	0	2	1	0	0	0	0	0	0	0	4.276	4.312	4.760	4.747	262	2180	3.932	2.917
1718	estuario2_300_07agosto2013_600ml_tot_1	735	215.733	22.692	243	149	243	42.363	22.043	42.930	22.443	253.019	19399	6644	84	56	69.421	13.481	145.054	0.144	97.247	158564	221	-0.875	0.022	0	19436	6644	735	1.136	108	0.074	201	220	234	0	0	1	1	0	0	0	0	0	0	0	9.324	9.310	11.232	11.304	274	1463	5.155	3.235
1719	estuario2_300_07agosto2013_600ml_tot_1	2360	150.295	61.606	75	70	243	53.791	59.325	53.832	59.371	339.085	19219	6669	107	118	168.267	17.858	48.719	0.258	153.154	354697	142	0.179	-1.544	0	19315	6669	2360	1.159	123	0.142	87	140	213	0	0	1	1	0	0	0	0	0	0	0	7.588	7.586	9.557	9.591	446	2700	10.902	1.500
1720	estuario2_300_07agosto2013_600ml_tot_1	2636	138.357	66.262	243	48	246	37.772	44.904	38.481	44.458	350.032	14889	6680	87	81	62.259	53.908	25.851	0.270	91.924	364710	116	0.340	-1.417	0.038	14916	6680	2635	1.151	202	0.134	79	114	208	0	0	1	1	0	0	0	0	0	0	0	3.425	3.182	4.018	3.952	332	4157	27.551	3.333
1721	estuario2_300_07agosto2013_600ml_tot_1	1659	165.939	48.137	112	100	243	20.574	35.144	21.607	34.563	208.693	23382	6712	42	64	63.329	33.355	76.951	0.479	66.129	275293	158	0.225	-1.468	0	23404	6712	1659	1.101	95	0.104	117	157	214	0	0	2	1	0	0	0	0	0	0	0	2.219	2.320	2.318	2.423	208	1941	1.772	1.794
1722	estuario2_300_07agosto2013_600ml_tot_1	8852	140.629	61.067	73	43	245	119.221	66.566	116.031	64.037	796.029	16223	6720	215	130	158.049	71.311	28.542	0.176	217.706	1244852.000	130	0.330	-1.343	0.011	16411	6720	8851	1.173	594	0.470	81	129	199	0	0	1	2	0	0	0	0	0	0	0	4.458	4.561	5.261	5.386	686	16031	83.009	2.847
1723	estuario2_300_07agosto2013_600ml_tot_1	3154	169.285	39.566	145	83	243	43.239	88.202	43.378	88.540	433.487	22070	6726	85	175	208.104	19.297	112.997	0.211	188.112	533926	152	0.517	-0.987	0	22079	6726	3154	1.165	182	0.241	139	151	204	0	0	8	1	0	0	0	0	0	0	0	8.483	8.514	10.846	10.886	516	3588	6.168	1.372
1724	estuario2_300_07agosto2013_600ml_tot_1	4711	178.524	59.526	243	74	245	76.614	53.405	77.416	53.957	830.472	14876	6741	165	118	87.666	68.422	117.012	0.086	167.194	841027	204	-0.490	-1.414	0.042	14960	6741	4709	1.226	427	0.358	113	203	232	0	0	3	2	0	0	0	0	0	0	0	5.499	5.710	3.431	3.485	561	13224	99.671	4.253
1725	estuario2_300_07agosto2013_600ml_tot_1	3150	148.921	45.641	118	87	244	68.420	19.321	67.352	19.364	320.492	21454	6750	133	37	130.852	30.651	177.768	0.385	133.375	469101.000	128	0.942	-0.586	0.032	21516	6750	3149	1.113	138	0.241	114	127	179	0	0	4	1	0	0	0	0	0	0	0	4.168	4.074	4.842	4.728	336	3703	12.431	2.153
1726	estuario2_300_07agosto2013_600ml_tot_1	7379	157.685	61.918	243	65	245	107.032	83.014	105.845	80.814	1151.751	15370	6764	166	182	106.222	88.449	84.846	0.070	187.481	1163555	150	0.071	-1.635	0.014	15516	6764	7378	1.277	678	0.421	95	149	224	0	0	6	2	0	0	0	0	0	0	0	5.133	5.263	5.548	5.514	691	17813	155.421	2.211
1727	estuario2_300_07agosto2013_600ml_tot_1	721	213.914	18.871	224	179	254	17.553	14.433	17.490	14.223	115.640	18738	6776	33	29	33.054	27.773	163.342	0.678	37.443	154232	215	-0.007	-1.154	2.358	18762	6776	704	1.090	109	0.101	196	213	225	0	0	1	1	0	0	0	0	0	0	0	1.599	1.653	1.596	1.676	120	785	1.131	3.724
1728	estuario2_300_07agosto2013_600ml_tot_1	1031	187.609	33.380	242	115	243	20.250	15.312	20.552	15.065	136.610	22350	6798	43	35	41.426	31.688	28.153	0.694	46.011	193425	189	-0.190	-0.874	0	22365	6798	1031	1.037	49	0.066	162	188	212	0	0	1	1	0	0	0	0	0	0	0	1.816	2.006	1.808	1.988	152	1107	0.225	1.989
1729	estuario2_300_07agosto2013_600ml_tot_1	1687	169.611	54.843	243	57	243	27.039	20.664	28.879	20.122	225.907	16002	6800	66	48	59.853	35.887	19.130	0.415	71.218	286133	177	-0.351	-1.141	0	16043	6800	1687	1.117	135	0.087	124	176	219	0	0	1	1	0	0	0	0	0	0	0	2.450	2.623	2.640	2.841	224	2001	5.671	2.176
1730	estuario2_300_07agosto2013_600ml_tot_1	3582	167.818	47.189	115	70	243	53.897	61.448	55.009	61.142	442.701	18257	6829	106	149	148.645	30.682	56.021	0.230	168.630	601125	166	0.059	-1.342	0	18333	6829	3582	1.164	174	0.198	120	165	210	0	0	6	2	0	0	0	0	0	0	0	6.186	6.204	7.923	7.908	506	6048	8.199	3.129
1731	estuario2_300_07agosto2013_600ml_tot_1	1073	228.391	10.478	229	183	244	26.752	19.323	26.726	19.293	222.250	22974	6833	56	38	48.634	28.091	170.227	0.273	58.822	245064	230	-0.917	1.029	0.186	22992	6833	1071	1.140	141	0.149	221	229	236	0	0	3	2	0	0	0	0	0	0	0	2.594	2.712	2.792	2.869	184	1484	12.540	3.125
1732	estuario2_300_07agosto2013_600ml_tot_1	2313	193.447	50.442	243	88	244	41.562	67.661	42.956	63.693	499.654	20259	6847	75	140	124.638	23.629	63.243	0.116	156.525	447444	219	-0.748	-1.008	0.086	20326	6847	2311	1.229	286	0.205	146	217	234	0	0	1	1	0	0	0	0	0	0	0	7.403	7.100	9.686	9.489	426	4678	61.320	2.488
1733	estuario2_300_07agosto2013_600ml_tot_1	1509	166.326	52.137	243	69	244	20.061	25.573	19.888	26.685	206.007	21660	6847	49	52	47.531	40.423	82.061	0.447	55.009	250986.000	169	-0.076	-1.333	0.066	21674	6847	1508	1.097	153	0.078	117	168	216	0	0	1	1	0	0	0	0	0	0	0	2.173	2.238	1.764	1.797	198	1740	5.395	2.257
1734	estuario2_300_07agosto2013_600ml_tot_1	7118	174.897	49.472	243	79	246	60.338	71.406	62.673	72.760	1039.342	21758	6863	126	217	118.401	76.544	104.561	0.083	219.347	1244915	185	-0.277	-1.321	0.028	21828	6863	7116	1.254	513	0.360	125	184	219	0	0	4	5	0	0	0	0	0	0	0	5.594	5.676	6.816	6.937	682	18154	93.145	4.706
1735	estuario2_300_07agosto2013_600ml_tot_1	1719	169.438	52.957	243	57	243	33.178	31.922	32.052	30.620	248.434	16223	6891	60	62	60.530	36.159	136.399	0.350	73.110	291264	174	-0.277	-1.148	0	16223	6891	1719	1.133	134	0.084	124	173	218	0	0	1	1	0	0	0	0	0	0	0	2.739	2.929	2.828	3.010	240	2139	7.472	4.340
1736	estuario2_300_07agosto2013_600ml_tot_1	3713	174.155	65.679	243	51	243	104.746	115.990	91.762	132.610	781.426	17555	6929	208	260	240.446	19.662	51.567	0.076	321.409	646636	198	-0.678	-1.049	0	17728	6929	3713	1.191	322	0.255	122	197	231	0	0	1	2	0	0	0	0	0	0	0	20.740	20.943	17.044	17.377	932	12765	59.131	4.361
1737	estuario2_300_07agosto2013_600ml_tot_1	991	208.827	24.734	242	125	243	26.955	18.431	27.208	18.502	153.439	19669	6929	50	34	45.595	27.674	169.704	0.529	51.662	206948	213	-0.616	-0.274	0	19684	6929	991	1.062	76	0.084	190	212	228	0	0	4	3	0	0	0	0	0	0	0	2.336	2.379	2.320	2.432	164	1188	1.802	1.529
1738	estuario2_300_07agosto2013_600ml_tot_1	2685	159.625	58.570	92	85	243	25.070	40.019	26.794	39.114	453.161	19837	6939	119	94	79.215	43.156	56.552	0.164	137.906	428594	151	0.129	-1.658	0	19844	6939	2685	1.145	227	0.192	98	150	222	0	0	1	1	0	0	0	0	0	0	0	5.534	5.539	3.278	3.316	422	6433	13.733	2.988
1739	estuario2_300_07agosto2013_600ml_tot_1	2901	166.148	46.552	121	105	243	55.944	83.762	56.219	84.174	454.482	21350	6941	122	161	191.005	19.338	124.639	0.176	196.604	481994	152	0.374	-1.432	0	21356	6941	2901	1.182	174	0.202	122	151	214	0	0	9	1	0	0	0	0	0	0	0	9.824	9.643	12.716	12.493	562	4389	10.493	1.472
1740	estuario2_300_07agosto2013_600ml_tot_1	1747	166.812	51.908	112	101	243	27.336	40.573	27.913	41.324	307.203	22550	6944	72	82	69.695	31.915	124.163	0.233	83.762	291421	155	0.205	-1.629	0	22555	6944	1747	1.146	133	0.138	113	154	222	0	0	2	1	0	0	0	0	0	0	0	4.491	4.658	4.102	4.193	303	3306	4.958	1.905
1741	estuario2_300_07agosto2013_600ml_tot_1	5647	153.602	58.365	242	54	249	87.975	60.178	85.436	58.132	570.482	16572	6962	138	100	112.577	63.867	7.940	0.218	144.312	867392	151	0.085	-1.439	0.390	16694	6962	5625	1.192	444	0.266	93	150	208	0	0	2	2	0	0	0	0	0	0	0	3.311	3.343	2.865	2.937	471	8842	43.136	2.450
1742	estuario2_300_07agosto2013_600ml_tot_1	1536	173.617	50.060	240	71	243	41.704	24.981	40.001	26.044	230.978	21871	6977	69	48	59.365	32.944	23.853	0.362	73.164	266676	184	-0.309	-1.222	0	21912	6977	1536	1.126	139	0.080	127	183	218	0	0	1	1	0	0	0	0	0	0	0	2.811	3.066	3.061	3.300	230	2064	2.089	2.321
1743	estuario2_300_07agosto2013_600ml_tot_1	3671	214.554	24.609	241	132	252	184.277	146.415	186.447	145.098	1161.543	18519	6978	319	219	91.788	50.922	162.241	0.034	326.806	787629	221	-1.011	0.432	0.817	18716	6978	3641	1.229	564	0.345	199	219	234	0	0	5	8	0	0	0	0	0	0	0	28.378	28.298	34.046	34.036	1072	33317	58.148	3.504
1744	estuario2_300_07agosto2013_600ml_tot_1	1887	156.892	62.667	243	67	248	66.140	46.450	66.120	46.431	341.546	15190	6998	112	76	99.531	24.139	32.037	0.203	126.657	296055	154	0.024	-1.598	0.159	15291	6998	1884	1.163	174	0.112	91	153	221	0	0	3	1	0	0	0	0	0	0	0	6.647	6.146	8.274	7.809	372	3723	16.265	2.489
1745	estuario2_300_07agosto2013_600ml_tot_1	1750	182.444	34.156	174	110	243	23.653	26.105	23.791	26.810	185.137	20618	7003	48	55	55.759	39.961	62.424	0.642	60.208	319277	181	-0.005	-0.901	0	20632	7003	1750	1.072	86	0.106	157	180	208	0	0	3	1	0	0	0	0	0	0	0	1.930	2.024	1.969	2.100	202	1949	1.074	1.531
1746	estuario2_300_07agosto2013_600ml_tot_1	2421	144.247	58.756	91	66	243	12.260	61.119	12.273	62.044	304.836	19024	7048	24	125	133.033	23.171	89.173	0.327	125.100	349222	119	0.463	-1.375	0	19035	7048	2421	1.132	127	0.151	92	118	203	0	0	2	1	0	0	0	0	0	0	0	4.639	4.684	5.592	5.643	294	2672	6.957	1.571
1747	estuario2_300_07agosto2013_600ml_tot_1	3218	153.296	60.133	75	71	248	32.160	52.462	31.718	48.738	324.475	15128	7056	56	91	86.483	47.377	71.936	0.384	96.933	493305	149	0.117	-1.530	0.031	15175	7056	3217	1.118	174	0.177	92	148	215	0	0	1	1	0	0	0	0	0	0	0	2.299	2.447	2.329	2.435	290	4186	23.536	1.742
1748	estuario2_300_07agosto2013_600ml_tot_1	87822	236.130	5.843	242	181	255	127.090	498.108	126.673	496.719	8101.589	24107	7088	259	895	794.311	140.774	99.580	0.017	906.830	20737367	237	-0.685	0.813	5.346	24205	7088	83127	1.482	16978	16.329	231	235	239	0	0	13	39	0	0	0	0	0	0	0	6.769	6.752	8.883	8.722	2304	129609	118.551	2.388
1749	estuario2_300_07agosto2013_600ml_tot_1	924	211.957	19.956	219	152	243	17.985	20.094	17.835	20.341	138.267	18046	7102	36	42	44.346	26.529	53.671	0.607	49.092	195848	213	-0.710	0.363	0	18063	7102	924	1.048	49	0.090	200	212	226	0	0	2	1	0	0	0	0	0	0	0	2.105	2.194	2.254	2.313	152	1046	0.860	1.875
1750	estuario2_300_07agosto2013_600ml_tot_1	2653	166.942	53.575	239	65	244	24.875	35.181	24.280	38.225	362.860	21814	7126	59	95	82.647	40.871	67.851	0.253	100.319	442898	170	-0.189	-1.262	0.038	21844	7126	2652	1.174	221	0.127	121	169	217	0	0	1	1	0	0	0	0	0	0	0	2.832	3.107	2.916	3.219	304	3894	10.301	2.434
1751	estuario2_300_07agosto2013_600ml_tot_1	3866	144.846	54.558	93	75	244	25.016	63.486	24.434	62.030	324.090	15168	7132	50	117	115.572	42.591	82.629	0.463	118.697	559974	130	0.480	-1.228	0.052	15201	7132	3864	1.110	166	0.223	93	129	193	0	0	2	2	0	0	0	0	0	0	0	2.835	2.887	2.850	2.903	330	4356	8.816	1.855
1752	estuario2_300_07agosto2013_600ml_tot_1	1573	171.312	44.171	122	107	243	14.410	54.052	14.341	53.702	254.409	22699	7142	25	108	116.406	17.205	95.519	0.305	108.462	269474	163	0.255	-1.446	0	22707	7142	1573	1.118	101	0.108	127	162	214	0	0	2	1	0	0	0	0	0	0	0	5.482	5.478	6.791	6.802	262	1804	2.878	1.561
1753	estuario2_300_07agosto2013_600ml_tot_1	1870	103.040	69.653	48	46	243	25.519	22.514	25.681	22.530	176.752	19374	7160	50	47	52.377	45.458	24.688	0.752	55.902	192684	61	0.998	-0.681	0	19393	7160	1870	1.047	48	0.216	51	60	154	0	0	1	1	0	0	0	0	0	0	0	1.672	1.691	1.653	1.690	190	1952	3.366	1.436
1754	estuario2_300_07agosto2013_600ml_tot_1	6813	158.983	54.077	240	77	249	69.517	58.252	68.887	59.217	731.418	22359	7161	162	104	130.886	66.276	173.653	0.160	174.184	1083152	143	0.281	-1.492	0.675	22398	7161	6767	1.233	518	0.379	109	142	216	0	0	4	2	0	0	0	0	0	0	0	3.416	3.446	2.841	2.842	528	11484	57.482	5.656
1755	estuario2_300_07agosto2013_600ml_tot_1	1461	168.771	44.024	124	97	243	20.564	42.768	20.595	42.525	214.652	21942	7174	40	85	95.875	19.402	72.188	0.398	88.255	246574	159	0.304	-1.346	0	21968	7174	1461	1.102	72	0.089	127	158	210	0	0	2	1	0	0	0	0	0	0	0	4.178	4.175	5.004	5.007	246	1589	0.943	1.328
1756	estuario2_300_07agosto2013_600ml_tot_1	3395	156.255	55.768	98	75	243	27.051	100.157	26.865	98.679	507.345	16173	7179	40	197	201.772	21.423	89.320	0.166	198.580	530487	145	0.237	-1.518	0	16178	7179	3395	1.167	234	0.198	100	144	212	0	0	3	1	0	0	0	0	0	0	0	8.344	8.371	10.531	10.520	470	5751	21.540	1.251
1757	estuario2_300_07agosto2013_600ml_tot_1	2299	192.765	41.817	242	116	245	36.781	60.533	36.456	61.118	596.039	20904	7187	97	144	63.354	46.204	37.650	0.081	147.513	443166	202	-0.251	-1.509	0.087	20915	7187	2297	1.207	273	0.191	149	201	234	0	0	2	2	0	0	0	0	0	0	0	8.831	8.827	5.044	5.104	478	8054	42.047	1.875
1758	estuario2_300_07agosto2013_600ml_tot_1	1635	150.290	52.073	85	67	243	25.766	22.265	25.733	22.841	160.510	19890	7217	53	42	51.602	40.342	170.393	0.797	53.339	245724.000	142	0.277	-1.269	0	19911	7217	1635	1.041	38	0.082	102	141	196	0	0	1	1	0	0	0	0	0	0	0	1.866	1.920	1.904	1.967	186	1701	0.411	2.205
1759	estuario2_300_07agosto2013_600ml_tot_1	3658	146.324	59.279	76	69	243	48.502	36.990	52.608	33.594	363.245	14676	7227	116	70	109.406	42.571	27.305	0.348	129.248	535253	136	0.281	-1.454	0	14750	7227	3658	1.140	176	0.207	86	135	204	0	0	1	1	0	0	0	0	0	0	0	3.286	3.373	3.744	3.804	368	4686	8.069	2.022
1760	estuario2_300_07agosto2013_600ml_tot_1	633	137.025	67.068	64	61	243	12.576	15.290	12.544	15.428	98.811	22068	7235	29	30	29.875	26.977	63.292	0.815	32.757	86737	116	0.352	-1.508	0	22077	7235	633	0.990	29	0.050	70	115	206	0	0	1	1	0	0	0	0	0	0	0	1.750	1.826	1.810	1.851	114	660	0.522	1.558
1761	estuario2_300_07agosto2013_600ml_tot_1	1236	117.169	71.653	53	47	244	21.546	22.403	21.503	22.375	145.095	19093	7237	41	45	47.535	33.106	61.077	0.738	48.415	144821	80	0.620	-1.271	0.081	19114	7237	1235	1.045	67	0.109	53	79	190	0	0	1	1	0	0	0	0	0	0	0	2.013	2.038	2.040	2.085	168	1318	0.925	2.459
1762	estuario2_300_07agosto2013_600ml_tot_1	11303	158.216	54.307	243	55	249	162.425	128.852	160.701	128.544	1425.949	16365	7246	335	242	307.067	46.867	148.356	0.070	409.542	1788312	144	0.171	-1.316	0.354	16368	7246	11263	1.287	754	0.576	114	143	212	0	0	20	4	0	0	0	0	0	0	0	10.235	10.275	13.058	13.084	1150	25145	145.114	3.287
1763	estuario2_300_07agosto2013_600ml_tot_1	4236	179.600	51.873	205	84	254	63.737	30.990	67.522	29.292	381.262	18022	7246	125	56	116.744	46.199	7.025	0.366	126.020	760784	197	-0.499	-1.221	3.706	18102	7246	4079	1.197	293	0.240	120	194	218	0	0	1	3	0	0	0	0	0	0	0	2.898	2.936	3.466	3.406	358	5175	15.716	2.157
1764	estuario2_300_07agosto2013_600ml_tot_1	884	131.092	72.653	51	47	243	14.929	22.293	14.824	22.008	126.368	15387	7264	31	43	45.898	24.523	112.383	0.696	45.880	115885	113	0.300	-1.546	0	15393	7264	884	1.028	46	0.067	57	111	206	0	0	1	1	0	0	0	0	0	0	0	2.065	2.131	2.243	2.323	144	944	1.224	1.716
1765	estuario2_300_07agosto2013_600ml_tot_1	1315	179.014	38.055	243	105	243	18.892	31.227	18.795	31.630	187.037	17840	7266	36	70	65.879	25.415	115.096	0.472	74	235404	173	0.199	-1.190	0	17847	7266	1315	1.087	85	0.081	147	172	212	0	0	1	1	0	0	0	0	0	0	0	3.124	3.179	3.377	3.445	208	1518	3.364	1.878
1766	estuario2_300_07agosto2013_600ml_tot_1	1176	148.342	52.423	110	77	243	33.632	22.262	33.378	22.074	173.037	20272	7272	66	46	76.810	19.494	146.923	0.494	72.471	174450	124	0.606	-1.158	0	20279	7272	1176	1.083	54	0.077	105	123	198	0	0	3	1	0	0	0	0	0	0	0	3.765	3.779	4.329	4.348	219	1266	0.717	1.636
1767	estuario2_300_07agosto2013_600ml_tot_1	2043	132.005	65.182	55	51	243	35.150	45.067	34.333	43.826	251.505	18469	7276	67	88	109.373	23.783	123.342	0.406	104.010	269687	108	0.467	-1.327	0	18473	7276	2043	1.117	87	0.109	75	107	198	0	0	2	1	0	0	0	0	0	0	0	4.052	4.131	4.831	4.939	306	2351	4.378	1.580
1768	estuario2_300_07agosto2013_600ml_tot_1	2034	105.898	74.881	42	40	243	33.225	23.943	33.037	23.601	199.037	17589	7283	69	44	67.628	38.294	169.190	0.645	69.871	215396	60	0.786	-1.089	0	17616	7283	2034	1.068	85	0.223	45	59	180	0	0	1	1	0	0	0	0	0	0	0	2.221	2.249	2.244	2.248	222	2211	3.559	2.692
1769	estuario2_300_07agosto2013_600ml_tot_1	3087	172.066	57.060	242	89	247	44.052	53.627	44.584	54.921	573.637	21444	7296	128	129	74.306	52.896	122.798	0.118	157.051	531168	179	-0.074	-1.710	0.518	21454	7296	3071	1.191	334	0.235	110	177	231	0	0	1	1	0	0	0	0	0	0	0	7.231	7.468	4.607	4.776	510	8781	35.573	2.757
1770	estuario2_300_07agosto2013_600ml_tot_1	3566	189.452	34.586	211	91	244	54.970	36.516	54.686	36.323	366.617	22818	7309	98	86	76.746	59.161	161.085	0.333	113.358	675585	194	-0.463	-0.576	0.028	22820	7309	3565	1.130	176	0.210	164	192	217	0	0	5	3	0	0	0	0	0	0	0	3.182	3.170	2.410	2.414	364	4994	12.430	3.143
1771	estuario2_300_07agosto2013_600ml_tot_1	1049	225.171	16.113	240	146	248	25.025	22.059	24.794	22.037	166.409	17782	7315	49	38	42.503	31.425	22.303	0.476	49.041	236204	229	-1.743	4.026	1.621	17812	7315	1032	1.132	146	0.132	218	228	235	0	0	2	5	0	0	0	0	0	0	0	2.233	2.453	2.375	2.621	170	1260	5.405	2.011
1772	estuario2_300_07agosto2013_600ml_tot_1	1380	176.442	48.294	242	72	243	27.178	29.704	28.394	28.804	225.765	22157	7316	59	54	55.029	31.930	38.703	0.340	66.603	243490	185	-0.384	-1.095	0	22212	7316	1380	1.124	133	0.073	135	184	218	0	0	1	1	0	0	0	0	0	0	0	2.836	3.056	2.930	3.194	222	1915	2.673	3.500
1773	estuario2_300_07agosto2013_600ml_tot_1	1183	140.454	58.978	243	60	243	20.576	21.630	20.869	21.401	142.368	15877	7317	39	43	44.447	33.889	50.267	0.733	49.406	166157	123	0.456	-1.231	0	15906	7317	1183	1.035	40	0.062	90	122	196	0	0	1	1	0	0	0	0	0	0	0	1.842	1.867	2	2.029	160	1258	1.844	1.988
1774	estuario2_300_07agosto2013_600ml_tot_1	1546	169.615	49.468	241	71	243	20.750	28.019	20.718	26.595	182.409	22983	7319	42	52	53.072	37.090	93.754	0.584	60.465	262225	172	-0.175	-1.221	0	22991	7319	1546	1.067	72	0.075	125	171	213	0	0	1	1	0	0	0	0	0	0	0	1.820	1.917	1.908	2.073	184	1783	1.616	2.672
1775	estuario2_300_07agosto2013_600ml_tot_1	5290	146.257	61.210	243	53	245	72.901	41.831	73.116	39.758	566.098	15375	7328	146	98	117.074	57.531	174.534	0.207	151.119	773698	143	0.154	-1.431	0.057	15444	7328	5287	1.180	307	0.240	85	142	203	0	0	2	3	0	0	0	0	0	0	0	3.599	3.623	4.281	4.469	484	9889	33.610	2.800
1776	estuario2_300_07agosto2013_600ml_tot_1	10082	164.598	62.681	252	72	255	101.958	81.271	100.234	77.736	965.710	15899	7340	193	158	130.319	98.503	6.113	0.136	224.891	1659475.000	157	0.085	-1.616	11.476	15993	7340	8925	1.270	682	0.494	99	137	214	0	0	5	2	0	0	0	0	0	0	0	3.833	3.886	5.686	5.634	698	22864	107.186	4.252
1777	estuario2_300_07agosto2013_600ml_tot_1	820	175.205	47.326	241	94	243	14.851	20.060	15.209	20.753	123.296	20398	7348	29	43	40.138	26.012	101.231	0.678	43.463	143668	176	-0.110	-1.347	0	20419	7348	820	1.023	36	0.049	132	175	220	0	0	1	1	0	0	0	0	0	0	0	2.132	2.232	1.950	2.005	140	890	0.893	1.521
1778	estuario2_300_07agosto2013_600ml_tot_1	1394	169.745	54.001	243	62	243	39.488	18.689	37.944	18.133	234.936	17822	7362	64	44	55.099	32.213	156.020	0.317	64.382	236625	175	-0.278	-1.219	0	17830	7362	1394	1.131	118	0.074	125	174	220	0	0	1	2	0	0	0	0	0	0	0	2.683	2.869	2.452	2.637	212	1935	3.956	2.154
1779	estuario2_300_07agosto2013_600ml_tot_1	1398	167.253	50.605	242	70	244	22.531	25.186	23.320	25.899	164.309	20924	7363	44	52	51.211	34.758	137.412	0.651	56.859	233820	169	-0.097	-1.303	0.072	20938	7363	1397	1.064	85	0.069	122	168	212	0	0	1	1	0	0	0	0	0	0	0	2.122	2.183	2.140	2.244	188	1543	1.286	2.649
1780	estuario2_300_07agosto2013_600ml_tot_1	3393	149.950	57.680	79	73	248	49.560	31.534	53.141	29.165	330.132	17528	7375	115	62	107.502	40.186	20.992	0.391	124.085	508780.000	146	0.198	-1.419	0.265	17642	7375	3384	1.139	197	0.202	89	144	202	0	0	1	3	0	0	0	0	0	0	0	3.378	3.458	3.484	3.501	350	3971	13.499	2.727
1781	estuario2_300_07agosto2013_600ml_tot_1	1561	206.054	28.006	243	141	243	26.316	39.113	26.889	41.168	339.747	22424	7378	54	128	93.536	21.249	106.640	0.170	132.563	321651	214	-0.480	-1.017	0	22443	7378	1561	1.145	152	0.128	183	213	229	0	0	1	1	0	0	0	0	0	0	0	8.001	8.477	9.214	9.706	360	3153	8.820	5.338
1782	estuario2_300_07agosto2013_600ml_tot_1	4156	157.124	45.367	117	96	245	38.122	49.452	37.864	51.061	355.889	22871	7383	80	111	124.112	42.636	56.244	0.412	126.779	653009.000	143	0.517	-1.148	0.048	22930	7383	4154	1.123	182	0.261	116	142	195	0	0	3	2	0	0	0	0	0	0	0	3.026	3.104	3.502	3.580	378	4699	11.485	2.124
1783	estuario2_300_07agosto2013_600ml_tot_1	3627	153.533	56.621	80	73	243	49.839	33.063	53.444	30.266	365.588	17595	7391	116	64	109.931	42.009	23.378	0.341	127.122	556864	155	0.103	-1.452	0	17709	7391	3627	1.146	228	0.200	93	154	205	0	0	1	1	0	0	0	0	0	0	0	3.243	3.296	3.563	3.542	356	4276	8.874	2.064
1784	estuario2_300_07agosto2013_600ml_tot_1	3072	165.151	47.288	148	64	244	64.462	43.361	64.052	44.604	453.571	22931	7424	133	94	107.172	36.496	34.789	0.188	153.395	507345	156	-0.008	-0.729	0.065	22994	7424	3070	1.198	176	0.174	135	155	207	0	0	6	5	0	0	0	0	0	0	0	5.700	5.476	9.437	9.380	450	5361	6.169	1.347
1785	estuario2_300_07agosto2013_600ml_tot_1	1649	167.340	40.455	140	100	245	61.126	8.466	60.237	8.514	277.681	19935	7427	123	18	133.322	15.748	1.299	0.269	123.065	275944	148	0.670	-1.005	0.061	20002	7427	1648	1.164	128	0.136	136	147	200	0	0	3	3	0	0	0	0	0	0	0	6.589	6.618	8.141	8.153	278	1870	4.585	1.535
1786	estuario2_300_07agosto2013_600ml_tot_1	1380	187.078	38.489	243	123	243	71.105	25.692	72.006	26.015	332.635	19889	7431	138	53	152.779	11.501	160.914	0.157	146.110	258168	184	0.043	-1.494	0	19892	7431	1380	1.156	151	0.097	150	183	225	0	0	4	1	0	0	0	0	0	0	0	11.080	11.075	14.106	14.068	378	1978	5.857	1.684
1787	estuario2_300_07agosto2013_600ml_tot_1	2986	167.015	54.683	108	92	243	50.782	90.537	53.568	88.185	555.980	22691	7454	138	130	71.035	53.521	40.240	0.121	160.860	498706	157	0.123	-1.704	0	22729	7454	2986	1.173	246	0.218	111	156	225	0	0	1	1	0	0	0	0	0	0	0	8.102	8.335	5.714	5.803	532	9457	18.763	1.850
1788	estuario2_300_07agosto2013_600ml_tot_1	2693	171.868	48.545	243	96	243	71.167	77.714	68.608	76.775	537.855	21935	7477	135	120	79.597	43.077	165.860	0.117	157.953	462840	155	0.241	-1.545	0	21937	7477	2693	1.168	274	0.189	127	154	226	0	0	2	1	0	0	0	0	0	0	0	8.106	8.103	3.563	3.650	506	7977	37.649	3.143
1789	estuario2_300_07agosto2013_600ml_tot_1	2077	170.145	48.705	243	95	243	28.885	27.661	30.197	28.228	282.877	19788	7492	63	61	65.936	40.108	45.524	0.326	73.410	353391	167	0.071	-1.495	0	19845	7492	2077	1.134	139	0.118	121	166	217	0	0	1	1	0	0	0	0	0	0	0	2.317	2.365	2.405	2.507	244	2909	10.941	2.909
1790	estuario2_300_07agosto2013_600ml_tot_1	2394	146.998	60.531	77	68	243	34.170	65.102	34.432	65.556	331.990	20958	7500	73	129	152.053	20.047	114.897	0.273	141.365	351913	135	0.273	-1.484	0	20965	7500	2394	1.147	137	0.143	86	134	208	0	0	1	1	0	0	0	0	0	0	0	6.398	6.343	8.075	8.005	400	2916	4.600	1.551
1791	estuario2_300_07agosto2013_600ml_tot_1	3251	161.713	50.484	243	89	243	69.891	84.641	71.004	83.417	460.423	17307	7509	136	160	212.046	19.521	47.738	0.193	201.159	525730	148	0.309	-1.467	0	17431	7509	3251	1.179	192	0.199	114	147	214	0	0	3	1	0	0	0	0	0	0	0	9.512	9.464	11.115	11.043	588	4675	19.028	1.657
1792	estuario2_300_07agosto2013_600ml_tot_1	1434	228.103	12.172	235	183	250	28.150	39.160	27.984	39.024	317.345	16329	7513	57	74	77.551	23.544	131.002	0.179	85.235	327100	231	-0.871	0.190	1.534	16333	7513	1412	1.228	187	0.192	220	230	237	0	0	3	3	0	0	0	0	0	0	0	3.956	4.015	2.126	2.183	256	1937	28.760	2.500
1793	estuario2_300_07agosto2013_600ml_tot_1	4315	180.764	50.100	242	79	243	82.361	74.869	88.046	79.893	709.252	16940	7539	166	193	165.007	33.296	126.173	0.108	232.800	779998	194	-0.503	-1.086	0	17009	7539	4315	1.194	346	0.243	139	193	225	0	0	2	2	0	0	0	0	0	0	0	9.887	10.190	3.146	3.190	714	13083	33.421	3.758
1794	estuario2_300_07agosto2013_600ml_tot_1	2276	170.997	52.457	243	91	243	51.078	39.038	50.472	40.099	407.973	20633	7558	92	91	71.488	40.537	41.334	0.172	102.801	389190	173	-0.002	-1.645	0	20719	7558	2276	1.164	185	0.149	116	171	224	0	0	1	1	0	0	0	0	0	0	0	4.864	4.986	4.754	4.884	362	5335	12.106	2.108
1795	estuario2_300_07agosto2013_600ml_tot_1	3392	150.074	54.051	86	82	245	51.062	24.043	54.748	25.318	385.019	20835	7564	127	52	104.565	41.303	173.082	0.288	127.035	509050.000	144	0.322	-1.325	0.029	20862	7564	3391	1.155	208	0.218	95	143	197	0	0	1	2	0	0	0	0	0	0	0	3.693	3.722	3.778	3.796	354	4252	13.617	1.925
1796	estuario2_300_07agosto2013_600ml_tot_1	2400	125.660	57.189	85	71	243	35.138	23.207	35.656	23.096	215.380	15770	7594	66	51	63.747	47.936	8.857	0.650	67.683	301585	92	0.994	-0.643	0	15814	7594	2400	1.067	111	0.247	83	91	168	0	0	2	1	0	0	0	0	0	0	0	1.968	1.925	1.916	1.879	230	2573	5.632	1.833
1797	estuario2_300_07agosto2013_600ml_tot_1	4283	234.741	6.733	236	175	243	199.838	522.627	200.901	520.316	2359.018	18605	7594	314	979	192.648	28.307	71.414	0.010	1010.416	1005395	236	-2.179	10.271	0	18854	7594	4283	1.205	1016	0.818	231	235	238	0	0	4	5	0	0	0	0	0	0	0	176.175	176.319	71.664	71.628	2582	96464	324.625	1.716
1798	estuario2_300_07agosto2013_600ml_tot_1	2957	142.874	52.050	101	70	243	61.959	43.908	60.727	42.981	330.073	18098	7625	124	89	149.572	25.172	145.449	0.341	139.789	422477	121	0.747	-0.910	0	18116	7625	2957	1.135	123	0.186	102	120	187	0	0	4	2	0	0	0	0	0	0	0	5.502	5.561	6.379	6.488	421	3364	4.990	2.119
1799	estuario2_300_07agosto2013_600ml_tot_1	4575	164.390	52.345	243	73	245	75.813	38.700	79.054	38.152	599.453	22540	7629	200	82	133.764	43.547	178.665	0.160	200.489	752084	162	-0.021	-1.333	0.022	22593	7629	4574	1.195	329	0.206	116	161	214	0	0	2	5	0	0	0	0	0	0	0	6.607	6.516	8.598	8.544	560	10219	28.875	3.168
1800	estuario2_300_07agosto2013_600ml_tot_1	3608	166.851	59.708	243	76	246	52.600	83.708	54.801	82.599	643.235	15895	7647	123	137	70.264	65.379	76.729	0.110	182.631	601999	171	-0.045	-1.711	0.443	15897	7647	3592	1.206	363	0.249	103	169	228	0	0	1	1	0	0	0	0	0	0	0	6.047	6.080	4.354	4.441	516	10386	33.139	4.214
1801	estuario2_300_07agosto2013_600ml_tot_1	3126	153.260	57.070	80	75	243	41.629	33.942	45.338	35.306	344.818	15409	7676	102	71	101.382	39.259	147.776	0.330	118.727	479091	151	0.133	-1.460	0	15425	7676	3126	1.140	154	0.180	93	150	207	0	0	1	2	0	0	0	0	0	0	0	3.337	3.394	2.783	2.800	341	3789	9.731	2.792
1802	estuario2_300_07agosto2013_600ml_tot_1	3416	171.343	53.380	106	90	246	55.747	43.000	55.603	44.167	516.500	21511	7692	98	143	94.541	46.005	129.329	0.161	153.522	585307	180	-0.064	-1.649	0.381	21525	7692	3403	1.179	305	0.241	111	178	224	0	0	1	1	0	0	0	0	0	0	0	5.691	5.752	3.735	3.788	478	7908	28.120	2.700
1803	estuario2_300_07agosto2013_600ml_tot_1	6426	139.189	69.236	38	36	245	44.590	77.507	46.713	70.947	532.240	15241	7704	82	140	129.331	63.263	89.011	0.285	145.465	894426	143	-0.077	-1.345	0.062	15296	7704	6422	1.158	428	0.323	72	142	202	0	0	2	4	0	0	0	0	0	0	0	2.516	2.674	2.827	3.036	440	9026	52.935	2.668
1804	estuario2_300_07agosto2013_600ml_tot_1	2638	191.994	36.895	243	97	245	29.295	53.356	29.674	53.046	412.943	21279	7705	61	105	85.573	39.251	61.737	0.194	107.708	506479.000	196	-0.347	-0.940	0.114	21335	7705	2635	1.202	250	0.167	161	195	225	0	0	3	2	0	0	0	0	0	0	0	3.617	3.733	3.497	3.561	327	4358	25.390	1.960
1805	estuario2_300_07agosto2013_600ml_tot_1	3293	190.510	42.242	207	76	243	48.632	46.497	46.534	44.439	405.973	21823	7712	96	89	93.661	44.766	147.049	0.251	116.043	627350	203	-1.110	0.202	0	21826	7712	3293	1.170	208	0.242	175	202	216	0	0	2	5	0	0	0	0	0	0	0	3.285	3.304	3.765	3.852	366	5698	11.043	2.512
1806	estuario2_300_07agosto2013_600ml_tot_1	835	201.069	38.854	237	97	243	26.374	36.829	27.725	36.205	225.279	16083	7730	51	55	46.955	22.642	40.850	0.207	68.680	167893	213	-1.168	0.346	0	16130	7730	835	1.139	88	0.068	191	212	230	0	0	1	2	0	0	0	0	0	0	0	4.165	4.174	4.981	5.196	207	1567	2.385	2.567
1807	estuario2_300_07agosto2013_600ml_tot_1	3668	107.832	62.444	63	58	243	38.278	41.544	38.023	42.196	267.262	23175	7738	79	75	75.635	61.747	43.575	0.645	84.876	395526	70	1.133	-0.313	0	23211	7738	3668	1.080	185	0.511	62	69	140	0	0	2	1	0	0	0	0	0	0	0	2.029	2.188	2.191	2.316	304	3907	12.292	2.424
1808	estuario2_300_07agosto2013_600ml_tot_1	1832	160.464	50.200	242	85	243	52.944	35.541	51.579	36.442	283.747	19993	7763	105	72	132.254	17.637	32.673	0.286	120.108	293970	147	0.292	-1.348	0	20089	7763	1832	1.141	104	0.097	116	146	210	0	0	2	1	0	0	0	0	0	0	0	6.144	6.171	7.577	7.543	350	2245	2.542	1.960
1809	estuario2_300_07agosto2013_600ml_tot_1	2270	179.557	52.162	230	76	243	45.837	24.666	44.866	25.038	274.978	19323	7773	85	52	73.899	39.111	23.087	0.377	90.785	407594	194	-0.568	-1.053	0	19356	7773	2270	1.129	167	0.131	137	193	226	0	0	1	1	0	0	0	0	0	0	0	2.855	2.989	2.849	3.001	270	2920	8.819	2.876
1810	estuario2_300_07agosto2013_600ml_tot_1	6504	197.691	45.214	242	101	245	209.379	72.954	197.557	77.075	1448.896	23026	7774	342	261	210.858	39.274	26.221	0.039	410.937	1285780	219	-0.773	-1.035	0.031	23329	7774	6502	1.262	660	0.567	151	218	233	0	0	3	4	0	0	0	0	0	0	0	19.590	19.720	23.321	23.351	1201	35240	172.144	6.369
1811	estuario2_300_07agosto2013_600ml_tot_1	8752	158.964	55.291	98	76	243	123.300	88.709	124.295	87.893	1239.031	19078	7784	268	189	166.601	66.887	157.259	0.072	304.067	1391253	146	0.210	-1.560	0	19085	7784	8752	1.228	606	0.495	105	145	217	0	0	6	3	0	0	0	0	0	0	0	8.182	8.223	3.754	3.886	910	28714	76.783	6.150
1812	estuario2_300_07agosto2013_600ml_tot_1	2491	172.064	54.043	243	87	243	33.710	48.371	36.161	49.663	439.872	20551	7799	102	91	76.304	41.566	147.930	0.162	119.269	428611.000	184	-0.174	-1.570	0	20558	7799	2491	1.174	194	0.160	110	183	224	0	0	1	2	0	0	0	0	0	0	0	4.710	4.648	3.829	3.934	382	5759	13.336	3.149
1813	estuario2_300_07agosto2013_600ml_tot_1	1763	172.848	50.957	94	76	243	28.487	37.737	30.428	36.704	257.019	22542	7800	66	65	68.091	32.966	42.592	0.335	83.546	304731	184	-0.299	-1.285	0	22602	7800	1763	1.131	146	0.099	123	183	219	0	0	1	2	0	0	0	0	0	0	0	3.026	3.316	3.380	3.663	258	2681	4.849	4.333
1814	estuario2_300_07agosto2013_600ml_tot_1	2854	146.402	64.225	241	59	244	26.118	48.226	27.164	50.117	347.487	20722	7836	53	98	97.007	37.459	83.736	0.297	99.298	417831	140	0.159	-1.511	0.070	20741	7836	2852	1.170	200	0.152	81	139	213	0	0	2	2	0	0	0	0	0	0	0	2.901	2.891	2.035	2.073	298	4291	14.064	2.338
1815	estuario2_300_07agosto2013_600ml_tot_1	1915	167.173	45.414	243	80	243	37.775	20.890	36.387	21.652	219.966	23018	7841	79	44	74.648	32.663	10.683	0.497	79.057	320137	164	0.003	-1.029	0	23086	7841	1915	1.093	77	0.095	133	163	207	0	0	3	1	0	0	0	0	0	0	0	2.743	2.729	3.130	3.082	242	2394	2.685	2.051
1816	estuario2_300_07agosto2013_600ml_tot_1	3300	170.703	48.130	242	91	244	21.062	58.503	20.439	60.538	463.002	21633	7843	59	120	109.874	38.241	87.575	0.193	126.491	563321	160	0.168	-1.508	0.030	21683	7843	3299	1.176	232	0.201	125	159	220	0	0	2	1	0	0	0	0	0	0	0	3.661	3.668	3.107	3.145	354	4617	21.008	2.176
1817	estuario2_300_07agosto2013_600ml_tot_1	2014	174.813	35.634	157	91	243	77.034	15.335	76.841	15.291	348.409	18447	7876	154	29	171.494	14.953	173.684	0.208	155.293	352074	160	0.544	-0.609	0	18452	7876	2014	1.142	142	0.197	152	159	203	0	0	4	6	0	0	0	0	0	0	0	8.636	8.616	10.802	10.782	362	2313	3.804	1.376
1818	estuario2_300_07agosto2013_600ml_tot_1	837	136.091	66.478	61	57	243	16.839	16.565	16.868	16.705	119.882	16991	7884	33	34	34.108	31.245	57.588	0.732	37.537	113908.000	119	0.350	-1.452	0	17002	7884	837	1.020	39	0.057	70	118	204	0	0	1	1	0	0	0	0	0	0	0	1.729	1.713	1.807	1.817	130	898	1.283	3.758
1819	estuario2_300_07agosto2013_600ml_tot_1	1587	168.625	54.840	83	55	243	37.030	24.250	35.480	25.268	221.865	17032	7890	63	47	55.681	36.290	35.250	0.405	64.846	267608	177	-0.380	-1.112	0	17067	7890	1587	1.126	123	0.079	124	176	217	0	0	1	1	0	0	0	0	0	0	0	2.411	2.564	2.701	2.879	216	1962	5.457	2.123
1820	estuario2_300_07agosto2013_600ml_tot_1	5837	171.549	50.358	242	85	245	91.255	65.197	91.820	64.991	830.188	22832	7896	152	144	106.256	69.943	49.914	0.106	152.266	1001334	175	-0.011	-1.582	0.137	22965	7896	5829	1.246	483	0.337	119	174	221	0	0	2	2	0	0	0	0	0	0	0	4.959	4.864	4.043	4.061	588	12595	50.047	2.740
1821	estuario2_300_07agosto2013_600ml_tot_1	2103	182.977	52.687	241	86	243	54.688	70.925	57.412	70.919	495.487	15235	7905	85	143	52.251	51.245	32.106	0.108	143.087	384800	199	-0.261	-1.600	0	15315	7905	2103	1.170	232	0.175	129	198	234	0	0	2	1	0	0	0	0	0	0	0	8.607	8.671	5.205	5.364	452	6552	19.287	2.571
1822	estuario2_300_07agosto2013_600ml_tot_1	2379	162.250	53.276	95	88	243	26.815	30.046	28.606	30.679	318.132	21381	7908	70	67	62.554	48.423	111.192	0.295	74.947	385992	155	0.147	-1.547	0	21397	7908	2379	1.166	153	0.148	107	154	215	0	0	1	1	0	0	0	0	0	0	0	2.513	2.578	2.020	2.105	270	3162	6.535	2.593
1823	estuario2_300_07agosto2013_600ml_tot_1	2995	131.185	66.234	76	49	243	57.705	31.558	57.624	31.129	356.534	15685	7923	116	62	106.399	35.840	11.173	0.296	119.616	392898	100	0.551	-1.333	0	15738	7923	2995	1.144	156	0.189	74	99	200	0	0	5	2	0	0	0	0	0	0	0	3.881	3.736	4.900	4.875	352	4254	6.248	1.568
1824	estuario2_300_07agosto2013_600ml_tot_1	2628	165.647	54.510	240	86	245	40.691	50.568	40.329	49.370	429.588	21326	7961	81	110	82.156	40.728	86.050	0.179	115.434	435321.000	165	0.035	-1.620	0.038	21327	7961	2627	1.190	239	0.156	110	164	220	0	0	3	1	0	0	0	0	0	0	0	4.639	4.691	4.501	4.556	378	4883	13.676	2.194
1825	estuario2_300_07agosto2013_600ml_tot_1	2402	172.460	47.016	241	100	243	57.842	31.788	59.382	33.112	443.345	21195	7964	101	104	75.614	40.447	157.468	0.154	121.037	414250	157	0.250	-1.533	0	21294	7964	2402	1.163	196	0.164	130	156	224	0	0	3	1	0	0	0	0	0	0	0	5.765	5.770	4.336	4.445	406	6001	8.941	1.750
1826	estuario2_300_07agosto2013_600ml_tot_1	2487	171.537	51.871	243	90	247	57.233	37.660	59.022	37.221	396.818	20987	7969	102	86	81.120	39.035	172.887	0.198	106.042	426612	166	0.019	-1.626	0.603	21084	7969	2472	1.175	212	0.155	118	164	223	0	0	2	1	0	0	0	0	0	0	0	4.704	4.841	4.723	4.687	371	5001	15.531	2.466
1827	estuario2_300_07agosto2013_600ml_tot_1	3031	162.347	59.497	97	80	243	89.596	61.985	88.153	65.652	617.713	21052	7980	159	133	71.706	53.820	72.240	0.100	162.188	492075	157	0.062	-1.682	0	21149	7980	3031	1.160	299	0.208	98	156	226	0	0	1	1	0	0	0	0	0	0	0	9.598	9.702	4.668	4.716	579	10566	15.230	1.962
1828	estuario2_300_07agosto2013_600ml_tot_1	770	201.481	36.500	241	109	243	16.600	31.688	15.940	33.427	222.836	23085	7980	37	76	57.002	17.199	73.639	0.195	76.420	155140	210	-1.009	0.027	0	23108	7980	770	1.118	83	0.063	189	209	230	0	0	1	1	0	0	0	0	0	0	0	5.769	5.932	7.394	7.659	222	1871	0.946	3.907
1829	estuario2_300_07agosto2013_600ml_tot_1	2731	99.007	70.176	41	38	243	34.590	32.537	34.659	31.335	210.350	18392	7996	63	64	59.807	58.141	74.981	0.776	65.788	270388	59	0.927	-0.691	0	18433	7996	2731	1.057	91	0.305	42	58	149	0	0	1	1	0	0	0	0	0	0	0	1.922	1.967	2.016	2.075	250	2886	3.933	2.637
1830	estuario2_300_07agosto2013_600ml_tot_1	3848	147.565	55.549	243	62	243	94.549	92.533	92.002	90.269	550.933	19937	8003	195	178	255.584	19.170	138.120	0.159	256.737	567829	125	0.454	-1.278	0	19945	8003	3848	1.189	200	0.208	100	124	202	0	0	3	4	0	0	0	0	0	0	0	12.809	12.532	16.277	15.906	742	5460	19.075	1.326
1831	estuario2_300_07agosto2013_600ml_tot_1	1219	127.794	68.166	60	53	245	24.565	19.158	24.952	18.888	155.439	16722	8007	48	36	46.557	33.337	14.632	0.634	48.260	155781	98	0.507	-1.375	0.082	16757	8007	1218	1.054	64	0.096	64	97	196	0	0	1	1	0	0	0	0	0	0	0	1.957	1.911	1.984	1.937	164	1355	1.706	2.500
1832	estuario2_300_07agosto2013_600ml_tot_1	2139	177.668	46.214	242	102	243	55.346	54.664	54.456	54.366	405.914	22071	8009	96	89	69.906	38.959	142.818	0.163	107.201	380032	165	0.143	-1.592	0	22133	8009	2139	1.161	161	0.157	133	164	228	0	0	2	1	0	0	0	0	0	0	0	5.346	5.515	3.961	4.039	366	5040	17.246	1.955
1833	estuario2_300_07agosto2013_600ml_tot_1	1218	127.195	65.222	68	62	243	27.064	16.054	27.180	16.233	149.681	22543	8020	53	35	51.219	30.278	9.563	0.683	53.935	154923	91	0.661	-1.218	0	22586	8020	1218	1.048	46	0.103	71	90	191	0	0	1	1	0	0	0	0	0	0	0	2.230	2.204	2.426	2.375	172	1314	2.062	1.476
1834	estuario2_300_07agosto2013_600ml_tot_1	1748	132.505	63.320	71	64	243	48.547	27.480	48.277	27.328	250.149	20260	8021	96	58	114.764	19.393	151.769	0.351	106.888	231619	105	0.587	-1.267	0	20265	8021	1748	1.123	93	0.139	74	104	195	0	0	3	1	0	0	0	0	0	0	0	5.001	4.974	6.093	6.057	304	1994	3.603	1.263
1835	estuario2_300_07agosto2013_600ml_tot_1	1535	166.038	52.996	93	76	243	28.033	23.533	30.369	24.948	259.220	22831	8049	69	51	62.793	31.125	156.209	0.287	73.539	254869.000	169	-0.084	-1.438	0	22846	8049	1535	1.157	139	0.083	110	168	216	0	0	1	2	0	0	0	0	0	0	0	2.894	3.107	3.292	3.503	236	2294	2.093	2.625
1836	estuario2_300_07agosto2013_600ml_tot_1	13443	171.731	57.585	241	62	255	105.713	174.431	113.727	179.702	1617.967	21454	8058	277	305	155.693	109.935	138.432	0.065	308.449	2308583	189	-0.352	-1.376	1.681	21541	8058	13217	1.267	1103	0.681	111	186	222	0	0	4	5	0	0	0	0	0	0	0	8.315	8.285	6.788	7.200	1160	46943	173.646	4.302
1837	estuario2_300_07agosto2013_600ml_tot_1	2450	150.100	56.366	104	67	243	21.143	60.692	21.330	61.654	326.291	15136	8069	49	129	132.696	23.508	103.484	0.289	134.104	367744	132	0.330	-1.378	0	15150	8069	2450	1.136	128	0.125	102	131	206	0	0	3	1	0	0	0	0	0	0	0	5.284	5.229	5.966	5.923	352	3174	4.661	1.454
1838	estuario2_300_07agosto2013_600ml_tot_1	1429	196.495	40.665	241	102	249	32.124	26.145	33.779	27.925	224.208	20446	8087	68	58	75.794	24.005	138.230	0.357	84.646	280792	209	-0.825	-0.561	1.120	20467	8087	1413	1.128	113	0.101	169	208	228	0	0	2	3	0	0	0	0	0	0	0	3.580	3.693	3.249	3.293	248	1906	3.703	2.574
1839	estuario2_300_07agosto2013_600ml_tot_1	2390	174.007	50.222	243	92	243	34.373	47.899	35.378	46.927	428.257	21996	8091	109	95	75.025	40.560	50.628	0.164	116.456	415877	169	0.035	-1.609	0	22013	8091	2390	1.168	203	0.156	125	168	226	0	0	1	1	0	0	0	0	0	0	0	5.827	5.859	4.646	4.737	404	5419	21.364	2.471
1840	estuario2_300_07agosto2013_600ml_tot_1	852	217.977	22.673	243	151	243	29.573	28.920	28.433	29.779	276.978	20809	8120	62	83	57.423	18.892	45.608	0.140	98.473	185716	224	-1.211	0.631	0	20861	8120	852	1.132	110	0.093	210	223	234	0	0	1	2	0	0	0	0	0	0	0	8.192	8.222	9.847	10.207	286	2442	4.538	3.094
1841	estuario2_300_07agosto2013_600ml_tot_1	4394	166.216	44.019	134	90	243	49.260	121.536	48.795	120.309	648.825	20980	8125	96	244	276.413	20.240	109.181	0.131	256.784	730353	152	0.421	-1.229	0	20991	8125	4394	1.191	284	0.280	129	151	207	0	0	5	1	0	0	0	0	0	0	0	11.075	11.065	14.378	14.364	676	8052	20.724	1.314
1842	estuario2_300_07agosto2013_600ml_tot_1	6095	177.274	55.652	254	83	255	84.074	77.123	84.934	80.550	736.063	20301	8129	154	179	100.345	77.337	52.810	0.141	184.329	1080485	177	-0.105	-1.511	10.566	20365	8129	5451	1.238	441	0.297	120	161	223	0	0	2	2	0	0	0	0	0	0	0	6.129	6.078	4.506	4.561	662	15270	62.720	8.375
1843	estuario2_300_07agosto2013_600ml_tot_1	2777	155.513	52.857	243	79	243	34.450	78.625	33.902	80.295	401.061	22723	8156	67	161	187.437	18.864	71.025	0.217	169.248	431860	142	0.310	-1.386	0	22775	8156	2777	1.160	165	0.145	108	141	207	0	0	2	1	0	0	0	0	0	0	0	7.708	7.772	9.912	9.986	452	3155	9.361	1.373
1844	estuario2_300_07agosto2013_600ml_tot_1	1886	172.688	50.237	243	73	243	24.986	31.697	25.949	33.201	280.877	22888	8159	51	82	65.555	36.631	109.066	0.300	83.546	325690	179	-0.243	-1.269	0	22907	8159	1886	1.143	146	0.100	126	178	218	0	0	1	1	0	0	0	0	0	0	0	3.009	3.234	3.204	3.441	262	2842	5.582	2.889
1845	estuario2_300_07agosto2013_600ml_tot_1	6757	164.254	55.260	86	80	244	56.612	64.535	58.305	65.478	918.171	20646	8169	171	151	128.845	66.772	114.185	0.101	196.209	1109865	169	-0.066	-1.537	0.030	20663	8169	6755	1.241	498	0.359	105	168	217	0	0	2	3	0	0	0	0	0	0	0	4.997	5.092	3.351	3.359	640	15142	47.300	3.167
1846	estuario2_300_07agosto2013_600ml_tot_1	1230	191.833	39.687	241	102	246	31.315	24.046	31.398	23.987	235.664	20451	8178	61	43	48.818	32.080	162.396	0.278	62.370	235954	197	-0.386	-1.051	0.163	20477	8178	1228	1.134	130	0.085	158	195	229	0	0	1	1	0	0	0	0	0	0	0	2.957	2.993	2.022	2.023	204	1770	8.329	2.021
1847	estuario2_300_07agosto2013_600ml_tot_1	1663	165.680	57.670	240	60	245	26.513	26.362	28.426	27.625	226.007	14796	8191	60	59	64.888	32.631	138.609	0.409	74.953	275526	174	-0.230	-1.365	0.120	14808	8191	1661	1.122	137	0.088	112	172	220	0	0	1	1	0	0	0	0	0	0	0	2.621	2.858	2.587	2.821	234	2111	4.184	3.236
1848	estuario2_300_07agosto2013_600ml_tot_1	1211	169.353	49.027	241	87	245	31.133	36.958	31.523	36.146	207.321	20413	8218	57	71	87.960	17.529	54.140	0.354	85.802	205086	168	0.030	-1.421	0.083	20458	8218	1210	1.112	79	0.067	122	167	216	0	0	2	1	0	0	0	0	0	0	0	4.730	4.583	5.662	5.491	252	1582	2.657	1.582
1849	estuario2_300_07agosto2013_600ml_tot_1	6400	95.963	70.619	34	32	245	36.308	73.370	35.869	71.440	451.328	14890	8221	74	139	141.552	57.567	98.404	0.395	141.057	614164	58	1.007	-0.564	0.047	14914	8221	6397	1.118	334	0.534	44	57	144	0	0	2	2	0	0	0	0	0	0	0	2.579	2.607	3.009	3.051	422	7999	25.087	2.278
1850	estuario2_300_07agosto2013_600ml_tot_1	4009	155.435	48.935	109	89	243	21.301	113.563	21.376	114.032	526.191	23493	8222	48	227	252.755	20.195	97.988	0.182	229.870	623140	135	0.542	-1.262	0	23498	8222	4009	1.158	214	0.288	111	134	202	0	0	9	1	0	0	0	0	0	0	0	9.528	9.459	12.398	12.303	546	4735	13.115	1.520
1851	estuario2_300_07agosto2013_600ml_tot_1	3072	169.058	56.231	243	80	243	57.711	43.590	59.603	44.004	576.039	19992	8274	133	108	80.808	48.404	179.394	0.116	142.695	519346	172	-0.032	-1.683	0	20057	8274	3072	1.214	306	0.211	108	171	227	0	0	1	1	0	0	0	0	0	0	0	6.143	6.188	4.192	4.211	478	7532	34.744	3.530
1852	estuario2_300_07agosto2013_600ml_tot_1	2898	237.257	4.201	240	225	248	34.169	36.267	34.156	36.260	477.654	24216	8286	66	72	66.008	55.900	118.956	0.160	75	687572	238	-0.318	-0.799	2.415	24241	8286	2828	1.281	689	0.623	233	237	239	0	0	3	1	0	0	0	0	0	0	0	2.126	2.171	2.245	2.302	272	3501	463.734	2.634
1853	estuario2_300_07agosto2013_600ml_tot_1	2640	166.356	57.042	243	79	243	37.502	91.310	38.729	88.059	550.784	17374	8309	132	144	70.802	47.476	71.306	0.109	150.841	439181.000	154	0.088	-1.659	0	17374	8309	2640	1.155	249	0.179	110	153	229	0	0	2	1	0	0	0	0	0	0	0	9.842	9.908	4.210	4.278	547	9658	28.214	2.812
1854	estuario2_300_07agosto2013_600ml_tot_1	1942	157.953	54.383	97	87	244	26.661	35.261	25.366	37.107	256.978	22514	8309	48	85	76.664	32.253	71.158	0.370	91.548	306744	151	0.193	-1.549	0.051	22547	8309	1941	1.126	161	0.126	101	149	210	0	0	1	1	0	0	0	0	0	0	0	3.249	3.355	3.541	3.631	262	2467	2.165	4.194
1855	estuario2_300_07agosto2013_600ml_tot_1	3591	174.777	51.031	213	69	245	47.453	33.752	44.523	34.309	375.203	22920	8310	90	66	90.445	50.552	17.052	0.321	92.049	627625	189	-0.496	-1.073	0.223	22973	8310	3583	1.180	285	0.177	132	188	216	0	0	1	4	0	0	0	0	0	0	0	2.186	2.282	2.555	2.731	308	4854	13.556	1.791
1856	estuario2_300_07agosto2013_600ml_tot_1	1032	199.236	26.308	243	143	243	22.420	24.305	22.331	24.257	176.894	18103	8336	49	42	39.716	33.085	151.603	0.414	51.624	205612	199	-0.073	-0.988	0	18127	8336	1032	1.093	78	0.078	178	198	219	0	0	2	3	0	0	0	0	0	0	0	2.491	2.543	2.602	2.631	178	1439	1.613	1.250
1857	estuario2_300_07agosto2013_600ml_tot_1	859	202.920	37.255	238	103	243	30.804	39.235	32.206	37.853	241.664	21464	8365	70	65	75.769	14.435	39.360	0.185	90.686	174308	213	-1.172	0.337	0	21524	8365	859	1.127	107	0.074	193	212	231	0	0	1	1	0	0	0	0	0	0	0	6.821	7.062	8.391	8.698	266	1854	1.548	3.378
1858	estuario2_300_07agosto2013_600ml_tot_1	2058	147.083	58.785	79	69	243	45.888	56.384	45.984	56.606	313.831	19810	8376	90	114	149.259	17.556	126.039	0.263	141.209	302697	134	0.310	-1.451	0	19815	8376	2058	1.150	110	0.126	89	133	206	0	0	3	1	0	0	0	0	0	0	0	7.186	7.127	8.850	8.770	404	2468	1.896	1.333
1859	estuario2_300_07agosto2013_600ml_tot_1	1460	181.158	48.020	241	93	243	23.641	26.723	23.871	26.361	160.309	20503	8384	43	50	49.453	37.589	55.386	0.714	53.310	264490	191	-0.363	-1.261	0	20536	8384	1460	1.051	71	0.087	137	190	225	0	0	1	1	0	0	0	0	0	0	0	1.930	2.013	1.851	1.970	182	1544	5.511	1.857
1860	estuario2_300_07agosto2013_600ml_tot_1	2014	159.693	49.826	107	90	243	34.508	59.805	34.501	59.723	308.877	20912	8399	62	123	141.342	18.143	111.957	0.265	132.620	321621	147	0.351	-1.408	0	20919	8399	2014	1.144	114	0.126	112	145	208	0	0	4	1	0	0	0	0	0	0	0	6.597	6.525	8.386	8.292	366	2540	2.558	1.538
1861	estuario2_300_07agosto2013_600ml_tot_1	3626	144.975	60.822	73	65	243	50.413	100.236	48.927	103.795	517.630	21694	8432	82	204	167.934	27.492	68.617	0.170	216.002	525680	130	0.296	-1.440	0	21764	8432	3626	1.173	209	0.189	88	129	206	0	0	2	1	0	0	0	0	0	0	0	9.172	8.768	11.813	11.421	568	6754	11.502	1.604
1862	estuario2_300_07agosto2013_600ml_tot_1	2358	98.095	74.288	40	35	243	26.976	32.274	27.136	32.819	215.622	14748	8441	52	65	67.697	44.349	108.034	0.637	67.209	231307.000	53	0.908	-0.834	0	14777	8441	2358	1.070	97	0.258	40	52	160	0	0	1	1	0	0	0	0	0	0	0	1.979	2.013	2.071	2.129	230	2520	7.555	1.246
1863	estuario2_300_07agosto2013_600ml_tot_1	3324	143.998	54.439	81	75	243	34.480	44.283	37.116	46.209	329.931	19985	8469	78	97	100.594	42.073	124.447	0.384	115.603	478650	137	0.366	-1.252	0	20000	8469	3324	1.138	162	0.213	89	136	189	0	0	1	2	0	0	0	0	0	0	0	3.124	3.156	3.469	3.500	346	3993	4.691	2.545
1864	estuario2_300_07agosto2013_600ml_tot_1	1313	165.644	57.494	242	71	243	37.967	26.256	37.996	26.365	208.551	21093	8473	66	48	52.515	31.834	150.514	0.379	76.059	217490	175	-0.178	-1.488	0	21093	8473	1313	1.077	96	0.076	105	174	217	0	0	1	1	0	0	0	0	0	0	0	3.364	3.417	1.818	1.846	223	1823	5.697	2.365
1865	estuario2_300_07agosto2013_600ml_tot_1	1372	161.236	53.328	242	61	243	23.816	23.223	24.855	24.258	187.380	19584	8502	52	51	50.616	34.513	129.634	0.491	61.555	221216	159	-0.074	-1.226	0	19605	8502	1372	1.095	79	0.063	115	158	210	0	0	1	1	0	0	0	0	0	0	0	2.406	2.594	2.443	2.571	202	1623	1.917	4.333
1866	estuario2_300_07agosto2013_600ml_tot_1	2137	153.585	56.537	243	75	243	20.785	68.588	20.682	68.136	334.149	17218	8504	41	137	154.308	17.633	101.649	0.241	139.714	328211	144	0.234	-1.481	0	17226	8504	2137	1.147	144	0.119	97	143	210	0	0	2	1	0	0	0	0	0	0	0	6.717	6.737	8.465	8.504	352	2427	6.737	1.488
1867	estuario2_300_07agosto2013_600ml_tot_1	6991	166.440	51.874	241	68	244	40.293	116.085	41.937	115.616	995.443	22016	8509	108	213	158.950	56.000	77.123	0.089	216.910	1163579	163	0.046	-1.459	0.029	22079	8509	6989	1.229	575	0.353	116	162	218	0	0	3	5	0	0	0	0	0	0	0	5.260	5.409	4.271	4.067	638	17582	64.221	4.010
1868	estuario2_300_07agosto2013_600ml_tot_1	1336	192.399	31.012	199	115	243	25.512	18.169	25.842	18.462	156.752	22226	8551	49	39	46.719	36.410	176.411	0.683	51.264	257045.000	195	-0.330	-0.702	0	22241	8551	1336	1.056	58	0.087	170	194	217	0	0	2	2	0	0	0	0	0	0	0	1.865	1.896	1.889	1.981	172	1499	1.136	3.019
1869	estuario2_300_07agosto2013_600ml_tot_1	1378	212.084	23.877	239	138	245	25.589	35.578	25.863	35.621	239.563	20553	8561	60	60	51.494	34.072	50.446	0.302	63.695	292252	216	-0.765	-0.069	0.435	20583	8561	1372	1.143	170	0.123	197	215	231	0	0	3	2	0	0	0	0	0	0	0	3.411	3.446	3.266	3.335	236	2025	8.161	2
1870	estuario2_300_07agosto2013_600ml_tot_1	1785	178.607	44.810	243	100	244	37.722	30.549	37.650	31.668	319.446	21822	8568	77	89	64.982	34.975	52.484	0.220	94.578	318814	170	0.050	-1.526	0.056	21892	8568	1784	1.151	159	0.115	137	169	224	0	0	1	1	0	0	0	0	0	0	0	5.060	5.065	3.814	3.888	328	3652	7.766	2.117
1871	estuario2_300_07agosto2013_600ml_tot_1	1432	172.252	51.831	243	68	243	23.709	22.829	25.351	21.964	212.894	20089	8594	61	46	54.669	33.351	32.623	0.397	67.602	246665.000	185	-0.382	-1.184	0	20138	8594	1432	1.104	102	0.074	125	184	216	0	0	1	1	0	0	0	0	0	0	0	2.456	2.660	2.777	2.973	210	1943	3.632	2.956
1872	estuario2_300_07agosto2013_600ml_tot_1	4393	137.179	60.976	85	54	243	37.798	89.821	37.938	88.936	511.186	16075	8645	84	169	126.166	44.333	94.435	0.211	172.003	602629.000	114	0.487	-1.293	0	16122	8645	4393	1.169	242	0.233	84	113	196	0	0	6	2	0	0	0	0	0	0	0	5.322	5.087	6.643	6.509	502	8248	24.268	2.571
1873	estuario2_300_07agosto2013_600ml_tot_1	2850	150.994	55.218	81	72	243	37.654	33.542	40.782	35.082	287.990	16316	8645	83	72	92.066	39.414	143.062	0.432	104.350	430333.000	150	0.178	-1.414	0	16331	8645	2850	1.121	151	0.144	95	149	200	0	0	1	2	0	0	0	0	0	0	0	2.836	2.861	3.026	3.041	306	3219	9.400	2.319
1874	estuario2_300_07agosto2013_600ml_tot_1	3459	145.992	59.548	76	66	243	48.412	31.216	53.098	30.261	370.090	14899	8648	120	62	110.036	40.024	23.556	0.317	128.316	504986	145	0.174	-1.467	0	15005	8648	3459	1.143	191	0.206	83	144	199	0	0	1	1	0	0	0	0	0	0	0	3.568	3.629	3.413	3.462	360	4106	10.308	2.574
1875	estuario2_300_07agosto2013_600ml_tot_1	3052	156.651	61.314	82	75	243	29.660	42.383	30.367	41.333	477.446	18546	8650	125	102	76.388	50.871	69.355	0.168	133.690	478100.000	151	0.101	-1.635	0	18580	8650	3052	1.148	255	0.212	91	150	222	0	0	1	1	0	0	0	0	0	0	0	5.651	5.597	3.231	3.217	449	7052	13.855	2.302
1876	estuario2_300_07agosto2013_600ml_tot_1	1614	122.988	58.459	76	68	243	23.799	26.685	23.757	26.560	157.238	22504	8662	46	52	50.833	40.427	56.568	0.820	53.151	198502	93	0.914	-0.725	0	22531	8662	1614	1.042	32	0.164	75	91	166	0	0	1	1	0	0	0	0	0	0	0	1.972	2.030	1.975	2.061	192	1677	0.451	1.464
1877	estuario2_300_07agosto2013_600ml_tot_1	289646	231.256	21.034	235	48	251	95.495	1304.056	94.935	1297.542	16293.507	24205	8666	161	2817	2771.541	133.063	90.627	0.014	2817.284	66982498	235	-5.862	37.983	2.741	24297	8666	281706	1.397	41815	51.100	229	234	237	0	0	102	158	0	0	0	0	0	0	0	19.559	19.578	22.857	22.927	5952	382791	307.541	2.036
1878	estuario2_300_07agosto2013_600ml_tot_1	3623	160.112	50.611	95	90	243	30.145	67.483	29.426	63.486	355.990	23064	8685	62	116	110.643	41.692	113.092	0.359	124.888	580085	158	0.170	-1.438	0	23069	8685	3623	1.140	152	0.213	107	157	207	0	0	1	1	0	0	0	0	0	0	0	3.189	3.243	3.354	3.345	351	4269	6.254	2.736
1879	estuario2_300_07agosto2013_600ml_tot_1	3514	209.793	28.866	238	111	250	30.106	58.451	30.166	60.236	715.938	20899	8696	64	192	122.689	36.468	98.434	0.086	192.354	737212	219	-1.069	0.451	0.541	20939	8696	3495	1.269	438	0.302	191	218	231	0	0	2	5	0	0	0	0	0	0	0	7.762	7.832	9.606	9.676	508	7741	20.228	3.023
1880	estuario2_300_07agosto2013_600ml_tot_1	1593	174.092	51.235	238	69	243	29.401	45.739	28.353	44.157	261.664	21453	8720	54	74	58.338	34.768	106.820	0.292	74.967	277328	181	-0.372	-1.133	0	21469	8720	1593	1.146	160	0.085	131	180	220	0	0	1	2	0	0	0	0	0	0	0	3.231	3.490	3.573	3.868	252	2390	3.916	3.327
1881	estuario2_300_07agosto2013_600ml_tot_1	3862	164.192	57.535	95	80	243	72.212	80.396	70.475	76.759	548.825	21678	8721	108	149	107.891	45.576	118.578	0.161	149.405	634109	166	-0.016	-1.677	0	21768	8721	3862	1.170	240	0.239	104	165	220	0	0	1	1	0	0	0	0	0	0	0	5.848	5.986	4.899	4.947	509	8874	26.581	3.462
1882	estuario2_300_07agosto2013_600ml_tot_1	3311	167.155	67.210	243	41	245	49.315	86.555	48.107	87.777	655.519	14809	8723	89	160	114.963	36.670	105.048	0.097	181.246	553450	187	-0.475	-1.225	0.030	14811	8723	3310	1.246	264	0.206	106	186	229	0	0	3	2	0	0	0	0	0	0	0	6.412	6.512	5.118	5.152	494	7861	48.146	3.710
1883	estuario2_300_07agosto2013_600ml_tot_1	5059	164.579	60.718	243	80	255	56.363	87.853	57.110	88.993	793.803	22086	8724	125	195	88.653	72.658	132.519	0.101	195.433	832605	158	0.062	-1.759	2.372	22148	8724	4939	1.217	501	0.368	101	150	227	0	0	1	1	0	0	0	0	0	0	0	7.136	7.166	4.310	4.437	635	14099	50.749	2.605
1884	estuario2_300_07agosto2013_600ml_tot_1	1724	167.995	55.003	234	65	245	38.693	32.472	37.076	31.237	244.049	16806	8737	74	58	64.633	33.962	143.814	0.364	79.158	289623	178	-0.319	-1.220	0.174	16809	8737	1721	1.125	147	0.086	118	176	217	0	0	1	1	0	0	0	0	0	0	0	3.228	3.408	3.278	3.460	259	2416	3.811	2.826
1885	estuario2_300_07agosto2013_600ml_tot_1	2301	179.542	36.796	146	113	243	39.109	72.716	39.224	72.514	365.103	24057	8738	77	145	175.037	16.738	64.118	0.217	159.731	413125	168	0.404	-1.302	0	24125	8738	2301	1.161	143	0.178	146	167	214	0	0	4	1	0	0	0	0	0	0	0	8.289	8.279	10.549	10.585	440	2553	9.944	1.364
1886	estuario2_300_07agosto2013_600ml_tot_1	3922	169.591	50.336	241	82	252	74.615	92.439	72.384	91.009	553.210	18594	8746	136	132	86.052	58.031	157.065	0.161	138.827	665136	167	0.038	-1.453	0.816	18682	8746	3890	1.191	292	0.209	121	165	217	0	0	2	5	0	0	0	0	0	0	0	6.069	6.167	4.063	3.986	530	8713	21.379	1.869
1887	estuario2_300_07agosto2013_600ml_tot_1	3078	168.915	60.462	242	79	255	26.974	61.156	29.132	62.328	343.747	15955	8757	64	102	91.714	42.731	83.315	0.327	105.688	519919	171	-0.070	-1.592	7.277	15996	8757	2854	1.187	226	0.179	100	162	223	0	0	1	1	0	0	0	0	0	0	0	3.002	2.999	3.356	3.359	328	4350	22.285	2.145
1888	estuario2_300_07agosto2013_600ml_tot_1	2436	162.731	52.891	240	65	245	37.206	49.467	37.598	47.206	306.576	21213	8789	63	82	71.723	43.244	84.655	0.326	83.522	396413	163	-0.063	-1.282	0.041	21264	8789	2435	1.149	185	0.112	115	162	210	0	0	1	1	0	0	0	0	0	0	0	2.777	2.959	2.590	2.799	285	3244	6.263	2.382
1889	estuario2_300_07agosto2013_600ml_tot_1	4000	161.636	58.859	242	52	243	51.828	80.326	51.676	79.993	717.436	18194	8790	125	155	104.961	48.522	91.185	0.098	158.070	646543	158	-0.048	-1.424	0	18248	8790	4000	1.235	349	0.207	111	157	223	0	0	4	1	0	0	0	0	0	0	0	6.537	6.403	5.728	5.614	556	11226	23.826	4.182
1890	estuario2_300_07agosto2013_600ml_tot_1	2225	154.355	52.311	88	72	243	28.106	23.608	29.586	23.274	278.191	22879	8812	74	55	61.610	45.982	23.272	0.361	75.186	343439	146	0.247	-1.304	0	22880	8812	2225	1.135	170	0.115	107	145	201	0	0	1	1	0	0	0	0	0	0	0	2.377	2.487	2.352	2.476	253	2875	3.169	3.084
1891	estuario2_300_07agosto2013_600ml_tot_1	1321	174.040	48.950	243	80	243	20.664	27.927	21.245	29.543	201.380	22305	8824	37	68	59.107	28.456	103.293	0.409	69.635	229907	180	-0.255	-1.251	0	22325	8824	1321	1.103	111	0.074	128	179	218	0	0	1	1	0	0	0	0	0	0	0	2.746	3.019	3.201	3.433	206	1708	2.566	2.849
1892	estuario2_300_07agosto2013_600ml_tot_1	3366	162.996	63.705	243	54	247	58.490	49.337	52.897	56.021	511.754	15072	8843	103	142	124.355	34.463	52.811	0.162	163.453	548646	184	-0.261	-1.552	0.267	15154	8843	3357	1.180	287	0.182	91	183	222	0	0	1	2	0	0	0	0	0	0	0	6.007	6.240	3.254	3.277	486	6322	25.138	2.964
1893	estuario2_300_07agosto2013_600ml_tot_1	1219	222.157	18.486	243	159	251	16.571	31.032	16.619	31.196	198.693	16581	8854	33	58	53.094	29.233	80.349	0.388	58.138	270809	227	-1.232	1.065	2.379	16594	8854	1190	1.140	163	0.137	212	226	234	0	0	2	1	0	0	0	0	0	0	0	2.326	2.428	2.215	2.227	178	1418	9.842	2.313
1894	estuario2_300_07agosto2013_600ml_tot_1	1553	156.186	58.132	242	58	243	24.818	35.260	25.392	33.683	203.522	15017	8866	47	58	55.980	35.322	60.588	0.471	68.411	242557	156	0.015	-1.391	0	15053	8866	1553	1.095	97	0.074	101	155	211	0	0	1	1	0	0	0	0	0	0	0	2.206	2.326	2.214	2.345	206	1931	3.444	2.286
1895	estuario2_300_07agosto2013_600ml_tot_1	3236	166.745	53.315	103	90	246	59.180	45.407	59.962	44.885	523.453	23400	8869	149	76	86.928	47.398	170.673	0.148	152.398	539587	160	0.131	-1.647	0.185	23547	8869	3230	1.193	262	0.225	112	158	222	0	0	2	1	0	0	0	0	0	0	0	5.661	5.657	3.315	3.363	446	7381	29.834	2.775
1896	estuario2_300_07agosto2013_600ml_tot_1	3041	112.518	60.195	80	49	243	37.456	40.033	36.738	39.107	264.735	19181	8870	68	87	99.466	38.927	120.287	0.545	104.862	342167	84	1.060	-0.372	0	19183	8870	3041	1.089	99	0.223	71	83	147	0	0	2	1	0	0	0	0	0	0	0	2.692	2.693	3.063	3.083	306	3261	6.722	1.926
1897	estuario2_300_07agosto2013_600ml_tot_1	666	185.530	39.171	240	103	243	18.402	22.158	18.602	21.972	135.338	19787	8872	40	47	58.152	14.582	51.022	0.457	58.600	123563	186	-0.120	-1.297	0	19820	8872	666	1.053	55	0.044	150	185	222	0	0	2	1	0	0	0	0	0	0	0	3.898	3.804	4.373	4.325	170	793	0.390	1.750
1898	estuario2_300_07agosto2013_600ml_tot_1	1425	159.702	56.987	85	71	243	29.275	25.626	29.425	25.488	190.108	21556	8899	58	46	49.502	36.652	172.765	0.495	58.138	227575	162	-0.003	-1.497	0	21580	8899	1425	1.088	133	0.084	100	161	213	0	0	1	1	0	0	0	0	0	0	0	2.523	2.589	2.087	2.145	204	1683	4.849	3.257
1899	estuario2_300_07agosto2013_600ml_tot_1	12533	170.955	53.355	243	73	248	144.288	128.118	146.091	130.093	2100.657	22141	8911	270	266	131.949	120.937	144.500	0.036	292.966	2142582	177	-0.087	-1.589	0.160	22226	8911	12513	1.263	1216	0.726	114	176	224	0	0	4	7	0	0	0	0	0	0	0	7.259	7.329	4.557	4.560	1068	54148	180.617	5.517
1900	estuario2_300_07agosto2013_600ml_tot_1	1005	229.853	10.013	240	191	243	48.658	71.165	48.741	70.953	373.588	17402	8913	69	143	86.612	14.774	68.532	0.090	155.756	231002	232	-0.970	0.609	0	17464	8913	1005	1.155	152	0.148	224	231	237	0	0	3	6	0	0	0	0	0	0	0	17.212	17.003	21.568	21.345	420	3391	8.048	2.149
1901	estuario2_300_07agosto2013_600ml_tot_1	7143	149.763	56.025	241	63	244	72.810	81.366	73.870	80.853	785.945	15505	8927	140	228	161.011	56.485	70.640	0.145	250.799	1069758	141	0.243	-1.332	0.028	15597	8927	7141	1.198	443	0.306	96	140	200	0	0	5	3	0	0	0	0	0	0	0	6.430	6.624	7.787	8.020	732	15416	43.209	4.569
1902	estuario2_300_07agosto2013_600ml_tot_1	2761	180.118	46.327	241	94	244	36.691	38.809	36.222	39.628	459.085	21704	8974	88	75	71.103	49.441	136.059	0.165	93.048	497307.000	187	-0.153	-1.462	0.072	21709	8974	2759	1.227	265	0.169	132	186	224	0	0	3	1	0	0	0	0	0	0	0	2.996	3.079	3.060	3.054	322	4618	16.979	2.261
1903	estuario2_300_07agosto2013_600ml_tot_1	2542	171.427	51.752	240	92	243	58.368	42.401	56.790	43.424	518.098	22818	9003	106	109	69.108	46.834	41.305	0.119	131.826	435767	170	0.061	-1.672	0	22916	9003	2542	1.193	224	0.175	118	168	225	0	0	2	1	0	0	0	0	0	0	0	6.016	6.248	5.314	5.456	426	7319	15.018	1.833
1904	estuario2_300_07agosto2013_600ml_tot_1	1530	104.327	74.656	41	37	243	22.948	20.648	23.254	21.077	165.681	14969	9004	48	42	46.912	41.525	175.418	0.700	51.039	159621	62	0.775	-1.046	0	14989	9004	1530	1.051	51	0.181	41	61	170	0	0	1	1	0	0	0	0	0	0	0	1.734	1.769	1.784	1.806	176	1646	2.462	1.750
1905	estuario2_300_07agosto2013_600ml_tot_1	2686	182.019	40.989	241	97	243	48.418	47.605	46.973	48.353	432.156	21146	9004	101	91	74.713	45.774	3.545	0.181	101.316	488903	181	-0.038	-1.372	0	21204	9004	2686	1.192	182	0.159	143	180	221	0	0	4	3	0	0	0	0	0	0	0	4.516	4.325	3.595	3.675	380	5475	10.660	1.966
1906	estuario2_300_07agosto2013_600ml_tot_1	1464	175.151	48.434	242	71	243	34.935	25.741	33.564	26.585	239.664	21499	9014	59	55	54.496	34.205	44.508	0.320	69.203	256421	182	-0.356	-1.101	0	21541	9014	1464	1.131	137	0.076	135	181	218	0	0	1	1	0	0	0	0	0	0	0	2.663	2.818	2.978	3.159	224	2155	1.748	2
1907	estuario2_300_07agosto2013_600ml_tot_1	2837	182.029	47.188	241	70	255	53.561	40.273	52.112	39.629	323.304	19689	9026	105	76	104.983	34.407	151.979	0.341	106.066	516415	190	-0.446	-0.913	3.631	19720	9026	2734	1.183	227	0.138	145	185	219	0	0	3	2	0	0	0	0	0	0	0	3.893	3.993	4.797	4.898	358	4044	6.280	2.280
1908	estuario2_300_07agosto2013_600ml_tot_1	16116	162.554	59.265	243	58	255	115.344	104.467	115.358	104.162	1742.241	21594	9039	238	228	152.160	134.855	166.455	0.067	273.075	2619722	157	0.020	-1.476	5.014	21829	9039	15308	1.288	1286	0.693	105	149	216	0	0	6	6	0	0	0	0	0	0	0	4.250	4.459	2.633	2.889	928	38756	194.526	4.385
1909	estuario2_300_07agosto2013_600ml_tot_1	964	140.107	58.283	78	72	243	18.472	20.190	18.695	19.634	123.882	15735	9047	35	39	40.866	30.035	58.065	0.789	42.802	135063	120	0.501	-1.270	0	15754	9047	964	1.019	15	0.062	86	119	194	0	0	1	1	0	0	0	0	0	0	0	1.837	1.870	1.916	1.943	144	1017	0.835	1.526
1910	estuario2_300_07agosto2013_600ml_tot_1	3199	165.803	53.173	103	87	243	49.439	41.621	51.616	42.671	428.843	21301	9050	94	93	104.812	38.861	126.921	0.219	116.846	530404	169	0.045	-1.601	0	21323	9050	3199	1.201	192	0.219	108	168	219	0	0	1	1	0	0	0	0	0	0	0	3.655	3.665	3.387	3.404	370	4144	15.895	3.417
1911	estuario2_300_07agosto2013_600ml_tot_1	6889	160.073	56.564	240	75	243	125.370	125.492	123.090	125.212	1159.384	20129	9052	231	250	145.938	60.103	40.564	0.064	267.442	1102745	156	0.089	-1.565	0	20266	9052	6889	1.216	517	0.362	103	155	217	0	0	3	5	0	0	0	0	0	0	0	11.356	11.404	3.957	3.754	957	29180	47.164	2.803
1912	estuario2_300_07agosto2013_600ml_tot_1	4823	160.620	56.524	242	77	243	78.958	106.820	82.146	107.465	751.536	17687	9074	136	187	107.533	57.106	120.094	0.107	187.771	774670	155	0.077	-1.601	0	17764	9074	4823	1.209	338	0.260	105	154	217	0	0	2	2	0	0	0	0	0	0	0	7.079	7.423	6.986	7.233	642	13612	24.812	4.825
1913	estuario2_300_07agosto2013_600ml_tot_1	3424	155.496	57.292	83	74	244	25.016	70.633	25.808	66.669	379.990	20409	9131	52	117	97.819	44.568	101.548	0.298	119.050	532417	155	0.081	-1.529	0.029	20420	9131	3423	1.167	193	0.183	96	154	211	0	0	1	1	0	0	0	0	0	0	0	3.151	3.238	3.262	3.329	333	4204	15.124	2.869
1914	estuario2_300_07agosto2013_600ml_tot_1	2697	164.131	57.804	242	76	244	25.846	40.836	27.414	42.551	400.517	15092	9147	54	90	79.975	42.938	68.627	0.211	94.810	442661	168	-0.010	-1.638	0.037	15126	9147	2696	1.192	208	0.165	102	167	222	0	0	2	1	0	0	0	0	0	0	0	2.576	2.585	3.142	3.212	284	3853	15.239	3.443
1915	estuario2_300_07agosto2013_600ml_tot_1	3432	173.954	49.965	242	77	246	43.006	80.165	43.618	77.420	437.044	17039	9162	73	127	105.321	41.490	68.255	0.226	135.248	597010	186	-0.235	-1.425	0.058	17090	9162	3430	1.174	278	0.184	121	184	219	0	0	1	2	0	0	0	0	0	0	0	3.945	4.156	3.501	3.693	396	5596	11.626	3.586
1916	estuario2_300_07agosto2013_600ml_tot_1	7386	159.955	49.032	242	80	250	122.904	94.975	122.248	94.838	918.438	20160	9166	221	180	145.938	64.439	37.250	0.110	262.179	1181426	149	0.266	-1.143	0.257	20346	9166	7367	1.215	485	0.398	122	148	204	0	0	3	5	0	0	0	0	0	0	0	7.184	7.167	8.266	8.322	798	18418	74.424	4.343
1917	estuario2_300_07agosto2013_600ml_tot_1	2382	152.632	62.062	67	52	246	32.721	54.328	31.376	51.877	328.434	17830	9184	60	89	75.909	39.954	100.667	0.277	90.471	363570	150	0.009	-1.453	0.042	17851	9184	2381	1.159	196	0.114	91	149	215	0	0	1	1	0	0	0	0	0	0	0	2.986	3.258	3.028	3.317	294	3772	5.557	3.852
1918	estuario2_300_07agosto2013_600ml_tot_1	2287	174.583	46.710	243	102	248	48.007	33.494	47.953	33.521	369.002	23395	9187	106	60	80.399	36.218	155.649	0.211	106.921	399272	165	0.108	-1.560	0.219	23397	9187	2282	1.178	206	0.144	130	164	223	0	0	1	1	0	0	0	0	0	0	0	4.284	4.279	4.008	4.111	328	3905	11.988	1.949
1919	estuario2_300_07agosto2013_600ml_tot_1	4304	197.704	22.631	206	113	243	48.218	39.147	48.005	39.902	300.291	16082	9194	94	69	88.469	61.943	10.424	0.600	95.352	850917	202	-0.973	1.346	0	16147	9194	4304	1.085	138	0.444	190	201	209	0	0	5	6	0	0	0	0	0	0	0	2.024	2.135	2.263	2.374	322	4713	2.355	2.300
1920	estuario2_300_07agosto2013_600ml_tot_1	1188	205.989	25.326	231	122	243	25.551	27.919	25.380	28.093	165.823	18592	9220	49	49	56.327	26.854	35.775	0.543	63.891	244715	208	-0.657	-0.010	0	18635	9220	1188	1.069	69	0.096	189	207	226	0	0	3	1	0	0	0	0	0	0	0	2.660	2.668	2.519	2.546	192	1443	0.982	2.130
1921	estuario2_300_07agosto2013_600ml_tot_1	1907	167.049	46.639	243	96	244	37.051	52.637	37.264	52.137	306.333	21347	9227	63	100	82.526	29.422	115.408	0.255	100.841	318563	149	0.388	-1.380	0.052	21397	9227	1906	1.131	135	0.126	126	148	215	0	0	3	1	0	0	0	0	0	0	0	4.888	4.949	3.740	3.861	321	3256	10.999	2.063
1922	estuario2_300_07agosto2013_600ml_tot_1	1315	157.590	53.179	86	68	248	21.010	20.283	20.272	20.656	154.610	21801	9227	42	43	44.125	37.945	33.813	0.691	53.263	207231	155	0.109	-1.299	0.456	21822	9227	1309	1.057	63	0.068	107	153	205	0	0	1	1	0	0	0	0	0	0	0	1.765	1.806	1.657	1.716	166	1439	1.419	1.538
1923	estuario2_300_07agosto2013_600ml_tot_1	2639	170.163	50.430	107	94	245	23.099	58.686	23.589	58.614	377.505	22389	9230	62	108	95.192	35.298	91.876	0.233	111.571	449060	172	0.016	-1.610	0.038	22418	9230	2638	1.164	225	0.168	117	171	219	0	0	2	1	0	0	0	0	0	0	0	3.882	3.893	4.689	4.683	336	4215	12.967	1.933
1924	estuario2_300_07agosto2013_600ml_tot_1	2809	171.978	45.175	128	102	245	37.536	71.763	37.593	71.604	367.487	20985	9238	83	116	95.426	37.480	133.702	0.261	126.210	483086	168	0.171	-1.489	0.107	21010	9238	2806	1.148	173	0.172	128	167	216	0	0	2	1	0	0	0	0	0	0	0	4.795	4.835	3.537	3.535	394	4513	5.371	1.904
1925	estuario2_300_07agosto2013_600ml_tot_1	1669	164.868	46.001	243	88	243	20.655	24.286	21.383	24.679	209.238	20926	9275	48	52	50.688	41.923	97.315	0.479	54.672	275165	165	0.103	-1.163	0	20937	9275	1669	1.099	90	0.084	123	164	200	0	0	1	1	0	0	0	0	0	0	0	1.929	1.928	2.084	2.128	196	1960	2.847	2.253
1926	estuario2_300_07agosto2013_600ml_tot_1	2247	148.321	49.841	116	79	243	69.643	29.208	69.730	29.153	339.463	22019	9283	138	60	161.499	17.715	160.673	0.245	147.628	333278	125	0.752	-0.930	0	22021	9283	2247	1.148	127	0.157	111	124	191	0	0	4	1	0	0	0	0	0	0	0	7.081	7.089	8.830	8.814	392	2495	6.655	1.744
1927	estuario2_300_07agosto2013_600ml_tot_1	1784	174.348	50.302	242	70	248	29.917	25.724	29.023	27.705	262.149	21513	9306	56	60	61.000	37.237	58.774	0.326	72.863	311037	180	-0.339	-1.150	0.056	21538	9306	1783	1.150	147	0.092	130	179	219	0	0	1	1	0	0	0	0	0	0	0	2.310	2.466	2.664	2.884	228	2344	6.961	2.074
1928	estuario2_300_07agosto2013_600ml_tot_1	759	200.476	37.482	243	103	243	16.168	47.976	16.346	45.830	214.652	20675	9348	27	82	63.334	15.259	90.948	0.207	82.735	152161	210	-1.063	0.112	0	20678	9348	759	1.104	78	0.062	189	209	229	0	0	1	2	0	0	0	0	0	0	0	6.329	6.306	7.680	7.778	214	1587	1.350	2.418
1929	estuario2_300_07agosto2013_600ml_tot_1	2337	168.696	44.363	117	104	243	18.439	80.569	18.524	80.273	387.664	22762	9362	41	163	176.846	16.826	79.719	0.195	165.922	394243	157	0.341	-1.393	0	22792	9362	2337	1.155	176	0.151	127	156	212	0	0	3	1	0	0	0	0	0	0	0	8.514	8.407	11.051	10.898	404	3007	4.635	1.524
1930	estuario2_300_07agosto2013_600ml_tot_1	3035	145.594	39.079	124	85	243	31.556	34.537	31.287	34.248	233.723	23047	9369	59	70	74.507	51.865	108.085	0.698	79.025	441879.000	131	1.241	0.371	0	23082	9369	3035	1.060	60	0.252	119	130	154	0	0	7	1	0	0	0	0	0	0	0	1.817	1.830	1.942	1.951	254	3268	1.431	2.703
1931	estuario2_300_07agosto2013_600ml_tot_1	1262	156.559	40.704	130	105	243	20.965	22.087	20.965	21.973	143.681	19166	9376	41	44	45.975	34.950	126.427	0.768	46.861	197578.000	141	0.906	-0.577	0	19181	9376	1262	1.040	30	0.102	125	140	183	0	0	2	1	0	0	0	0	0	0	0	1.922	1.945	1.935	1.960	166	1334	1.685	1.446
1932	estuario2_300_07agosto2013_600ml_tot_1	4191	168.607	54.910	98	71	248	45.113	89.020	44.013	90.412	693.553	21401	9408	112	159	113.834	46.877	114.613	0.109	184.716	706631	171	-0.081	-1.539	0.286	21409	9408	4179	1.203	370	0.250	110	169	224	0	0	2	2	0	0	0	0	0	0	0	5.764	6.046	3.261	3.334	538	11903	24.354	4.842
1933	estuario2_300_07agosto2013_600ml_tot_1	1930	148.351	46.731	127	77	243	34.439	37.228	33.853	38.135	213.706	23270	9438	68	74	94.114	26.110	50.787	0.531	87.459	286318	132	0.697	-0.717	0	23321	9438	1930	1.094	79	0.120	115	131	181	0	0	3	1	0	0	0	0	0	0	0	3.619	3.635	4.290	4.308	280	2032	1.813	1.548
1934	estuario2_300_07agosto2013_600ml_tot_1	1447	165.314	52.152	243	67	243	24.387	21.252	26.040	21.440	203.622	22193	9447	61	39	52.816	34.883	171.680	0.439	61.400	239210	172	-0.123	-1.287	0	22206	9447	1447	1.108	87	0.072	115	171	211	0	0	1	1	0	0	0	0	0	0	0	2.198	2.365	2.332	2.508	196	1738	3.345	1.776
1935	estuario2_300_07agosto2013_600ml_tot_1	1545	163.647	52.221	94	74	243	27.410	38.062	29.373	36.484	214.836	22393	9453	60	67	67.688	29.062	46.215	0.421	78.237	252835	172	-0.072	-1.386	0	22442	9453	1545	1.106	93	0.085	109	171	210	0	0	1	1	0	0	0	0	0	0	0	3.230	3.509	3.436	3.691	250	2026	2.561	2.132
1936	estuario2_300_07agosto2013_600ml_tot_1	1128	181.265	33.324	187	89	243	20.079	17.354	19.451	17.518	148.953	23035	9488	44	41	41.125	34.923	29.180	0.639	49.518	204467	182	-0.373	0.326	0	23040	9488	1128	1.049	53	0.083	165	181	197	0	0	2	2	0	0	0	0	0	0	0	1.968	2.024	2.129	2.219	166	1253	0.728	2.308
1937	estuario2_300_07agosto2013_600ml_tot_1	2388	167.790	53.995	240	89	243	61.250	22.323	64.238	24.199	533.387	18057	9494	150	105	75.355	40.349	157.379	0.105	150.053	400682	153	0.128	-1.660	0	18096	9494	2388	1.156	266	0.160	114	152	227	0	0	3	1	0	0	0	0	0	0	0	9.478	9.576	4.155	4.281	505	8342	11.657	2.228
1938	estuario2_300_07agosto2013_600ml_tot_1	1389	117.031	65.747	55	52	243	22.753	19.234	23.035	18.556	151.882	21117	9530	45	40	48.513	36.455	26.919	0.757	53.263	162556	88	0.711	-1.045	0	21151	9530	1389	1.037	42	0.121	59	87	172	0	0	1	1	0	0	0	0	0	0	0	1.671	1.697	1.661	1.708	166	1485	0.506	5.217
1939	estuario2_300_07agosto2013_600ml_tot_1	2117	179.359	47.170	238	93	243	42.366	70.817	43.696	69.790	458.482	20215	9537	122	107	60.677	44.423	35.507	0.127	138.033	379703	177	0.003	-1.601	0	20243	9537	2117	1.157	185	0.156	133	176	229	0	0	5	1	0	0	0	0	0	0	0	8.336	8.477	5.035	5.094	453	6833	9.996	1.579
1940	estuario2_300_07agosto2013_600ml_tot_1	901	207.776	29.027	243	122	243	15.685	37.309	15.384	37.387	228.350	23745	9560	31	74	58.868	19.488	78.128	0.217	74.243	187206	215	-0.822	-0.190	0	23760	9560	901	1.149	104	0.078	189	214	231	0	0	2	2	0	0	0	0	0	0	0	4.567	4.618	4.943	4.903	206	1518	3.795	2.196
1941	estuario2_300_07agosto2013_600ml_tot_1	9056	159.321	58.316	53	51	243	88.209	77.943	85.091	82.222	1049.141	21484	9570	185	183	131.229	87.865	55.179	0.103	196.703	1442811	167	-0.354	-1.017	0	21610	9570	9056	1.225	554	0.388	116	166	210	0	0	5	5	0	0	0	0	0	0	0	4.783	4.783	4.699	4.640	732	21582	42.942	2.989
1942	estuario2_300_07agosto2013_600ml_tot_1	2586	169.732	47.503	239	85	244	56.643	87.703	56.838	85.815	443.203	18321	9577	97	114	75.294	43.730	35.277	0.165	130.173	438927	154	0.256	-1.394	0.039	18386	9577	2585	1.154	206	0.166	129	153	221	0	0	4	1	0	0	0	0	0	0	0	5.582	5.534	3.545	3.609	418	6350	12.331	2.692
1943	estuario2_300_07agosto2013_600ml_tot_1	3110	163.611	54.266	240	77	245	32.017	58.397	32.913	58.756	479.813	16922	9601	100	126	95.418	41.499	114.652	0.170	126.669	508830.000	151	0.156	-1.560	0.161	16936	9601	3105	1.170	272	0.185	111	150	221	0	0	3	1	0	0	0	0	0	0	0	5.610	5.762	4.144	4.156	447	6957	16.601	1.942
1944	estuario2_300_07agosto2013_600ml_tot_1	2784	163.768	45.921	120	80	244	29.538	52.471	30.890	50.466	287.605	17040	9624	59	99	107.697	32.914	64.425	0.423	111.140	455930	151	0.314	-1.292	0.036	17094	9624	2783	1.114	136	0.159	123	149	207	0	0	4	1	0	0	0	0	0	0	0	3.234	3.287	3.561	3.617	312	3089	4.455	1.826
1945	estuario2_300_07agosto2013_600ml_tot_1	1885	161.910	52.029	112	84	243	39.246	39.273	39.235	38.631	334.593	18902	9626	74	90	75.618	31.739	95.370	0.212	95.294	305200	144	0.302	-1.504	0	18968	9626	1885	1.134	164	0.120	113	143	217	0	0	2	1	0	0	0	0	0	0	0	4.789	5.005	3.279	3.404	323	3542	3.731	1.520
1946	estuario2_300_07agosto2013_600ml_tot_1	2229	161.344	48.221	110	96	243	27.330	44.583	27.288	45.485	352.032	22744	9643	68	113	83.771	33.879	113.891	0.226	114.127	359635	144	0.454	-1.356	0	22752	9643	2229	1.149	173	0.145	118	143	212	0	0	3	1	0	0	0	0	0	0	0	5.276	5.301	3.357	3.427	355	3864	9.012	2.037
1947	estuario2_300_07agosto2013_600ml_tot_1	1746	165.316	60.858	239	55	243	24.415	40.725	25.572	39.248	260.149	15760	9653	42	89	65.711	33.831	76.324	0.324	89.275	288642	180	-0.370	-1.287	0	15785	9653	1746	1.125	148	0.088	109	179	221	0	0	1	1	0	0	0	0	0	0	0	3.603	3.704	2.777	2.962	257	2393	2.631	2.583
1948	estuario2_300_07agosto2013_600ml_tot_1	3035	160.389	55.984	94	80	243	47.787	61.388	48.666	61.827	443.203	21067	9659	88	109	91.898	42.049	102.120	0.194	111.629	486781	155	0.133	-1.598	0	21095	9659	3035	1.159	219	0.193	102	154	218	0	0	1	1	0	0	0	0	0	0	0	4.361	4.439	3.888	3.950	390	5821	23.664	1.763
1949	estuario2_300_07agosto2013_600ml_tot_1	1905	125.950	57.088	85	62	243	27.276	23.445	26.728	23.050	177.581	15127	9661	53	49	57.101	42.477	145.225	0.759	61.717	239935	102	0.830	-0.730	0	15131	9661	1905	1.049	35	0.117	81	101	165	0	0	2	1	0	0	0	0	0	0	0	1.749	1.842	1.716	1.807	200	2008	1.083	1.551
1950	estuario2_300_07agosto2013_600ml_tot_1	1154	208.091	27.222	226	135	243	24.494	90.166	25.348	87.516	351.362	20421	9667	55	132	91.622	16.037	70.963	0.117	133.660	240137	217	-0.548	-0.896	0	20459	9667	1154	1.134	143	0.104	184	216	230	0	0	2	1	0	0	0	0	0	0	0	11.744	12.191	4.321	4.465	370	3669	1.490	3.750
1951	estuario2_300_07agosto2013_600ml_tot_1	5150	166.083	48.213	243	82	245	56.862	84.542	56.521	85.002	788.431	22558	9723	120	164	122.981	53.319	54.331	0.104	184.358	855328	153	0.242	-1.358	0.078	22667	9723	5146	1.286	352	0.276	124	152	214	0	0	5	2	0	0	0	0	0	0	0	5.117	5.259	12.204	12.096	564	8654	35.551	1.688
1952	estuario2_300_07agosto2013_600ml_tot_1	4398	164.244	45.269	153	66	243	80.045	69.992	79.921	69.946	516.500	19541	9738	106	144	117.323	47.729	101.438	0.207	163.453	722347	164	-0.107	-0.830	0	19626	9738	4398	1.157	229	0.196	133	163	198	0	0	2	2	0	0	0	0	0	0	0	4.744	4.803	5.923	5.980	496	9283	15.502	1.732
1953	estuario2_300_07agosto2013_600ml_tot_1	2576	193.656	33.502	208	67	243	40.257	30.820	39.953	31.496	296.333	16868	9745	86	74	86.730	37.817	30.562	0.369	109.786	498858	198	-0.911	1.123	0	16946	9745	2576	1.122	134	0.169	173	197	218	0	0	5	1	0	0	0	0	0	0	0	3.351	3.354	3.095	3.025	316	3326	3.248	2.529
1954	estuario2_300_07agosto2013_600ml_tot_1	935	116.540	71.785	45	43	243	21.399	19.559	21.443	18.678	128.024	18607	9745	42	36	39.144	30.413	169.098	0.717	42.297	108965	82	0.606	-1.261	0	18617	9745	935	1.033	51	0.071	52	81	189	0	0	1	1	0	0	0	0	0	0	0	2.125	2.164	2.087	2.126	152	1036	0.846	2
1955	estuario2_300_07agosto2013_600ml_tot_1	3144	169.277	52.113	112	94	255	45.946	49.460	47.496	48.217	342.274	23090	9745	96	88	96.065	41.670	134.644	0.337	105.418	532206	166	0.100	-1.620	2.354	23108	9745	3070	1.190	256	0.225	113	162	219	0	0	2	1	0	0	0	0	0	0	0	3.550	3.594	3.723	3.695	363	4576	20.006	2.906
1956	estuario2_300_07agosto2013_600ml_tot_1	4547	165.685	53.238	241	75	243	81.766	71.716	81.199	71.397	773.595	21214	9758	180	164	116.709	49.606	154.054	0.095	187.361	753369	158	0.085	-1.524	0	21273	9758	4547	1.202	383	0.250	116	157	222	0	0	4	2	0	0	0	0	0	0	0	8.665	8.765	4.392	4.476	683	15712	22	2.372
1957	estuario2_300_07agosto2013_600ml_tot_1	1505	170.763	50.296	235	68	246	27.675	31.194	26.313	30.202	225.179	21877	9766	54	57	55.473	34.544	145.831	0.373	65.069	256999	174	-0.272	-1.137	0.199	21880	9766	1502	1.141	120	0.077	128	173	216	0	0	1	3	0	0	0	0	0	0	0	2.563	2.697	2.711	2.866	218	1859	2.417	4
1958	estuario2_300_07agosto2013_600ml_tot_1	2797	157.727	55.018	95	78	244	55.839	48.244	55.623	49.242	379.505	17848	9771	77	106	95.977	37.105	102.346	0.244	125.925	441162	148	0.177	-1.523	0.072	17848	9771	2795	1.144	198	0.152	103	147	213	0	0	1	1	0	0	0	0	0	0	0	4.069	4.073	3.594	3.668	362	4835	9.615	1.655
1959	estuario2_300_07agosto2013_600ml_tot_1	3329	157.312	54.427	86	61	246	50.609	39.775	48.998	39.989	362.960	21480	9771	82	80	69.121	61.321	112.772	0.318	84.694	523691.000	158	0.021	-1.333	0.090	21529	9771	3326	1.168	233	0.152	103	157	203	0	0	2	2	0	0	0	0	0	0	0	2.448	2.496	2.496	2.553	320	4689	10.769	3.738
1960	estuario2_300_07agosto2013_600ml_tot_1	1062	202.244	24.651	216	129	250	23.119	17.580	23.012	17.852	138.853	22157	9824	46	36	41.849	32.311	168.534	0.692	46.390	214783	204	-0.252	-0.652	0.942	22180	9824	1052	1.080	79	0.083	182	203	219	0	0	2	3	0	0	0	0	0	0	0	2.101	2.142	2.002	2.094	160	1159	1.090	1.438
1961	estuario2_300_07agosto2013_600ml_tot_1	2471	155.075	59.432	92	74	253	49.673	42.145	47.952	41.724	365.286	18184	9830	95	85	83.193	37.818	142.012	0.233	99.045	383190	141	0.217	-1.620	0.850	18237	9830	2450	1.184	184	0.161	95	138	216	0	0	1	1	0	0	0	0	0	0	0	4.282	4.406	4.730	4.860	356	4373	7.693	1.829
1962	estuario2_300_07agosto2013_600ml_tot_1	3130	170.238	48.535	230	82	243	47.925	62.941	47.460	62.453	494.274	18456	9830	118	125	94.614	42.121	78.691	0.161	134.417	532845	164	0.068	-1.458	0	18456	9830	3130	1.145	247	0.171	124	163	220	0	0	2	1	0	0	0	0	0	0	0	6.439	6.542	4.059	4.069	482	7846	10.182	1.821
1963	estuario2_300_07agosto2013_600ml_tot_1	2193	139.027	55.768	67	58	243	18.561	41.272	18.713	40.739	250.693	17841	9844	41	89	89.863	31.072	95.833	0.438	91.482	304886	123	0.499	-1.056	0	17861	9844	2193	1.106	95	0.101	92	122	184	0	0	4	3	0	0	0	0	0	0	0	2.896	2.941	3.397	3.459	256	2648	3.190	1.939
1964	estuario2_300_07agosto2013_600ml_tot_1	1426	161.067	55.050	77	67	243	25.161	25.313	26.330	27.206	218.492	20098	9870	51	60	57.747	31.441	115.893	0.375	66.731	229681	164	-0.095	-1.301	0	20121	9870	1426	1.131	111	0.074	109	163	212	0	0	1	1	0	0	0	0	0	0	0	2.698	2.870	2.711	2.913	217	1779	1.961	1.981
1965	estuario2_300_07agosto2013_600ml_tot_1	3633	133.691	66.971	57	51	243	40.054	105.023	40.078	104.894	495.487	16093	9871	71	207	222.933	20.749	73.854	0.186	216.086	485701	116	0.343	-1.438	0	16156	9871	3633	1.169	207	0.199	68	115	200	0	0	2	1	0	0	0	0	0	0	0	9.317	9.139	11.942	11.705	552	4665	11.990	1.333
1966	estuario2_300_07agosto2013_600ml_tot_1	2624	161.362	51.722	242	87	243	40.651	64.147	40.987	65.002	464.174	20798	9871	107	127	88.918	37.574	98.662	0.153	137.295	423415	140	0.359	-1.477	0	20832	9871	2624	1.138	203	0.167	115	139	217	0	0	1	1	0	0	0	0	0	0	0	7.172	7.297	3.439	3.561	464	7079	11.287	1.991
1967	estuario2_300_07agosto2013_600ml_tot_1	1475	157.215	45.295	132	81	243	26.524	28.046	26.797	27.847	177.581	15099	9874	55	48	45.805	41.000	127.226	0.588	55.227	231892	146	0.471	-0.960	0	15121	9874	1475	1.070	76	0.081	122	145	193	0	0	2	2	0	0	0	0	0	0	0	2.377	2.155	2.648	2.390	202	1734	0.433	2.571
1968	estuario2_300_07agosto2013_600ml_tot_1	913	205.732	23.826	240	154	245	19.031	23.177	19.234	23.118	147.196	22146	9932	42	41	38.863	29.912	57.407	0.530	45.607	187833	208	-0.253	-1.036	0.329	22161	9932	910	1.067	82	0.073	185	207	224	0	0	2	2	0	0	0	0	0	0	0	2.388	2.338	2.640	2.537	162	1100	0.618	1.912
1969	estuario2_300_07agosto2013_600ml_tot_1	989	192.507	30.263	159	102	243	14.979	19.835	15.063	19.667	139.539	16476	9969	32	43	42.359	29.728	88.844	0.638	44.777	190389	191	-0.229	-0.517	0	16480	9969	989	1.049	57	0.070	169	190	216	0	0	4	1	0	0	0	0	0	0	0	1.787	1.907	1.960	2.116	146	1107	0.722	1.408
1970	estuario2_300_07agosto2013_600ml_tot_1	1306	142.879	46.471	109	83	243	20.688	21.353	20.868	21.412	145.439	18417	9978	40	47	46.843	35.498	85.764	0.776	48.508	186600	121	0.924	-0.563	0	18431	9978	1306	1.034	35	0.100	107	120	174	0	0	2	1	0	0	0	0	0	0	0	1.929	1.987	1.969	2.022	170	1363	0.330	1.382
1971	estuario2_300_07agosto2013_600ml_tot_1	788	213.187	24.050	242	160	244	21.198	13.237	21.283	13.232	121.296	22456	9979	40	29	39.473	25.418	168.521	0.673	41.231	167991	220	-0.575	-0.905	0.254	22480	9979	786	1.029	61	0.077	193	218	233	0	0	1	1	0	0	0	0	0	0	0	1.945	2.076	1.851	1.969	134	863	1.859	1.623
1972	estuario2_300_07agosto2013_600ml_tot_1	1359	138.562	51.918	86	81	243	25.229	19.754	25.138	20.054	148.711	22942	10000	46	42	47.198	36.661	146.455	0.772	52.202	188306.000	116	0.740	-0.911	0	22960	10000	1359	1.035	37	0.098	93	115	180	0	0	2	1	0	0	0	0	0	0	0	1.874	1.876	1.989	1.963	172	1442	0.283	1.957
1973	estuario2_300_07agosto2013_600ml_tot_1	1626	166.215	46.425	107	90	243	11.333	60.171	11.476	58.546	261.681	19749	10016	23	115	117.586	17.607	85.340	0.298	115.624	270266	158	0.217	-1.341	0	19764	10016	1626	1.125	109	0.088	124	157	211	0	0	1	2	0	0	0	0	0	0	0	5.849	5.844	7.491	7.491	272	1814	2.442	1.728
1974	estuario2_300_07agosto2013_600ml_tot_1	2922	160.394	55.897	241	85	243	58.208	31.146	59.401	34.025	525.370	20732	10031	105	130	78.468	47.413	128.281	0.133	140.769	468670	144	0.248	-1.615	0	20733	10031	2922	1.176	283	0.206	106	143	221	0	0	2	1	0	0	0	0	0	0	0	6.161	6.174	4.288	4.359	466	7832	14.032	2.772
1975	estuario2_300_07agosto2013_600ml_tot_1	3483	156.873	53.637	92	62	243	34.881	44.110	38.191	42.971	454.659	22206	10033	114	110	93.659	47.349	50.614	0.212	139.402	546387	157	0.075	-1.418	0	22259	10033	3483	1.162	209	0.172	101	156	206	0	0	1	1	0	0	0	0	0	0	0	4.515	4.554	5.042	5.170	444	7151	3.794	2.491
1976	estuario2_300_07agosto2013_600ml_tot_1	1498	153.819	56.986	243	49	247	29.766	19.839	30.550	19.700	166.409	15635	10034	55	40	49.851	38.260	4.942	0.680	55.731	230421.000	149	0.068	-1.235	0.467	15664	10034	1491	1.073	117	0.071	105	148	205	0	0	1	2	0	0	0	0	0	0	0	2.042	2.075	1.987	2.022	185	1617	3.938	2.426
1977	estuario2_300_07agosto2013_600ml_tot_1	9112	166.240	51.341	243	79	244	104.196	130.248	104.751	132.625	1473.433	23645	10084	229	309	168.704	68.770	59.019	0.053	314.784	1514779	155	0.128	-1.501	0.011	23765	10084	9111	1.248	743	0.485	118	154	219	0	0	7	2	0	0	0	0	0	0	0	10.765	11.065	12.657	12.631	1071	32247	94.469	8.017
1978	estuario2_300_07agosto2013_600ml_tot_1	1455	206.494	20.768	243	154	243	46.570	42.451	46.235	42.169	307.931	17607	10119	89	73	58.599	31.614	155.295	0.193	93.920	300449	204	0.062	-0.873	0	17607	10119	1455	1.169	111	0.128	190	203	223	0	0	3	5	0	0	0	0	0	0	0	5.720	5.839	7.262	7.329	320	3390	4.283	4.664
1979	estuario2_300_07agosto2013_600ml_tot_1	1833	193.319	37.614	240	111	243	48.244	34.037	47.636	33.813	342.132	16028	10129	87	67	90.772	25.711	146.187	0.197	108.600	354354	201	-0.446	-1.068	0	16028	10129	1833	1.188	179	0.120	160	200	225	0	0	2	2	0	0	0	0	0	0	0	4.199	4.364	2.852	2.846	304	2903	5.566	2.583
1980	estuario2_300_07agosto2013_600ml_tot_1	1024	211.624	25.603	236	141	251	34.261	26.729	33.913	26.756	265.120	20163	10129	62	47	46.953	27.768	13.493	0.183	62.968	216703	218	-0.783	-0.349	0.586	20203	10129	1018	1.192	151	0.094	195	216	233	0	0	2	4	0	0	0	0	0	0	0	3.628	3.738	4.615	4.712	214	1856	4.069	3.222
1981	estuario2_300_07agosto2013_600ml_tot_1	2788	114.682	76.724	38	33	243	60.603	59.306	58.859	60.848	345.487	14658	10130	105	113	142.172	24.968	52.100	0.294	144.972	319733	82	0.488	-1.402	0	14744	10130	2788	1.146	166	0.234	41	81	194	0	0	1	1	0	0	0	0	0	0	0	5.897	5.869	7.315	7.300	432	3839	6.877	1.561
1982	estuario2_300_07agosto2013_600ml_tot_1	1090	187.111	32.904	187	102	243	25.579	21.001	26.165	20.431	150.167	20232	10159	49	40	44.992	30.846	32.216	0.607	52.202	203951	190	-0.581	-0.068	0	20254	10159	1090	1.061	78	0.078	171	189	206	0	0	2	1	0	0	0	0	0	0	0	2.302	2.336	2.427	2.482	174	1236	0.740	2.419
1983	estuario2_300_07agosto2013_600ml_tot_1	1899	164.274	48.998	237	80	243	39.970	32.495	39.164	31.851	266.191	18253	10162	67	66	72.987	33.128	126.583	0.337	87.864	311956	164	0.043	-1.221	0	18294	10162	1899	1.131	122	0.094	120	163	205	0	0	1	1	0	0	0	0	0	0	0	3.018	3.138	2.580	2.641	261	2501	3.311	2.254
1984	estuario2_300_07agosto2013_600ml_tot_1	1472	178.555	43.161	236	110	243	27.029	34.876	27.265	34.989	225.907	23462	10163	54	70	71.517	26.207	58.827	0.362	80.920	262833	172	0.091	-1.529	0	23496	10163	1472	1.119	114	0.094	137	170	222	0	0	2	1	0	0	0	0	0	0	0	3.590	3.594	3.211	3.188	244	1908	2.357	1.911
1985	estuario2_300_07agosto2013_600ml_tot_1	1527	177.800	43.634	242	88	244	23.258	27.736	24.342	27.310	190.451	20684	10180	48	52	49.579	39.215	64.427	0.529	55.946	271501	182	-0.343	-0.951	0.065	20708	10180	1526	1.105	95	0.080	146	181	214	0	0	3	2	0	0	0	0	0	0	0	2.116	2.038	2.466	2.400	196	1794	1.455	3.594
1986	estuario2_300_07agosto2013_600ml_tot_1	1107	162.154	52.984	240	80	243	18.000	20.081	18.433	20.092	154.510	18569	10184	40	40	37.994	37.098	21.339	0.583	45.607	179504	162	0.054	-1.463	0	18596	10184	1107	1.061	102	0.057	110	161	212	0	0	2	1	0	0	0	0	0	0	0	1.844	1.842	1.868	1.971	156	1284	1.041	4.583
1987	estuario2_300_07agosto2013_600ml_tot_1	2664	158.150	52.575	100	77	250	47.395	34.953	46.876	35.886	304.233	17867	10191	102	63	86.198	39.350	149.385	0.362	107.838	421312	139	0.342	-1.423	1.014	17869	10191	2637	1.146	173	0.146	112	137	211	0	0	1	1	0	0	0	0	0	0	0	3.611	3.604	3.072	3.097	325	3349	6.270	2.196
1988	estuario2_300_07agosto2013_600ml_tot_1	1745	190.293	23.417	187	114	243	24.421	24.460	24.176	24.479	168.409	22305	10197	50	48	47.818	46.463	144.117	0.773	52.431	332062	188	0.064	0.343	0	22328	10197	1745	1.048	21	0.151	176	187	202	0	0	3	1	0	0	0	0	0	0	0	1.864	1.892	1.826	1.875	192	1856	0.209	4.246
1989	estuario2_300_07agosto2013_600ml_tot_1	1251	163.216	52.506	96	84	243	22.668	34.633	21.558	32.953	221.421	23065	10226	44	59	57.897	27.512	115.940	0.321	63.514	204183	162	0.069	-1.434	0	23078	10226	1251	1.129	122	0.072	110	161	214	0	0	1	2	0	0	0	0	0	0	0	2.647	2.924	2.914	3.194	202	1801	1.743	2.605
1990	estuario2_300_07agosto2013_600ml_tot_1	3275	164.416	56.039	96	83	243	65.741	60.966	62.475	60.480	628.382	20599	10278	138	145	76.556	54.468	170.489	0.104	158.028	538462	164	0.024	-1.618	0	20634	10278	3275	1.207	300	0.199	105	163	222	0	0	1	2	0	0	0	0	0	0	0	8.136	8.172	4.576	4.459	562	9813	15.850	2.387
1991	estuario2_300_07agosto2013_600ml_tot_1	2911	152.838	54.265	97	82	243	58.074	25.310	56.402	23.776	354.534	20207	10282	106	45	94.903	39.055	177.415	0.291	106.170	444911.000	137	0.333	-1.473	0	20269	10282	2911	1.150	195	0.190	100	136	207	0	0	2	1	0	0	0	0	0	0	0	3.060	3.092	3.560	3.606	298	3625	4.743	2.495
1992	estuario2_300_07agosto2013_600ml_tot_1	2769	167.318	46.102	132	91	243	73.924	66.113	73.007	65.403	451.914	20944	10284	119	113	90.944	38.767	132.141	0.170	135.595	463303.000	153	0.341	-1.361	0	21029	10284	2769	1.153	220	0.167	127	152	214	0	0	4	1	0	0	0	0	0	0	0	6.603	6.715	4.040	4.093	460	6162	10.679	2.214
1993	estuario2_300_07agosto2013_600ml_tot_1	2445	165.482	55.204	242	91	243	51.841	64.513	55.894	66.230	546.482	22971	10292	131	150	66.971	46.484	148.303	0.103	154.987	404604	153	0.177	-1.684	0	23100	10292	2445	1.158	221	0.180	111	152	226	0	0	2	1	0	0	0	0	0	0	0	11.005	11.129	5.144	5.177	558	9887	12.678	5.353
1994	estuario2_300_07agosto2013_600ml_tot_1	1511	160.022	53.233	85	70	243	31.379	22.245	32.533	22.833	217.279	22173	10317	70	41	61.396	31.335	168.249	0.402	71.589	241793	163	-0.009	-1.376	0	22193	10317	1511	1.108	126	0.079	104	162	207	0	0	1	1	0	0	0	0	0	0	0	2.695	2.892	2.618	2.837	218	2067	2.032	2.557
1995	estuario2_300_07agosto2013_600ml_tot_1	784	170.588	52.583	241	81	243	11.920	34.955	11.771	34.695	166.125	18423	10336	23	70	65.417	15.259	99.858	0.357	71.197	133741	180	-0.189	-1.414	0	18424	10336	784	1.079	69	0.046	119	179	219	0	0	1	1	0	0	0	0	0	0	0	4.740	4.642	5.501	5.405	181	918	1.119	1.765
1996	estuario2_300_07agosto2013_600ml_tot_1	3731	150.930	42.376	130	76	243	23.869	58.724	23.942	56.744	319.480	20939	10357	42	122	131.976	35.995	94.242	0.459	123.045	563121	141	0.621	-0.558	0	20949	10357	3731	1.089	113	0.202	120	140	176	0	0	3	1	0	0	0	0	0	0	0	3.039	3.056	3.499	3.531	324	4119	2.769	1.373
1997	estuario2_300_07agosto2013_600ml_tot_1	3433	148.872	45.739	110	88	243	63.442	26.884	60.517	26.502	346.191	21283	10369	121	49	113.152	38.630	176.869	0.360	121.594	511079.000	131	0.724	-0.829	0	21296	10369	3433	1.130	132	0.210	112	130	183	0	0	4	4	0	0	0	0	0	0	0	3.260	3.236	3.743	3.648	336	4585	4.308	1.597
1998	estuario2_300_07agosto2013_600ml_tot_1	1684	157.450	58.980	242	56	243	31.649	24.031	35.115	23.667	235.622	19119	10394	80	48	71.589	29.951	14.840	0.381	84.077	265145	170	-0.154	-1.412	0	19194	10394	1684	1.109	114	0.086	94	169	208	0	0	1	1	0	0	0	0	0	0	0	3.167	3.473	3.330	3.585	252	2387	2.964	2.876
1999	estuario2_300_07agosto2013_600ml_tot_1	1311	177.250	36.087	150	103	243	46.089	31.866	45.446	32.305	232.291	19133	10405	90	60	108.160	15.433	34.281	0.305	104.957	232375	167	0.392	-1.050	0	19214	10405	1311	1.124	79	0.088	148	166	209	0	0	2	1	0	0	0	0	0	0	0	6.133	6.145	7.800	7.828	296	1457	0.619	1.514
2000	estuario2_300_07agosto2013_600ml_tot_1	1688	167.624	54.621	242	64	243	29.627	22.284	31.641	23.615	272.693	21757	10405	80	53	64.282	33.434	161.700	0.285	82.710	282949	179	-0.264	-1.349	0	21770	10405	1688	1.134	151	0.089	111	178	215	0	0	1	2	0	0	0	0	0	0	0	3.411	3.704	3.023	3.283	262	2839	3.843	2.211
2001	estuario2_300_07agosto2013_600ml_tot_1	1132	161.088	56.129	242	62	243	20.440	25.776	21.228	24.448	181.480	17503	10428	44	46	48.323	29.827	58.741	0.432	56.223	182352	168	-0.201	-1.251	0	17523	10428	1132	1.093	96	0.052	109	167	211	0	0	1	1	0	0	0	0	0	0	0	2.246	2.316	2.145	2.231	176	1458	1.762	2.385
2002	estuario2_300_07agosto2013_600ml_tot_1	2278	170.459	42.511	128	95	243	43.763	86.136	43.602	86.577	426.558	20416	10460	88	173	209.643	13.835	65.033	0.157	188.860	388306.000	160	0.313	-1.321	0	20494	10460	2278	1.177	164	0.139	131	159	210	0	0	7	1	0	0	0	0	0	0	0	11.647	11.686	15.230	15.282	518	2629	5.768	1.556
2003	estuario2_300_07agosto2013_600ml_tot_1	950	223.084	13.536	242	192	244	20.028	19.120	20.093	19.096	150.752	22380	10474	46	34	48.747	24.813	158.270	0.525	52.631	211930	224	-0.258	-1.024	0.211	22383	10474	948	1.069	87	0.112	211	223	234	0	0	2	1	0	0	0	0	0	0	0	2.144	2.235	2.303	2.383	156	1101	4.862	2.447
2004	estuario2_300_07agosto2013_600ml_tot_1	1529	166.100	54.977	241	48	243	23.015	28.274	21.954	27.777	217.865	20005	10491	49	65	55.998	34.765	135.271	0.405	75.213	253967.000	177	-0.440	-0.961	0	20016	10491	1529	1.094	100	0.069	121	176	211	0	0	1	1	0	0	0	0	0	0	0	2.821	2.890	2.082	2.132	223	1895	2.236	2.595
2005	estuario2_300_07agosto2013_600ml_tot_1	830	206.071	42.487	253	98	255	20.971	18.127	22.038	17.591	124.953	19778	10500	41	35	45.292	23.333	33.728	0.668	45.222	171039	217	-0.966	-0.005	19.880	19801	10500	665	1.131	70	0.051	177	203	227	0	0	1	1	0	0	0	0	0	0	0	1.976	2.247	3.111	3.498	148	920	1.257	2.812
2006	estuario2_300_07agosto2013_600ml_tot_1	2893	169.518	49.290	113	97	243	48.081	38.868	48.869	39.356	392.558	22975	10504	107	67	87.253	42.216	163.133	0.236	111.683	490416	171	0.017	-1.554	0	22975	10504	2893	1.189	194	0.167	118	170	216	0	0	1	1	0	0	0	0	0	0	0	3.685	3.550	3.560	3.517	344	4182	4.708	1.940
2007	estuario2_300_07agosto2013_600ml_tot_1	1864	174.835	46.578	240	94	243	47.707	41.814	47.750	43.519	397.914	20100	10518	81	108	63.491	37.380	65.841	0.148	108.074	325893	161	0.167	-1.506	0	20177	10518	1864	1.158	177	0.125	133	160	225	0	0	2	1	0	0	0	0	0	0	0	6.518	6.510	3.845	3.900	372	4756	6.179	2.185
2008	estuario2_300_07agosto2013_600ml_tot_1	2655	165.544	47.070	243	85	244	46.412	36.793	46.619	36.888	389.671	19577	10537	117	82	94.621	35.726	43.683	0.220	125.539	439518	154	0.299	-1.294	0.075	19643	10537	2653	1.149	189	0.153	125	153	213	0	0	2	1	0	0	0	0	0	0	0	5.156	5.193	3.327	3.387	393	4604	18.688	2.167
2009	estuario2_300_07agosto2013_600ml_tot_1	3213	137.360	52.369	81	68	243	40.790	31.752	39.643	31.159	271.463	21165	10554	75	68	68.474	59.744	32.688	0.548	78.746	441338	121	0.619	-0.975	0	21185	10554	3213	1.101	147	0.184	91	120	179	0	0	1	1	0	0	0	0	0	0	0	2.103	2.102	2.310	2.391	282	3752	3.857	1.622
2010	estuario2_300_07agosto2013_600ml_tot_1	3179	145.962	58.169	73	66	243	47.211	21.443	51.401	20.320	322.877	16291	10587	119	44	99.833	40.544	179.158	0.383	119.206	464013	143	0.180	-1.428	0	16348	10587	3179	1.120	157	0.161	86	142	198	0	0	1	1	0	0	0	0	0	0	0	3.426	3.451	2.539	2.515	321	3726	5.631	2.314
2011	estuario2_300_07agosto2013_600ml_tot_1	1194	118.524	65.557	62	59	243	19.004	22.587	19.058	23.080	145.681	22532	10606	40	44	40.994	37.085	65.216	0.707	46.098	141518	80	0.788	-1.026	0	22546	10606	1194	1.047	33	0.133	64	79	178	0	0	1	1	0	0	0	0	0	0	0	1.907	1.860	1.996	2.040	164	1322	1.947	2.644
2012	estuario2_300_07agosto2013_600ml_tot_1	1114	219.154	25.883	243	134	248	39.100	24.022	37.971	24.257	323.931	18005	10633	75	48	53.092	26.716	18.560	0.133	75.664	244138.000	230	-1.273	0.569	1.616	18051	10633	1096	1.217	205	0.132	204	229	237	0	0	2	2	0	0	0	0	0	0	0	4.356	4.291	4.405	4.132	241	2246	23.805	4.590
2013	estuario2_300_07agosto2013_600ml_tot_1	7458	156.241	52.246	119	57	243	103.172	70.285	102.237	72.567	825.193	21397	10644	179	140	125.758	75.508	23.303	0.138	180.602	1165242	153	0.027	-1.145	0	21525	10644	7458	1.220	396	0.302	113	152	201	0	0	7	4	0	0	0	0	0	0	0	4.399	4.350	5.332	5.420	634	15583	37.920	4.809
2014	estuario2_300_07agosto2013_600ml_tot_1	3114	166.339	56.757	240	79	245	56.225	99.210	55.893	98.642	558.583	20086	10645	112	135	80.090	49.505	144.794	0.125	137.568	517980.000	170	-0.028	-1.646	0.096	20146	10645	3111	1.188	308	0.201	105	169	224	0	0	1	2	0	0	0	0	0	0	0	6.560	6.623	4.272	4.310	490	8266	20.234	1.860
2015	estuario2_300_07agosto2013_600ml_tot_1	860	126.458	68.708	52	50	243	14.270	26.560	14.111	26.251	135.196	19985	10682	29	52	55.014	19.904	111.236	0.591	56.080	108754	104	0.435	-1.398	0	19987	10682	860	1.042	45	0.061	60	102	194	0	0	1	1	0	0	0	0	0	0	0	2.752	2.784	3.191	3.190	158	911	0.135	2.118
2016	estuario2_300_07agosto2013_600ml_tot_1	2758	168.611	48.660	242	82	243	58.350	80.643	59.860	80.025	509.529	17980	10696	110	128	79.612	44.109	23.947	0.133	132.439	465028	153	0.247	-1.423	0	18056	10696	2758	1.161	235	0.178	126	152	221	0	0	3	1	0	0	0	0	0	0	0	6.969	7.061	4.284	4.367	472	7501	10.251	3.008
2017	estuario2_300_07agosto2013_600ml_tot_1	2542	155.994	53.165	89	74	243	36.254	28.753	39.023	27.976	261.321	16007	10719	85	57	84.934	38.107	29.599	0.468	93.536	396536	155	0.119	-1.414	0	16067	10719	2542	1.110	109	0.118	103	154	204	0	0	2	1	0	0	0	0	0	0	0	2.767	2.785	2.442	2.452	279	2874	4.532	1.705
2018	estuario2_300_07agosto2013_600ml_tot_1	8348	132.826	62.535	63	31	245	56.139	108.771	59.825	110.922	709.561	15575	10743	106	237	158.237	67.172	77.810	0.208	237.356	1108832	121	0.392	-1.235	0.024	15665	10743	8346	1.158	368	0.393	73	120	189	0	0	1	2	0	0	0	0	0	0	0	5.179	5.182	6.129	6.195	682	15423	37.494	1.814
2019	estuario2_300_07agosto2013_600ml_tot_1	684	186.955	40.147	243	119	243	52.311	11.466	51.237	11.625	201.095	23255	10809	86	24	74.211	11.735	8.714	0.213	88.769	127877	186	-0.059	-1.503	0	23335	10809	684	1.087	83	0.050	146	185	225	0	0	2	1	0	0	0	0	0	0	0	7.920	7.965	5.257	5.226	215	995	2.174	1.770
2020	estuario2_300_07agosto2013_600ml_tot_1	2807	157.707	59.713	98	78	243	50.562	83.743	45.763	83.866	587.144	19944	10815	114	174	66.846	53.466	179.445	0.102	174.072	442683.000	136	0.213	-1.667	0	19945	10815	2807	1.160	265	0.188	99	135	224	0	0	2	1	0	0	0	0	0	0	0	10.500	10.824	4.126	4.211	572	10415	11.245	1.620
2021	estuario2_300_07agosto2013_600ml_tot_1	2694	156.576	53.733	101	84	243	43.571	84.605	44.388	82.963	409.227	21869	10818	77	140	92.748	36.983	110.562	0.202	140.032	421816	139	0.350	-1.488	0	21938	10818	2694	1.144	175	0.181	105	138	213	0	0	2	1	0	0	0	0	0	0	0	6.361	6.338	4.546	4.610	430	5869	4.615	2.154
2022	estuario2_300_07agosto2013_600ml_tot_1	2792	160.539	56.721	139	37	243	34.515	35.421	35.362	32.982	308.090	15939	10826	86	74	64.228	55.348	133.124	0.370	90.139	448226	165	-0.503	-0.568	0	15955	10826	2792	1.141	145	0.114	125	164	208	0	0	5	1	0	0	0	0	0	0	0	2.821	2.989	3.262	3.582	316	3716	3.455	2.495
2023	estuario2_300_07agosto2013_600ml_tot_1	5031	151.464	54.030	132	58	243	80.369	60.140	82.552	61.505	528.365	21656	10859	169	122	151.175	42.373	32.498	0.226	181.240	762016	142	0.090	-1.183	0	21775	10859	5031	1.171	196	0.212	108	141	201	0	0	2	2	0	0	0	0	0	0	0	5.667	5.819	6.426	6.463	578	8785	16.907	3.776
2024	estuario2_300_07agosto2013_600ml_tot_1	1193	158.916	50.237	93	73	244	19.262	17.240	20.314	17.161	156.853	23052	10875	50	37	43.574	34.859	11.053	0.609	52.498	189587.000	159	0.122	-1.246	0.084	23063	10875	1192	1.058	70	0.063	111	157	201	0	0	1	1	0	0	0	0	0	0	0	2.043	2.133	2.121	2.157	169	1327	0.467	3.085
2025	estuario2_300_07agosto2013_600ml_tot_1	3913	164.200	39.824	134	99	243	36.098	131.380	36.124	131.363	600.860	22102	10884	73	260	295.613	16.854	102.590	0.136	266.552	642516	146	0.716	-0.918	0	22111	10884	3913	1.182	259	0.303	132	145	197	0	0	5	4	0	0	0	0	0	0	0	13.271	13.250	17.121	17.118	662	4701	12.776	1.374
2026	estuario2_300_07agosto2013_600ml_tot_1	1856	185.888	44.755	209	45	245	33.191	24.815	34.773	25.791	197.380	17333	10906	62	53	68.988	34.254	139.853	0.599	72.250	345009	196	-1.428	1.856	0.054	17352	10906	1855	1.078	79	0.114	170	195	216	0	0	2	3	0	0	0	0	0	0	0	2.333	2.367	2.307	2.373	226	2054	1.358	2.009
2027	estuario2_300_07agosto2013_600ml_tot_1	3215	149.559	49.143	117	62	243	40.416	85.691	40.607	85.540	415.446	16244	10917	73	169	188.491	21.717	70.442	0.234	178.059	480832	128	0.609	-0.929	0	16304	10917	3215	1.157	168	0.217	114	127	191	0	0	2	1	0	0	0	0	0	0	0	7.412	7.275	9.440	9.281	480	4115	4.923	1.094
2028	estuario2_300_07agosto2013_600ml_tot_1	8332	144.497	62.646	87	49	244	79.025	112.192	77.966	111.719	1009.100	21384	10959	141	238	138.504	76.595	76.704	0.103	242.792	1203951	127	0.205	-1.400	0.012	21468	10959	8331	1.212	611	0.403	90	126	207	0	0	3	1	0	0	0	0	0	0	0	6.035	6.062	4.644	4.684	754	18802	64.638	4.751
2029	estuario2_300_07agosto2013_600ml_tot_1	1139	187.007	34.728	242	111	243	31.853	32.057	31.665	31.803	212.451	17092	10997	60	50	49.015	29.587	164.658	0.317	72.111	213001	186	-0.055	-1.075	0	17092	10997	1139	1.091	111	0.071	158	185	216	0	0	2	1	0	0	0	0	0	0	0	3.396	3.544	2.382	2.524	215	1613	1.856	4.364
2030	estuario2_300_07agosto2013_600ml_tot_1	1520	112.103	63.846	60	56	243	21.911	22.095	21.807	22.218	158.125	21615	11018	43	45	47.264	40.947	47.495	0.764	52.631	170396	76	0.934	-0.729	0	21647	11018	1520	1.039	53	0.161	61	75	163	0	0	1	1	0	0	0	0	0	0	0	1.643	1.717	1.716	1.808	172	1595	1.569	1.569
2031	estuario2_300_07agosto2013_600ml_tot_1	10940	163.117	54.163	242	81	246	100.462	102.013	101.865	104.873	1758.026	21188	11023	219	240	151.265	92.085	112.748	0.044	252.937	1784495	148	0.203	-1.604	0.128	21395	11023	10926	1.271	1033	0.676	110	147	221	0	0	6	3	0	0	0	0	0	0	0	6.106	6.331	4.323	4.257	914	35979	135.169	3.839
2032	estuario2_300_07agosto2013_600ml_tot_1	1993	160.934	42.645	129	94	243	59.573	13.967	58.837	13.850	245.480	18773	11027	105	29	94.629	26.816	179.632	0.416	105.076	320742	151	0.457	-1.013	0	18826	11027	1993	1.097	94	0.110	124	150	193	0	0	2	1	0	0	0	0	0	0	0	4.007	4.089	4.132	4.145	263	2231	2.477	1.541
2033	estuario2_300_07agosto2013_600ml_tot_1	849	228.542	10.132	239	186	243	14.631	109.313	14.578	108.556	456.919	16061	11039	46	200	91.561	11.806	100.519	0.051	202.388	194032	230	-0.518	-0.261	0	16075	11039	849	1.138	198	0.119	220	229	236	0	0	0	1	0	0	0	0	0	0	0	34.784	34.554	36.394	36.059	488	3966	6.311	1.554
2034	estuario2_300_07agosto2013_600ml_tot_1	1859	160.980	50.861	241	87	243	48.587	43.932	48.022	43.330	311.103	18501	11039	83	83	77.455	30.559	130.612	0.241	92.179	299261	138	0.420	-1.436	0	18555	11039	1859	1.145	137	0.128	116	137	216	0	0	3	1	0	0	0	0	0	0	0	4.942	5.117	3.838	3.931	327	3359	6.850	1.488
2035	estuario2_300_07agosto2013_600ml_tot_1	5111	149.771	51.835	93	66	243	83.428	61.287	80.665	59.923	633.487	20266	11064	201	108	133.210	48.852	163.551	0.160	205.760	765479	149	0.270	-1.105	0	20312	11064	5111	1.179	287	0.236	99	148	186	0	0	3	4	0	0	0	0	0	0	0	6.527	6.756	8.417	8.638	614	12372	13.876	3.859
2036	estuario2_300_07agosto2013_600ml_tot_1	1333	191.984	44.324	242	100	249	32.799	26.105	32.672	26.484	261.706	18662	11069	63	55	49.860	34.040	51.923	0.245	63.789	255915.000	206	-0.584	-1.058	0.825	18701	11069	1322	1.166	172	0.094	150	204	230	0	0	1	1	0	0	0	0	0	0	0	3.381	3.468	2.932	3.024	232	2092	4.756	1.915
2037	estuario2_300_07agosto2013_600ml_tot_1	12839	167.230	51.453	243	69	252	159.574	112.170	159.235	113.762	1585.748	20803	11079	286	189	178.405	91.629	171.973	0.064	300.433	2147072	171	-0.136	-1.293	0.818	20905	11079	12734	1.268	1026	0.546	117	169	212	0	0	5	12	0	0	0	0	0	0	0	5.927	5.914	6.059	6.045	945	39136	149.941	3.962
2038	estuario2_300_07agosto2013_600ml_tot_1	944	163.617	53.449	240	76	243	19.901	22.476	19.025	21.899	147.924	19788	11080	37	41	38.853	30.935	104.476	0.542	42.953	154454	164	-0.024	-1.420	0	19802	11080	944	1.070	66	0.049	111	163	214	0	0	1	1	0	0	0	0	0	0	0	2.021	2.092	1.928	2.007	152	1096	1.001	2.222
2039	estuario2_300_07agosto2013_600ml_tot_1	1228	214.904	22.276	242	148	247	32.651	40.205	32.912	40.267	291.446	19130	11109	67	66	58.710	26.632	136.858	0.182	91.967	263902	220	-0.686	-0.473	1.059	19130	11109	1215	1.172	188	0.116	197	219	233	0	0	2	2	0	0	0	0	0	0	0	4.725	4.621	4.096	4.138	262	2225	8.514	3.288
2040	estuario2_300_07agosto2013_600ml_tot_1	6382	138.062	62.245	76	52	243	128.903	101.345	129.856	104.014	841.869	17058	11112	230	179	218.022	37.271	139.496	0.113	285.801	881113	115	0.442	-1.357	0	17067	11112	6382	1.229	383	0.325	82	114	201	0	0	5	1	0	0	0	0	0	0	0	8.882	9.023	11.774	11.820	814	12771	39.084	3.140
2041	estuario2_300_07agosto2013_600ml_tot_1	639	199.731	44.361	240	85	243	29.456	19.107	31.666	17.954	203.037	16626	11114	70	38	63.630	12.786	27.651	0.195	74.330	127628.000	215	-1.308	0.461	0	16678	11114	639	1.104	70	0.056	193	214	231	0	0	1	1	0	0	0	0	0	0	0	6.400	6.500	8.145	8.315	212	1297	0.427	2.612
2042	estuario2_300_07agosto2013_600ml_tot_1	2175	141.920	57.188	77	72	243	58.069	27.495	55.257	27.458	277.078	17832	11115	94	57	74.651	37.097	157.522	0.356	101.390	308675	123	0.427	-1.321	0	17832	11115	2175	1.109	107	0.129	88	122	195	0	0	1	1	0	0	0	0	0	0	0	3.645	3.744	2.414	2.416	298	3165	1.215	3.391
2043	estuario2_300_07agosto2013_600ml_tot_1	1439	102.104	66.394	45	43	243	22.092	19.190	22.437	18.890	152.267	19898	11117	48	41	46.186	39.670	9.442	0.780	49.649	146927	66	0.991	-0.571	0	19907	11117	1439	1.040	21	0.133	50	65	146	0	0	1	1	0	0	0	0	0	0	0	1.779	1.818	1.750	1.803	174	1518	0.582	3.304
2044	estuario2_300_07agosto2013_600ml_tot_1	1121	150.973	56.214	242	63	243	20.023	17.089	20.328	17.067	145.439	16961	11147	43	39	41.336	34.529	162.505	0.666	47.854	169241	151	0.098	-1.323	0	16965	11147	1121	1.045	62	0.053	96	150	198	0	0	1	1	0	0	0	0	0	0	0	1.952	1.887	2.078	1.969	160	1239	0.126	2.361
2045	estuario2_300_07agosto2013_600ml_tot_1	4168	141.540	63.040	82	45	244	70.199	85.558	70.081	83.811	633.269	20072	11148	137	152	116.805	45.434	101.137	0.131	153.062	589939	117	0.338	-1.398	0.072	20146	11148	4165	1.187	312	0.207	87	116	207	0	0	3	2	0	0	0	0	0	0	0	6.803	6.678	5.414	5.306	573	10842	34.593	2.278
2046	estuario2_300_07agosto2013_600ml_tot_1	3309	179.201	46.130	239	83	250	60.759	51.239	59.149	50.812	608.666	17471	11149	125	137	87.709	48.036	144.370	0.112	155.416	592975	181	-0.112	-1.374	0.242	17512	11149	3301	1.210	308	0.197	134	179	226	0	0	4	2	0	0	0	0	0	0	0	6.640	6.951	4.170	4.292	520	9080	21.737	5.020
2047	estuario2_300_07agosto2013_600ml_tot_1	1256	213.511	25.072	240	114	250	20.870	21.291	20.746	20.982	154.652	21381	11193	46	47	41.282	38.738	75.594	0.660	47.518	268170	219	-0.916	0.433	3.901	21394	11193	1207	1.153	139	0.109	196	217	232	0	0	4	2	0	0	0	0	0	0	0	2.072	2.227	2.778	2.787	182	1423	3.378	1.726
2048	estuario2_300_07agosto2013_600ml_tot_1	5853	150.720	59.828	88	70	245	66.920	68.476	62.232	68.787	764.323	19602	11254	129	140	106.284	70.116	168.306	0.126	146.860	882166	142	0.219	-1.537	0.068	19624	11254	5849	1.231	468	0.317	92	141	211	0	0	2	1	0	0	0	0	0	0	0	4.103	4.103	2.849	2.774	534	10828	32.590	2.769
2049	estuario2_300_07agosto2013_600ml_tot_1	5291	196.846	26.149	205	116	248	56.014	45.337	56.888	45.437	596.725	19984	11264	107	111	97.754	68.915	169.520	0.187	126.372	1041514	197	-0.109	-0.654	0.284	20032	11264	5276	1.215	404	0.380	177	196	215	0	0	7	8	0	0	0	0	0	0	0	2.755	2.911	2.315	2.378	432	8777	17.452	2.881
2050	estuario2_300_07agosto2013_600ml_tot_1	1083	195.089	28.207	228	119	243	17.386	25.232	17.562	25.023	153.681	15112	11275	34	52	53.098	25.969	71.480	0.576	55.471	211281	196	-0.168	-0.834	0	15132	11275	1083	1.062	58	0.076	172	195	217	0	0	2	2	0	0	0	0	0	0	0	2.278	2.345	2.165	2.280	168	1236	0.535	1.607
2051	estuario2_300_07agosto2013_600ml_tot_1	2833	149.813	63.149	84	70	249	63.328	62.398	63.040	62.999	527.245	18949	11295	134	112	82.079	43.947	98.634	0.128	134.729	424420	132	0.206	-1.649	0.247	19003	11295	2826	1.163	263	0.176	87	131	216	0	0	2	1	0	0	0	0	0	0	0	7.305	7.496	4.611	4.689	488	8507	8.723	2.250
2052	estuario2_300_07agosto2013_600ml_tot_1	5960	167.664	60.906	240	59	255	78.964	56.404	76.800	58.174	830.548	20749	11301	161	171	98.939	76.699	14.009	0.109	190.961	999278.000	172	-0.145	-1.467	5.386	20897	11301	5639	1.239	524	0.312	104	164	224	0	0	3	2	0	0	0	0	0	0	0	6.028	6.140	3.205	3.056	659	15457	61.319	2.853
2053	estuario2_300_07agosto2013_600ml_tot_1	2488	140.358	58.060	79	72	243	24.265	84.357	24.221	84.572	386.836	23376	11303	39	168	168.983	18.746	97.967	0.209	170.156	349210	120	0.495	-1.295	0	23381	11303	2488	1.151	154	0.178	85	119	196	0	0	3	1	0	0	0	0	0	0	0	8.392	8.105	10.808	10.467	410	3553	5.315	1.498
2054	estuario2_300_07agosto2013_600ml_tot_1	897	206.272	28.332	235	117	243	25.972	17.098	26.122	17.118	171.380	18327	11333	50	39	51.408	22.216	29.635	0.384	54.672	185026	210	-0.890	0.379	0	18365	11333	897	1.101	86	0.074	189	209	229	0	0	1	1	0	0	0	0	0	0	0	2.933	2.967	3.034	3.034	174	1130	2.369	2.542
2055	estuario2_300_07agosto2013_600ml_tot_1	1288	192.248	30.397	178	117	243	22.746	29.489	23.094	29.068	169.966	21497	11364	47	51	51.031	32.136	134.808	0.560	53.712	247615.000	192	-0.168	-0.904	0	21521	11364	1288	1.076	75	0.086	167	191	217	0	0	3	1	0	0	0	0	0	0	0	2.462	2.482	2.601	2.582	192	1536	1.092	1.500
2056	estuario2_300_07agosto2013_600ml_tot_1	1605	201.842	29.855	241	109	243	36.316	28.420	35.330	29.588	347.647	20537	11365	68	114	66.129	30.902	67.461	0.167	125.196	323957	206	-0.580	-0.378	0	20558	11365	1605	1.138	157	0.118	180	205	227	0	0	3	2	0	0	0	0	0	0	0	7.312	7.332	2.708	2.897	360	3551	4.185	2.850
2057	estuario2_300_07agosto2013_600ml_tot_1	2630	163.630	43.814	130	91	243	55.255	56.499	55.101	56.664	379.120	21407	11407	74	120	104.622	32.007	103.880	0.230	131.229	430347	151	0.472	-1.098	0	21475	11407	2630	1.124	168	0.153	127	150	204	0	0	2	1	0	0	0	0	0	0	0	5.166	5.283	3.426	3.495	383	4685	8.523	1.832
2058	estuario2_300_07agosto2013_600ml_tot_1	11407	151.686	56.724	243	47	243	166.728	76.352	169.058	76.834	1370.362	19977	11417	309	155	203.984	71.201	164.075	0.076	319.089	1730282	146	0.057	-1.266	0	20015	11417	11407	1.271	782	0.407	104	145	204	0	0	5	5	0	0	0	0	0	0	0	6.931	6.885	7.432	7.487	924	26248	75.765	4.435
2059	estuario2_300_07agosto2013_600ml_tot_1	1349	201.543	25.627	219	118	243	20.644	20.089	20.824	19.774	164.024	17866	11438	41	47	45.243	37.964	111.024	0.630	53.235	271882	206	-0.637	-0.051	0	17869	11438	1349	1.058	59	0.105	184	205	220	0	0	4	2	0	0	0	0	0	0	0	1.807	1.824	1.764	1.824	172	1485	0.906	2.294
2060	estuario2_300_07agosto2013_600ml_tot_1	1350	177.370	49.539	239	88	243	29.191	35.953	28.254	36.365	318.191	17080	11448	67	79	48.516	35.429	165.161	0.168	84.504	239450	173	-0.010	-1.599	0	17109	11448	1350	1.147	142	0.099	130	172	230	0	0	2	1	0	0	0	0	0	0	0	5.136	5.177	3.745	3.859	288	3202	4.842	2.516
2061	estuario2_300_07agosto2013_600ml_tot_1	2036	138.734	46.275	116	65	243	29.701	35.180	29.163	35.048	198.995	21401	11552	52	65	59.618	43.482	106.281	0.646	70.385	282462	121	0.948	-0.241	0	21422	11552	2036	1.068	74	0.152	109	120	163	0	0	3	2	0	0	0	0	0	0	0	2.246	2.140	2.533	2.433	230	2267	0.022	2.739
2062	estuario2_300_07agosto2013_600ml_tot_1	3450	179.502	33.349	149	86	243	90.488	61.689	89.957	61.570	603.436	21895	11582	194	124	147.956	29.689	29.619	0.119	224.722	619281	169	0.466	-0.952	0	22080	11582	3450	1.212	243	0.255	151	168	206	0	0	6	3	0	0	0	0	0	0	0	10.497	10.353	13.610	13.420	632	8221	7.297	1.733
2063	estuario2_300_07agosto2013_600ml_tot_1	3102	151.466	46.914	105	85	243	52.274	37.800	51.588	36.224	315.990	21209	11595	91	69	86.720	45.544	156.351	0.390	104.623	469848	135	0.630	-0.999	0	21218	11595	3102	1.127	135	0.204	110	134	189	0	0	3	2	0	0	0	0	0	0	0	2.618	2.671	2.283	2.352	316	4236	2.656	3.013
2064	estuario2_300_07agosto2013_600ml_tot_1	19276	169.972	58.518	243	64	252	118.792	154.420	121.677	149.344	2922.134	18168	11603	241	350	219.194	111.969	72.426	0.028	398.724	3276372	188	-0.284	-1.499	0.913	18366	11603	19100	1.329	1836	1.004	108	186	224	0	0	7	8	0	0	0	0	0	0	0	5.899	6.089	4.801	5.164	1178	64072	244.482	7.026
2065	estuario2_300_07agosto2013_600ml_tot_1	2895	209.410	30.519	240	117	254	107.899	52.155	107.496	52.491	711.259	18875	11607	178	146	61.256	60.174	14.550	0.072	218.662	606243	220	-0.813	-0.404	2.211	19016	11607	2831	1.208	426	0.250	185	218	233	0	0	3	1	0	0	0	0	0	0	0	12.278	12.362	7.822	7.821	644	11864	27.471	6.094
2066	estuario2_300_07agosto2013_600ml_tot_1	1452	187.260	44.664	243	79	253	29.443	17.744	28.582	18.051	200.551	17866	11614	61	40	53.428	34.603	177.476	0.454	61.522	271901	198	-0.607	-0.707	3.237	17896	11614	1405	1.153	170	0.082	151	196	220	0	0	1	1	0	0	0	0	0	0	0	2.341	2.409	2.313	2.495	197	1745	4.575	2.265
2067	estuario2_300_07agosto2013_600ml_tot_1	2329	151.979	54.782	90	71	243	48.081	45.694	47.927	45.102	366.936	18728	11621	78	106	91.657	32.353	97.734	0.217	112.161	353960	132	0.367	-1.411	0	18784	11621	2329	1.134	165	0.128	102	131	207	0	0	1	1	0	0	0	0	0	0	0	4.974	5.176	4.555	4.670	363	4463	3.942	2.512
2068	estuario2_300_07agosto2013_600ml_tot_1	1775	159.349	58.579	242	45	243	26.766	51.173	27.464	48.989	272.735	16065	11660	56	82	65.602	34.450	91.225	0.300	83.952	282844	165	-0.228	-1.273	0	16082	11660	1775	1.136	165	0.082	101	164	212	0	0	1	2	0	0	0	0	0	0	0	3.489	3.796	3.586	3.916	272	2842	2.910	3.479
2069	estuario2_300_07agosto2013_600ml_tot_1	1258	210.660	20.320	219	156	243	22.795	22.711	22.866	22.572	208.350	21096	11663	44	50	53.322	30.039	124.553	0.364	59.464	265010	212	-0.268	-0.828	0	21103	11663	1258	1.121	102	0.111	194	211	226	0	0	3	3	0	0	0	0	0	0	0	2.216	2.240	2.535	2.565	184	1597	2.711	3.073
2070	estuario2_300_07agosto2013_600ml_tot_1	5063	159.660	56.623	243	68	243	73.125	105.010	70.195	105.114	951.176	18884	11735	148	230	114.627	56.238	106.916	0.070	233.626	808358	146	0.180	-1.564	0	18959	11735	5063	1.225	445	0.283	106	145	221	0	0	3	2	0	0	0	0	0	0	0	9.746	10.063	3.958	4.062	752	19211	36.204	7.475
2071	estuario2_300_07agosto2013_600ml_tot_1	3222	162.328	51.400	242	79	243	69.745	50.973	69.400	49.399	455.529	19734	11759	106	84	74.448	55.104	46.792	0.195	117.201	523022	152	0.172	-1.391	0	19835	11759	3222	1.172	258	0.161	115	151	214	0	0	1	2	0	0	0	0	0	0	0	3.771	3.790	2.123	2.164	375	5556	7.249	2.201
2072	estuario2_300_07agosto2013_600ml_tot_1	4281	128.156	57.110	73	60	243	29.254	61.579	29.015	64.377	371.304	16786	11776	59	129	132.848	41.030	79.377	0.390	130.698	548634	104	0.718	-0.916	0	16824	11776	4281	1.121	176	0.246	79	103	173	0	0	3	2	0	0	0	0	0	0	0	3.204	3.205	3.730	3.706	372	5237	5.400	1.284
2073	estuario2_300_07agosto2013_600ml_tot_1	3283	161.936	58.424	104	78	247	63.844	110.800	66.720	110.072	673.813	20657	11795	108	201	71.422	58.526	43.730	0.091	201.559	531635	146	0.170	-1.680	0.183	20744	11795	3277	1.177	376	0.240	105	145	227	0	0	2	1	0	0	0	0	0	0	0	10.640	10.675	4.369	4.478	613	11265	30.242	5.849
2074	estuario2_300_07agosto2013_600ml_tot_1	2900	163.999	55.147	108	85	243	62.217	97.951	65.554	96.658	612.583	21877	11800	135	162	71.365	51.740	27.538	0.097	173.459	475598	148	0.189	-1.674	0	21949	11800	2900	1.174	289	0.206	110	147	224	0	0	2	1	0	0	0	0	0	0	0	10.513	10.688	5.926	6.004	589	10386	16.404	3.741
2075	estuario2_300_07agosto2013_600ml_tot_1	2916	170.039	42.717	242	87	243	117.794	66.745	119.044	67.500	594.825	17315	11816	244	120	241.117	15.398	155.103	0.104	267.935	495833.000	158	0.281	-1.115	0	17319	11816	2916	1.198	241	0.171	138	157	210	0	0	3	4	0	0	0	0	0	0	0	18.044	17.607	23.095	22.562	724	5223	7.777	1.403
2076	estuario2_300_07agosto2013_600ml_tot_1	5496	182.827	52.432	254	71	255	56.257	57.183	54.987	59.926	687.134	18080	11826	111	162	97.353	71.880	92.101	0.146	167.045	1004815	192	-0.301	-1.246	10.753	18165	11826	4905	1.262	443	0.245	129	179	220	0	0	4	5	0	0	0	0	0	0	0	4.391	4.631	4.662	4.692	542	12962	40.912	5.135
2077	estuario2_300_07agosto2013_600ml_tot_1	1297	93.911	76.672	32	28	243	22.758	19.123	22.751	19.196	145.338	15715	11830	47	38	44.567	37.054	11.800	0.772	48.052	121803	48	0.909	-0.844	0	15728	11830	1297	1.037	76	0.133	34	47	160	0	0	2	1	0	0	0	0	0	0	0	1.888	1.881	1.853	1.838	166	1362	1.157	1.385
2078	estuario2_300_07agosto2013_600ml_tot_1	2406	149.334	60.888	84	75	243	36.722	57.961	37.782	58.406	465.529	20446	11837	111	110	76.711	39.934	110.921	0.140	118.406	359297.000	131	0.279	-1.575	0	20463	11837	2406	1.150	203	0.170	88	130	213	0	0	1	1	0	0	0	0	0	0	0	6.817	6.890	4.139	4.246	438	6669	6.034	2.161
2079	estuario2_300_07agosto2013_600ml_tot_1	5405	146.020	55.342	90	62	254	105.702	69.487	106.581	69.392	543.838	19603	11854	170	141	170.985	40.248	35.039	0.230	209.781	789240.000	126	0.504	-1.204	1.591	19757	11854	5319	1.197	323	0.274	98	124	195	0	0	5	2	0	0	0	0	0	0	0	5.845	6.208	7.642	8.125	618	8650	31.697	2.550
2080	estuario2_300_07agosto2013_600ml_tot_1	1894	160.070	58.259	92	83	245	65.733	34.463	65.208	32.918	392.007	20321	11871	108	82	64.733	37.253	96.504	0.155	108.005	303172	151	0.159	-1.652	0.053	20374	11871	1893	1.132	198	0.134	100	150	223	0	0	1	1	0	0	0	0	0	0	0	6.488	6.562	3.277	3.337	375	4824	4.600	1.562
2081	estuario2_300_07agosto2013_600ml_tot_1	952	167.182	51.744	243	53	243	16.381	23.877	16.845	22.543	162.066	19225	11874	36	51	45.502	26.639	75.052	0.455	53.160	159157	169	-0.467	-0.502	0	19246	11874	952	1.079	73	0.050	138	168	209	0	0	2	1	0	0	0	0	0	0	0	2.431	2.726	2.338	2.696	170	1217	2.355	3.103
2082	estuario2_300_07agosto2013_600ml_tot_1	1128	149.684	46.823	121	77	243	30.543	17.861	30.541	17.957	158.610	19298	11874	59	36	66.703	21.531	24.085	0.563	65.299	168843	130	0.711	-0.838	0	19347	11874	1128	1.060	46	0.076	114	128	184	0	0	2	1	0	0	0	0	0	0	0	2.837	2.859	3.241	3.273	186	1203	0.280	1.531
2083	estuario2_300_07agosto2013_600ml_tot_1	1393	155.526	49.357	91	75	243	17.728	28.516	17.461	29.491	175.823	22196	11906	38	62	51.241	34.614	88.929	0.566	63.789	216648	151	0.254	-1.203	0	22207	11906	1393	1.075	74	0.069	108	150	197	0	0	1	1	0	0	0	0	0	0	0	2.471	2.529	2.324	2.424	195	1600	0.875	1.900
2084	estuario2_300_07agosto2013_600ml_tot_1	803	205.041	32.269	239	114	244	18.101	17.089	18.360	16.620	135.054	20123	11919	38	37	35.044	29.175	77.016	0.553	42.048	164648	214	-0.912	-0.044	0.374	20148	11919	800	1.064	76	0.067	184	213	231	0	0	1	1	0	0	0	0	0	0	0	2.260	2.095	2.469	2.567	146	999	0.440	2.893
2085	estuario2_300_07agosto2013_600ml_tot_1	924	220.481	15.835	243	173	243	26.488	39.069	26.432	38.926	386.274	19878	11925	47	88	59.140	19.893	72.469	0.078	94.430	203724	222	-0.491	-0.590	0	19915	11925	924	1.232	166	0.101	208	221	233	0	0	2	3	0	0	0	0	0	0	0	6.800	6.893	8.797	8.923	266	2432	5.020	2.845
2086	estuario2_300_07agosto2013_600ml_tot_1	5034	151.191	61.185	242	55	245	70.884	73.469	68.901	75.534	704.808	18537	11933	164	174	93.570	68.499	14.493	0.127	183.731	761096	147	0.105	-1.551	0.060	18537	11933	5031	1.189	406	0.245	91	146	212	0	0	2	1	0	0	0	0	0	0	0	7.483	7.877	6.021	6.222	671	14097	17.586	2.409
2087	estuario2_300_07agosto2013_600ml_tot_1	2074	164.866	58.953	231	57	243	28.685	47.851	28.117	46.795	302.818	17363	11984	53	88	78.317	33.718	115.919	0.284	95.462	341932	173	-0.312	-1.283	0	17376	11984	2074	1.153	145	0.097	113	172	220	0	0	1	1	0	0	0	0	0	0	0	3.330	3.469	3.382	3.585	277	3082	2.263	1.893
2088	estuario2_300_07agosto2013_600ml_tot_1	3573	160.501	38.230	131	106	243	52.869	78.962	53.079	79.440	434.843	18049	12015	101	162	178.772	25.447	118.606	0.237	189.528	573470	148	0.800	-0.588	0	18051	12015	3573	1.157	180	0.239	129	147	184	0	0	3	2	0	0	0	0	0	0	0	7.156	7.157	8.116	8.102	521	4399	5.028	2.172
2089	estuario2_300_07agosto2013_600ml_tot_1	4343	135.710	56.285	74	62	243	60.548	44.322	59.189	46.796	359.831	14740	12016	112	94	130.672	42.317	39.723	0.422	130.384	589388	120	0.522	-1.129	0	14829	12016	4343	1.121	161	0.229	84	119	182	0	0	3	2	0	0	0	0	0	0	0	3.320	3.387	3.493	3.584	408	4921	12.909	1.614
2090	estuario2_300_07agosto2013_600ml_tot_1	3517	133.941	64.651	64	52	243	112.112	56.814	112.450	56.764	540.399	18210	12016	220	107	255.258	17.543	24.068	0.151	239.927	471069.000	114	0.432	-1.358	0	18422	12016	3517	1.184	215	0.193	72	113	199	0	0	3	1	0	0	0	0	0	0	0	12.071	11.932	15.785	15.620	650	4438	9.516	1.676
2091	estuario2_300_07agosto2013_600ml_tot_1	2661	219.601	17.003	241	175	246	41.255	32.763	41.713	32.394	322.902	23804	12027	82	67	90.853	37.292	40.142	0.321	97.082	584357	223	-0.542	-0.713	0.150	23855	12027	2657	1.155	258	0.278	206	222	233	0	0	2	1	0	0	0	0	0	0	0	2.783	2.789	2.966	2.973	294	3437	37.885	2.050
2092	estuario2_300_07agosto2013_600ml_tot_1	865	229.005	12.979	243	175	250	16.216	34.095	16.240	34.501	316.375	22343	12043	32	71	57.547	19.138	98.799	0.109	71.701	198089	232	-1.319	1.850	0.809	22352	12043	858	1.231	189	0.126	221	231	238	0	0	2	3	0	0	0	0	0	0	0	4.316	4.435	6.070	6.287	202	1680	25.206	2.383
2093	estuario2_300_07agosto2013_600ml_tot_1	1270	165.886	52.413	242	59	243	29.087	25.620	28.056	26.843	199.037	20154	12051	52	55	52.434	30.839	55.378	0.403	65.192	210675	173	-0.284	-1.127	0	20186	12051	1270	1.106	101	0.062	121	172	210	0	0	1	1	0	0	0	0	0	0	0	2.733	2.925	3.065	3.242	210	1745	0.856	2.293
2094	estuario2_300_07agosto2013_600ml_tot_1	2454	185.559	53.281	242	86	246	57.330	65.923	61.260	69.167	742.874	20319	12084	137	140	63.143	49.483	136.789	0.056	155.641	455362	213	-0.337	-1.606	0.122	20422	12084	2451	1.219	362	0.224	126	212	235	0	0	2	1	0	0	0	0	0	0	0	10.383	10.564	4.261	4.398	550	11078	42.860	3.515
2095	estuario2_300_07agosto2013_600ml_tot_1	2256	159.917	58.762	94	74	243	51.227	60.485	53.679	59.740	429.203	17814	12119	98	110	64.993	44.196	177.467	0.154	114.843	360772	147	0.147	-1.669	0	17907	12119	2256	1.165	196	0.149	101	145	223	0	0	1	1	0	0	0	0	0	0	0	6.332	6.311	4.056	4.200	412	5525	12.539	1.551
2096	estuario2_300_07agosto2013_600ml_tot_1	6932	155.561	53.719	242	66	247	130.717	84.678	134.025	83.991	1004.573	19991	12128	256	149	185.602	47.554	16.818	0.086	265.398	1078352	140	0.247	-1.234	0.058	20120	12128	6928	1.219	545	0.352	114	139	211	0	0	7	2	0	0	0	0	0	0	0	8.540	8.613	6.082	6.071	806	20463	33.208	2.717
2097	estuario2_300_07agosto2013_600ml_tot_1	840	122.706	65.602	54	49	243	16.223	19.220	16.360	19.230	122.811	18861	12138	37	34	36.084	29.640	156.667	0.700	40.460	103073	94	0.611	-1.162	0	18866	12138	840	1.022	41	0.053	65	93	182	0	0	1	1	0	0	0	0	0	0	0	1.892	1.874	2.011	2	138	922	0.410	2.034
2098	estuario2_300_07agosto2013_600ml_tot_1	1827	167.203	48.520	239	84	243	35.754	42.684	34.736	42.592	348.149	19456	12153	85	82	69.277	33.579	174.240	0.189	92.195	305479	151	0.308	-1.406	0	19467	12153	1827	1.141	198	0.120	125	150	220	0	0	3	1	0	0	0	0	0	0	0	5.085	5.294	3.231	3.303	330	3821	4.504	1.977
2099	estuario2_300_07agosto2013_600ml_tot_1	2134	161.845	57.055	242	77	243	50.663	43.563	48.901	44.405	417.546	17883	12192	104	100	69.726	38.968	179.915	0.154	116.726	345378	156	0.094	-1.621	0	17905	12192	2134	1.153	202	0.133	102	155	221	0	0	2	1	0	0	0	0	0	0	0	6.554	6.543	4.028	4.132	403	5306	10.887	1.575
2100	estuario2_300_07agosto2013_600ml_tot_1	12710	174.306	53.549	254	76	255	129.758	92.007	129.216	90.245	1810.099	18410	12198	273	185	158.231	102.274	6.883	0.049	273.148	2215426	169	0.038	-1.523	7.931	18616	12198	11702	1.324	1083	0.637	121	156	221	0	0	10	5	0	0	0	0	0	0	0	5.356	5.430	3.921	3.930	912	35662	165.958	3.025
2101	estuario2_300_07agosto2013_600ml_tot_1	1747	165.575	55.373	241	53	243	26.074	32.262	28.534	31.261	302.919	19626	12218	69	60	63.738	34.899	34.893	0.239	83.869	289260	176	-0.293	-1.239	0	19692	12218	1747	1.174	170	0.083	115	175	215	0	0	1	1	0	0	0	0	0	0	0	2.897	3.123	3.317	3.557	254	2708	3.213	3.231
2102	estuario2_300_07agosto2013_600ml_tot_1	3456	173.729	55.956	240	86	254	62.395	69.296	65.848	74.332	669.779	21769	12221	131	154	88.793	49.557	121.305	0.097	163.404	600407	182	-0.088	-1.709	1.331	21899	12221	3410	1.214	368	0.248	113	177	229	0	0	2	1	0	0	0	0	0	0	0	7.830	7.714	5.777	5.794	566	11905	38.258	3.463
2103	estuario2_300_07agosto2013_600ml_tot_1	2783	126.504	69.596	60	45	243	72.826	73.515	74.570	71.656	412.659	16076	12222	128	116	124.417	28.480	42.272	0.205	167.765	352060	95	0.499	-1.390	0	16196	12222	2783	1.165	176	0.174	63	94	200	0	0	2	1	0	0	0	0	0	0	0	7.389	6.909	9.265	8.810	484	5532	8.359	1.792
2104	estuario2_300_07agosto2013_600ml_tot_1	3817	146.588	47.974	126	64	243	80.337	67.996	81.807	67.035	438.098	21955	12225	153	127	198.451	24.489	37.234	0.250	191.167	559527	134	0.551	-0.685	0	22099	12225	3817	1.159	169	0.202	113	133	178	0	0	4	1	0	0	0	0	0	0	0	7.285	7.146	9.107	8.921	556	5086	5.509	1.422
2105	estuario2_300_07agosto2013_600ml_tot_1	1578	168.677	39.975	132	113	243	47.668	46.288	47.589	46.525	275.487	23391	12270	94	92	136.260	14.745	43.832	0.261	124.652	266173	156	0.507	-1.153	0	23478	12270	1578	1.145	95	0.105	133	155	204	0	0	3	1	0	0	0	0	0	0	0	7.640	7.675	9.447	9.490	367	1884	1.850	1.400
2106	estuario2_300_07agosto2013_600ml_tot_1	1691	160.823	48.686	109	80	243	25.808	41.218	25.812	41.232	251.823	16696	12292	40	86	81.403	26.449	98.968	0.335	87.235	271952	145	0.378	-1.317	0	16734	12292	1691	1.108	111	0.102	117	144	209	0	0	4	1	0	0	0	0	0	0	0	3.543	3.658	3.131	3.174	248	2347	1.335	1.655
2107	estuario2_300_07agosto2013_600ml_tot_1	1730	199.535	27.057	240	127	249	34.882	20.203	34.258	20.666	225.078	21551	12299	72	44	67.235	32.761	8.101	0.429	72.443	345196	200	-0.209	-0.842	0.751	21569	12299	1717	1.132	137	0.124	178	199	221	0	0	4	3	0	0	0	0	0	0	0	2.699	2.518	2.589	2.538	228	2303	3.835	2.483
2108	estuario2_300_07agosto2013_600ml_tot_1	4800	156.259	55.815	240	74	243	75.727	79.861	76.752	79.372	883.561	19199	12307	181	148	115.766	52.792	16.185	0.077	189.528	750045	138	0.299	-1.492	0	19243	12307	4800	1.208	389	0.268	106	137	217	0	0	4	2	0	0	0	0	0	0	0	7.411	7.746	4.791	4.918	654	15651	25.595	5.926
2109	estuario2_300_07agosto2013_600ml_tot_1	3423	154.137	56.394	243	45	243	91.932	58.908	93.370	58.817	553.009	18152	12308	175	138	161.536	26.980	38.938	0.141	200.529	527610	149	0.128	-1.350	0	18278	12308	3423	1.199	233	0.149	103	148	209	0	0	3	2	0	0	0	0	0	0	0	9.827	10.101	10.656	10.527	620	7585	21.173	3.976
2110	estuario2_300_07agosto2013_600ml_tot_1	665	197.714	36.102	242	119	247	25.849	11.527	24.770	11.521	139.439	16491	12339	46	23	45.804	18.485	175.907	0.430	48.104	131480	203	-0.296	-1.300	1.654	16525	12339	654	1.083	70	0.053	163	201	231	0	0	1	1	0	0	0	0	0	0	0	2.369	2.566	1.867	2.081	134	862	3.212	2
2111	estuario2_300_07agosto2013_600ml_tot_1	1851	158.680	56.612	102	82	243	37.231	47.510	39.333	47.227	376.985	20958	12361	102	82	58.361	40.383	30.884	0.164	108.931	293717	141	0.230	-1.623	0	20985	12361	1851	1.151	169	0.121	104	140	220	0	0	2	1	0	0	0	0	0	0	0	6.112	6.129	4.785	4.926	364	4768	5.492	2.250
2112	estuario2_300_07agosto2013_600ml_tot_1	2379	154.715	52.349	107	76	243	46.235	66.021	45.309	64.869	370.333	18549	12380	101	88	88.053	34.400	154.654	0.218	128.144	368066	135	0.453	-1.326	0	18554	12380	2379	1.134	170	0.140	109	134	211	0	0	3	1	0	0	0	0	0	0	0	5.022	5.029	3.354	3.408	374	4548	3.598	2.067
2113	estuario2_300_07agosto2013_600ml_tot_1	2228	154.747	52.570	103	73	243	43.160	48.727	42.834	48.110	341.948	18431	12413	64	104	90.931	31.197	105.325	0.239	104.480	344777	135	0.402	-1.372	0	18491	12413	2228	1.142	154	0.133	107	134	207	0	0	3	1	0	0	0	0	0	0	0	4.494	4.641	4.643	4.691	332	3869	5.550	1.801
2114	estuario2_300_07agosto2013_600ml_tot_1	2198	167.531	47.824	116	93	244	50.202	27.844	49.319	28.567	395.487	21442	12413	103	88	80.500	34.765	27.972	0.177	106.832	368234	149	0.335	-1.470	0.045	21536	12413	2197	1.164	193	0.148	124	148	218	0	0	2	1	0	0	0	0	0	0	0	5.578	5.808	4.623	4.689	377	4630	8.661	2.852
2115	estuario2_300_07agosto2013_600ml_tot_1	1388	130.965	56.496	80	65	243	18.161	24.579	18.509	25.267	162.853	20038	12415	37	54	53.041	33.319	87.505	0.658	55.317	181780	106	0.763	-0.901	0	20060	12415	1388	1.054	52	0.092	82	105	175	0	0	2	1	0	0	0	0	0	0	0	1.930	2.093	2.067	2.248	178	1496	0.318	2.250
2116	estuario2_300_07agosto2013_600ml_tot_1	1247	93.926	74.861	33	29	243	21.628	19.418	21.774	19.529	138.368	16856	12416	41	42	44.535	35.651	132.009	0.818	47.634	117126	50	0.912	-0.795	0	16878	12416	1247	1.027	20	0.125	35	49	152	0	0	1	1	0	0	0	0	0	0	0	1.841	1.832	1.853	1.839	162	1294	0.327	1.957
2117	estuario2_300_07agosto2013_600ml_tot_1	2147	165.718	55.162	240	75	244	42.518	37.971	43.991	38.935	411.955	15064	12458	106	93	73.055	37.419	142.470	0.159	107.517	355797	154	0.137	-1.622	0.047	15067	12458	2146	1.178	184	0.148	112	153	226	0	0	3	1	0	0	0	0	0	0	0	6.189	6.337	4.775	4.896	392	4926	16.294	1.646
2118	estuario2_300_07agosto2013_600ml_tot_1	965	183.344	37.765	182	104	243	21.261	18.720	21.005	18.552	154.024	21816	12479	38	40	40.405	30.409	113.752	0.511	50.329	176927	186	-0.202	-1.072	0	21842	12479	965	1.068	59	0.056	151	185	215	0	0	2	1	0	0	0	0	0	0	0	1.875	1.890	2.028	2.039	152	1232	0.233	1.688
2119	estuario2_300_07agosto2013_600ml_tot_1	2656	164.408	51.995	233	64	243	58.981	50.599	56.735	50.457	435.931	19980	12480	130	79	93.960	35.991	10.701	0.176	139.531	436667	163	-0.176	-1.072	0	20103	12480	2656	1.175	174	0.116	127	162	211	0	0	3	4	0	0	0	0	0	0	0	5.516	5.424	7.093	7.122	414	6907	8.192	2.683
2120	estuario2_300_07agosto2013_600ml_tot_1	1832	169.115	47.109	241	98	243	77.511	55.285	77.387	55.438	401.529	19754	12503	156	99	172.287	13.539	30.943	0.143	182.321	309819	161	0.198	-1.459	0	19905	12503	1832	1.175	154	0.109	124	160	216	0	0	3	1	0	0	0	0	0	0	0	13.069	12.808	16.821	16.482	506	2938	3.384	1.724
2121	estuario2_300_07agosto2013_600ml_tot_1	1968	153.267	42.557	123	79	243	33.987	46.111	34.305	46.569	244.676	18432	12517	69	91	113.449	22.087	125.698	0.413	106.330	301629	136	0.795	-0.559	0	18436	12517	1968	1.116	85	0.141	122	135	182	0	0	3	1	0	0	0	0	0	0	0	4.613	4.677	5.544	5.617	316	2105	1.591	1.640
2122	estuario2_300_07agosto2013_600ml_tot_1	1609	166.932	48.744	96	75	243	28.479	52.903	28.060	50.843	249.765	23080	12541	51	85	67.422	30.385	97.994	0.324	85.094	268593	170	-0.075	-1.255	0	23102	12541	1609	1.118	132	0.083	121	169	208	0	0	1	2	0	0	0	0	0	0	0	3.800	4.167	3.567	3.878	267	2532	3.321	3.857
2123	estuario2_300_07agosto2013_600ml_tot_1	1548	179.762	42.714	243	97	243	55.180	22.633	54.886	22.532	271.723	16763	12566	116	42	125.240	15.738	164.861	0.263	119.570	278272	190	-0.348	-1.072	0	16769	12566	1548	1.130	111	0.088	144	189	212	0	0	1	2	0	0	0	0	0	0	0	6.902	6.890	8.331	8.376	312	1879	3.442	1.651
2124	estuario2_300_07agosto2013_600ml_tot_1	659	212.457	22.477	239	164	244	14.767	17.318	14.799	17.390	106.368	19181	12580	30	33	32.082	26.153	114.392	0.732	33.956	140009	217	-0.422	-1.032	0.152	19194	12580	658	1.006	60	0.060	193	215	231	0	0	1	1	0	0	0	0	0	0	0	1.973	1.995	1.794	1.862	122	711	1.458	2.039
2125	estuario2_300_07agosto2013_600ml_tot_1	764	215.915	23.146	222	149	255	23.911	18.813	23.781	18.895	127.196	21429	12602	40	38	34.494	28.201	27.306	0.593	42.720	164959	218	-0.404	-0.426	10.209	21460	12602	686	1.111	79	0.064	198	213	228	0	0	3	3	0	0	0	0	0	0	0	2.545	2.378	2.622	2.457	152	904	0.048	4.483
2126	estuario2_300_07agosto2013_600ml_tot_1	997	121.704	62.087	66	59	246	18.183	18.940	17.889	19.285	126.811	17182	12610	37	36	36.872	34.428	48.397	0.779	41.231	121339	89	0.813	-0.911	0.100	17193	12610	996	1.019	31	0.078	70	88	174	0	0	1	1	0	0	0	0	0	0	0	1.650	1.758	1.641	1.786	142	1065	0.768	2.452
2127	estuario2_300_07agosto2013_600ml_tot_1	2539	141.888	47.724	106	77	243	61.578	45.285	61.373	45.306	321.245	21787	12621	121	90	154.048	20.985	145.254	0.309	140.663	360254	121	0.925	-0.549	0	21797	12621	2539	1.143	117	0.182	107	120	173	0	0	5	2	0	0	0	0	0	0	0	6.273	6.278	7.637	7.655	417	2719	3.898	1.383
2128	estuario2_300_07agosto2013_600ml_tot_1	2328	177.607	50.699	239	65	243	36.298	42.015	39.124	41.637	449.428	21557	12625	111	94	74.116	39.993	40.442	0.145	120.308	413468	188	-0.467	-1.059	0	21665	12625	2328	1.202	241	0.122	135	187	222	0	0	2	3	0	0	0	0	0	0	0	5.856	5.964	5.932	6.127	406	5047	10.202	4.771
2129	estuario2_300_07agosto2013_600ml_tot_1	4835	191.104	18.380	187	125	243	42.031	37.295	42.361	36.904	276.735	19470	12626	86	74	88.714	69.393	19.519	0.793	90.377	923987	189	0.491	0.786	0	19518	12626	4835	1.056	64	0.499	179	188	198	0	0	7	6	0	0	0	0	0	0	0	1.848	1.846	1.799	1.835	316	5019	0.775	1.722
2130	estuario2_300_07agosto2013_600ml_tot_1	1683	180.272	39.779	192	91	243	20.618	43.160	21.279	42.064	240.309	21730	12659	45	68	49.524	43.269	116.467	0.366	70.605	303397	183	-0.221	-0.926	0	21754	12659	1683	1.110	123	0.093	148	182	213	0	0	3	1	0	0	0	0	0	0	0	2.479	2.592	2.076	2.052	222	2258	3.753	3.096
2131	estuario2_300_07agosto2013_600ml_tot_1	993	134.140	59.420	75	70	243	21.929	15.900	22.304	16.156	127.296	16297	12669	46	31	42.499	29.750	6.643	0.770	46.690	133201	106	0.658	-1.143	0	16313	12669	993	1.024	40	0.074	82	105	188	0	0	1	1	0	0	0	0	0	0	0	2.026	2.054	1.912	1.943	150	1052	0.119	1.748
2132	estuario2_300_07agosto2013_600ml_tot_1	2453	174.589	40.424	140	105	243	60.902	46.908	61.662	46.612	425.161	23154	12681	103	86	82.561	37.830	1.139	0.171	110.693	428266	161	0.324	-1.316	0	23253	12681	2453	1.184	188	0.164	140	160	215	0	0	5	1	0	0	0	0	0	0	0	4.874	4.919	3.965	4.054	374	5018	10.355	2.406
2133	estuario2_300_07agosto2013_600ml_tot_1	649	204.484	28.547	242	125	243	24.358	13.062	23.934	13.009	124.368	19706	12724	46	23	41.158	20.077	3.841	0.527	46.271	132710	211	-0.665	-0.394	0	19729	12724	649	1.050	53	0.054	184	210	227	0	0	2	1	0	0	0	0	0	0	0	2.605	2.486	2.908	2.919	134	767	0.682	1.837
2134	estuario2_300_07agosto2013_600ml_tot_1	1571	142.814	45.537	109	81	243	28.865	25.872	28.792	26.144	168.652	18675	12767	51	53	45.813	43.661	64.461	0.694	53.151	224361	124	0.966	-0.424	0	18710	12767	1571	1.060	92	0.112	108	123	171	0	0	3	1	0	0	0	0	0	0	0	2.227	2.352	2.305	2.469	204	1754	0.851	2.205
2135	estuario2_300_07agosto2013_600ml_tot_1	2131	220.726	18.846	242	151	249	179.691	35.738	178.900	35.551	851.294	14697	12773	327	60	128.142	21.174	177.466	0.037	327.153	470367	225	-1.008	0.596	0.282	15022	12773	2125	1.197	407	0.234	209	224	235	0	0	3	5	0	0	0	0	0	0	0	36.167	36.223	34.712	34.747	770	11955	29.680	6.693
2136	estuario2_300_07agosto2013_600ml_tot_1	4247	124.924	68.455	49	44	244	30.662	72.105	30.539	85.321	493.446	20227	12773	59	195	151.967	35.583	87.707	0.219	195.576	530551	128	0.316	-1.335	0.024	20271	12773	4246	1.153	220	0.336	53	127	182	0	0	1	2	0	0	0	0	0	0	0	6.324	6.719	8.037	8.462	504	7157	14.318	3.878
2137	estuario2_300_07agosto2013_600ml_tot_1	2472	144.692	55.285	88	78	243	44.361	76.636	44.236	76.805	370.860	18196	12834	73	148	147.090	21.398	66.403	0.226	160.328	357678	124	0.518	-1.279	0	18258	12834	2472	1.157	136	0.180	92	123	198	0	0	6	1	0	0	0	0	0	0	0	7.802	7.375	9.796	9.249	438	3871	3.173	1.199
2138	estuario2_300_07agosto2013_600ml_tot_1	1685	158.312	57.190	77	65	243	29.781	28.627	32.182	30.787	232.149	19339	12835	73	65	75.016	28.599	140.685	0.393	82.879	266756	165	-0.088	-1.412	0	19359	12835	1685	1.113	96	0.080	99	164	211	0	0	1	2	0	0	0	0	0	0	0	3.598	3.939	3.565	3.904	271	2282	2.253	1.933
2139	estuario2_300_07agosto2013_600ml_tot_1	1179	198.613	26.898	185	132	243	15.654	30.710	15.525	30.116	155.338	15683	12863	34	54	52.352	28.674	105.150	0.614	58.181	234165	200	-0.301	-0.650	0	15686	12863	1179	1.056	56	0.088	180	199	219	0	0	4	2	0	0	0	0	0	0	0	2.148	2.337	2.013	2.172	172	1317	0.426	3.450
2140	estuario2_300_07agosto2013_600ml_tot_1	706	171.157	40.860	154	111	243	23.394	12.431	23.331	12.560	121.882	19719	12943	46	26	49.771	18.061	18.736	0.597	48.384	120837	160	0.382	-1.194	0	19746	12943	706	1.031	29	0.047	137	159	208	0	0	3	2	0	0	0	0	0	0	0	2.560	2.705	2.859	3.067	140	808	0.703	1.622
2141	estuario2_300_07agosto2013_600ml_tot_1	1527	172.077	44.785	122	96	243	24.963	62.249	25.638	60.647	285.321	20086	13024	50	116	130.491	14.899	70.158	0.236	123.369	262762	170	0.080	-1.409	0	20132	13024	1527	1.140	111	0.086	127	169	214	0	0	3	1	0	0	0	0	0	0	0	7.203	7.277	9.101	9.176	328	1963	0.914	1.778
2142	estuario2_300_07agosto2013_600ml_tot_1	2367	164.608	45.387	146	45	243	23.850	31.610	24.323	31.692	252.735	17845	13031	50	71	74.269	40.579	70.537	0.466	79.259	389627	154	-0.170	-0.207	0	17852	13031	2367	1.111	118	0.141	138	153	201	0	0	3	1	0	0	0	0	0	0	0	2.029	2.122	2.321	2.462	238	2743	2.531	2.022
2143	estuario2_300_07agosto2013_600ml_tot_1	1396	163.156	57.707	83	77	244	23.961	21.999	25.922	22.237	218.936	16648	13036	57	50	55.483	32.036	143.424	0.366	64.031	227766	173	-0.088	-1.582	0.072	16652	13036	1395	1.121	102	0.079	101	172	218	0	0	1	1	0	0	0	0	0	0	0	2.633	2.717	2.419	2.461	210	1835	1.496	2.243
2144	estuario2_300_07agosto2013_600ml_tot_1	1863	132.430	44.540	105	95	243	24.178	24.904	24.100	25.295	172.752	21240	13122	50	50	52.877	44.860	136.314	0.784	59.034	246717.000	108	1.403	0.434	0	21253	13122	1863	1.046	36	0.261	103	107	145	0	0	2	2	0	0	0	0	0	0	0	1.781	1.767	1.792	1.755	196	1961	0.354	1.830
2145	estuario2_300_07agosto2013_600ml_tot_1	2195	153.729	56.716	72	51	243	30.521	28.360	32.845	28.850	277.321	18766	13133	82	60	68.481	40.811	168.275	0.359	82.152	337436	156	-0.043	-1.272	0	18777	13133	2195	1.127	149	0.093	101	155	204	0	0	1	1	0	0	0	0	0	0	0	2.892	3.098	3.082	3.299	280	3099	3.632	1.702
2146	estuario2_300_07agosto2013_600ml_tot_1	1116	200.107	27.984	214	127	243	24.522	17.389	24.411	17.281	157.823	22736	13155	52	38	51.525	27.578	25.080	0.563	53.367	223319	204	-0.443	-0.681	0	22755	13155	1116	1.071	68	0.081	179	203	222	0	0	2	1	0	0	0	0	0	0	0	2.379	2.434	2.666	2.713	176	1351	0.585	2.544
2147	estuario2_300_07agosto2013_600ml_tot_1	5018	146.774	49.110	91	67	243	30.630	99.148	31.325	96.939	434.174	18643	13158	58	169	139.272	45.875	83.670	0.335	169.296	736511	137	0.437	-1.012	0	18693	13158	5018	1.123	198	0.223	104	135	185	0	0	3	4	0	0	0	0	0	0	0	4.269	4.355	4.943	5.023	450	6418	4.471	2.527
2148	estuario2_300_07agosto2013_600ml_tot_1	2335	150.320	46.504	110	81	243	25.575	65.971	25.627	65.970	327.664	19782	13162	51	133	152.228	19.530	74.453	0.273	137.361	350997	127	0.779	-0.875	0	19817	13162	2335	1.140	127	0.185	113	126	188	0	0	5	1	0	0	0	0	0	0	0	6.063	6.085	7.566	7.566	364	2553	3.672	1.629
2149	estuario2_300_07agosto2013_600ml_tot_1	2191	191.068	42.817	238	95	244	29.517	32.980	30.641	34.472	239.220	22075	13165	59	75	76.670	36.385	123.564	0.481	80.808	418630	205	-0.704	-0.747	0.046	22094	13165	2190	1.102	145	0.141	158	204	226	0	0	1	1	0	0	0	0	0	0	0	2.583	2.860	2.951	3.274	264	2602	12.869	2.020
2150	estuario2_300_07agosto2013_600ml_tot_1	2834	171.971	52.069	242	95	246	45.036	72.430	43.865	72.428	600.056	21641	13211	105	158	71.782	50.268	0.553	0.099	158.619	487367.000	158	0.134	-1.682	0.282	21655	13211	2826	1.183	329	0.217	120	157	229	0	0	2	1	0	0	0	0	0	0	0	8.656	8.806	4.157	4.209	522	8984	19.381	1.882
2151	estuario2_300_07agosto2013_600ml_tot_1	1501	198.622	29.936	243	146	243	28.788	17.740	29.001	18.107	176.309	22316	13231	56	35	57.851	33.036	0.338	0.607	57.280	298132	200	-0.109	-1.347	0	22353	13231	1501	1.069	78	0.112	170	199	226	0	0	1	1	0	0	0	0	0	0	0	1.942	1.939	1.992	1.967	178	1684	6.115	1.257
2152	estuario2_300_07agosto2013_600ml_tot_1	2861	209.597	25.458	226	110	250	31.688	56.964	31.221	57.689	377.831	22592	13233	59	105	93.475	38.970	95.012	0.252	105.802	599658	215	-0.890	0.595	0.944	22626	13233	2834	1.220	265	0.236	192	213	229	0	0	3	2	0	0	0	0	0	0	0	3.250	3.270	4.165	4.220	324	4064	10.694	2.191
2153	estuario2_300_07agosto2013_600ml_tot_1	712	201.355	29.320	228	129	243	19.650	28.869	19.244	28.237	148.894	19151	13246	39	53	60.462	14.994	123.921	0.404	61.587	143365	205	-0.476	-0.764	0	19154	13246	712	1.069	53	0.054	180	204	225	0	0	1	3	0	0	0	0	0	0	0	4.014	4.067	4.141	4.319	180	874	0.581	1.909
2154	estuario2_300_07agosto2013_600ml_tot_1	1433	159.203	53.553	81	78	243	38.268	27.920	37.893	28.020	218.250	21900	13255	68	56	68.600	26.597	43.547	0.378	86.215	228138	152	0.129	-1.389	0	21941	13255	1433	1.107	97	0.075	113	151	211	0	0	1	1	0	0	0	0	0	0	0	3.548	3.586	2.599	2.607	244	1813	0.978	2.167
2155	estuario2_300_07agosto2013_600ml_tot_1	1326	184.074	46.564	243	83	246	23.051	22.860	23.524	23.514	160.066	15924	13256	44	47	50.748	33.269	128.075	0.650	53.263	244082	195	-0.526	-0.956	0.075	15943	13256	1325	1.056	73	0.077	146	193	224	0	0	1	1	0	0	0	0	0	0	0	2.025	2.147	1.928	2.055	178	1406	4.953	2.152
2156	estuario2_300_07agosto2013_600ml_tot_1	642	180.720	44.957	242	96	243	20.073	15.488	20.976	15.567	143.681	15541	13281	46	31	40.436	20.215	1.733	0.391	46.174	116022	176	0.006	-1.509	0	15563	13281	642	1.056	86	0.046	139	175	226	0	0	1	1	0	0	0	0	0	0	0	3.093	3.203	2.795	2.917	150	850	0.633	2.619
2157	estuario2_300_07agosto2013_600ml_tot_1	1481	135.974	55.220	75	70	243	22.117	28.961	22.270	28.307	170.652	19936	13356	45	57	60.239	31.303	62.638	0.639	60.902	201377	116	0.625	-1.025	0	19958	13356	1481	1.066	54	0.091	87	115	181	0	0	1	1	0	0	0	0	0	0	0	2.395	2.394	2.489	2.505	200	1603	0.775	2.466
2158	estuario2_300_07agosto2013_600ml_tot_1	2714	181.629	40.678	241	108	244	52.908	44.369	52.878	44.438	466.884	22634	13402	114	77	96.497	35.810	154.513	0.156	128.363	492941.000	181	0.014	-1.462	0.074	22672	13402	2712	1.213	263	0.166	142	180	220	0	0	3	1	0	0	0	0	0	0	0	4.653	4.717	3.592	3.701	377	4753	5.143	2.103
2159	estuario2_300_07agosto2013_600ml_tot_1	1471	189.393	46.971	242	101	246	38.945	36.737	40.200	35.639	366.233	16620	13430	67	81	50.156	37.342	35.801	0.138	84.202	278597	208	-0.416	-1.447	0.612	16680	13430	1462	1.216	180	0.113	137	206	231	0	0	2	2	0	0	0	0	0	0	0	4.685	4.691	4.246	4.206	291	3014	15.070	2.796
2160	estuario2_300_07agosto2013_600ml_tot_1	3425	153.234	45.918	131	74	243	51.382	86.808	52.067	85.925	445.747	20065	13464	81	144	121.806	35.802	66.511	0.217	157.889	524827	140	0.525	-0.820	0	20132	13464	3425	1.159	190	0.192	121	139	187	0	0	3	5	0	0	0	0	0	0	0	5.114	5.053	6.387	6.362	446	6350	5.281	2.934
2161	estuario2_300_07agosto2013_600ml_tot_1	3276	184.309	40.390	198	105	246	37.962	43.926	36.624	42.729	458.156	22580	13470	104	97	102.329	40.762	128.264	0.196	120.221	603797	195	-0.347	-1.166	0.244	22588	13470	3268	1.181	340	0.220	143	194	214	0	0	1	5	0	0	0	0	0	0	0	4.118	4.185	3.136	3.151	398	5793	14.360	3.915
2162	estuario2_300_07agosto2013_600ml_tot_1	3150	173.489	50.274	241	86	250	28.860	71.833	28.524	71.862	525.169	18845	13475	77	129	87.996	45.578	89.647	0.144	129.468	546490	173	-0.025	-1.578	0.476	18894	13475	3135	1.203	325	0.192	122	171	223	0	0	2	1	0	0	0	0	0	0	0	4.825	4.795	3.849	3.827	408	6705	18.573	2.273
2163	estuario2_300_07agosto2013_600ml_tot_1	907	226.378	17.878	242	168	249	24.156	16.255	23.963	15.875	227.037	18177	13484	54	30	43.141	26.769	164.550	0.221	54.452	205325	235	-1.045	0.039	4.851	18181	13484	863	1.192	222	0.127	210	233	239	0	0	2	2	0	0	0	0	0	0	0	2.527	2.637	3.738	3.847	164	1225	20.458	4.364
2164	estuario2_300_07agosto2013_600ml_tot_1	1156	187.790	32.578	240	113	243	27.175	25.017	27.632	25.292	175.723	18656	13521	62	45	61.173	24.061	144.338	0.470	68	217085	186	-0.093	-0.816	0	18674	13521	1156	1.086	73	0.075	164	185	214	0	0	2	2	0	0	0	0	0	0	0	3.186	3.263	3.773	3.892	210	1476	0.301	2.059
2165	estuario2_300_07agosto2013_600ml_tot_1	3279	168.733	53.128	243	93	243	57.351	87.857	60.583	88.721	682.181	22533	13639	125	174	72.947	57.233	172.313	0.089	175.385	553276	159	0.126	-1.681	0	22656	13639	3279	1.193	357	0.231	115	158	225	0	0	3	1	0	0	0	0	0	0	0	9.566	9.757	5.040	5.130	593	11261	34.250	2.639
2166	estuario2_300_07agosto2013_600ml_tot_1	4962	169.067	45.818	242	100	249	43.042	95.786	43.395	96.861	733.151	22261	13673	118	191	140.885	44.844	81.251	0.116	192.044	838912	156	0.318	-1.431	0.202	22307	13673	4952	1.211	450	0.310	126	154	215	0	0	6	2	0	0	0	0	0	0	0	6.981	6.966	6.330	6.326	613	11956	47.269	2.021
2167	estuario2_300_07agosto2013_600ml_tot_1	1822	200.760	28.136	220	132	245	22.583	40.192	22.348	39.994	216.350	23638	13717	43	70	62.404	37.175	80.246	0.489	71.589	365785	205	-0.509	-0.655	0.055	23668	13717	1821	1.099	154	0.132	180	204	222	0	0	2	2	0	0	0	0	0	0	0	2.413	2.493	2.361	2.403	222	2088	4.959	1.988
2168	estuario2_300_07agosto2013_600ml_tot_1	2530	187.802	39.753	240	108	246	47.433	90.237	48.511	88.771	545.311	23174	13726	116	131	75.504	42.664	50.903	0.107	140.577	475138	179	0.020	-1.477	0.158	23228	13726	2526	1.188	298	0.188	151	178	230	0	0	2	1	0	0	0	0	0	0	0	8.084	8.134	5.392	5.448	490	7589	23.487	2.475
2169	estuario2_300_07agosto2013_600ml_tot_1	4245	168.606	53.700	242	86	243	80.241	53.896	78.162	56.498	661.377	21630	13876	140	144	88.411	61.134	31.441	0.122	176.026	715734	172	-0.050	-1.550	0	21747	13876	4245	1.196	370	0.252	111	171	222	0	0	1	2	0	0	0	0	0	0	0	6.440	6.210	3.958	3.766	564	12386	23.292	3.728
2170	estuario2_300_07agosto2013_600ml_tot_1	759	200.532	38.608	242	102	244	18.827	19.812	19.306	20.951	200.451	15246	13893	36	51	40.150	24.069	94.106	0.237	52.811	152204	213	-1.047	0.011	0.132	15251	13893	758	1.138	70	0.061	183	212	230	0	0	1	3	0	0	0	0	0	0	0	2.817	3	3.607	3.889	170	1426	1.155	2.625
2171	estuario2_300_07agosto2013_600ml_tot_1	2359	179.373	39.043	242	103	244	54.569	86.322	54.946	85.045	435.990	22580	13905	96	112	70.195	42.789	24.938	0.156	127.475	423141	168	0.266	-1.236	0.042	22669	13905	2358	1.147	200	0.158	147	167	218	0	0	3	1	0	0	0	0	0	0	0	6.021	6.046	3.361	3.387	411	6119	3.803	2.545
2172	estuario2_300_07agosto2013_600ml_tot_1	1777	184.219	42.283	141	114	247	45.703	56.385	46.574	55.143	334.534	23732	13946	89	77	61.879	36.564	9.473	0.200	100.648	327358	174	0.106	-1.631	0.281	23817	13946	1772	1.142	164	0.142	143	173	229	0	0	2	1	0	0	0	0	0	0	0	5.007	4.974	3.515	3.559	328	4077	10.009	2.090
2173	estuario2_300_07agosto2013_600ml_tot_1	1671	168.224	36.433	142	86	243	28.542	21.415	27.617	21.489	171.581	20237	13952	56	45	55.399	38.404	25.046	0.713	59.506	281103	164	0.356	-0.505	0	20277	13952	1671	1.059	66	0.107	141	163	189	0	0	1	2	0	0	0	0	0	0	0	2.076	2.075	2.159	2.171	198	1820	1.799	1.732
2174	estuario2_300_07agosto2013_600ml_tot_1	3238	160.413	58.316	97	84	243	42.931	60.791	44.967	63.401	621.921	19413	14122	150	155	76.623	53.806	123.467	0.105	178.393	519416	149	0.152	-1.676	0	19417	14122	3238	1.164	260	0.223	101	148	222	0	0	2	1	0	0	0	0	0	0	0	9.794	9.943	5.834	5.868	605	11783	20.971	2.323
